/* Technical Education and Skills Development Policy Program */

INSERT INTO pap_data (id,  name, pap_group_type) VALUES (1,   'TESD Policies and Plans', 'TESDPP');

INSERT INTO success_indicator_data (id,  target, measures, pap_data_id, is_accumulated, is_percentage) VALUES (1,   94, 'stakeholders who rate policies/ plans as good or better', 1, 'N', 'Y');

INSERT INTO operating_unit_data (id,  target, output, rate, operating_unit_type, success_indicator_data_id) VALUES (nextval('hibernate_sequence'),  94, 100, 106.00, 'LEYTE_PO', 1);
INSERT INTO operating_unit_data (id,  target, output, rate, operating_unit_type, success_indicator_data_id) VALUES (nextval('hibernate_sequence'),  94, 100, 106.00, 'BILIRAN_PO', 1);
INSERT INTO operating_unit_data (id,  target, output, rate, operating_unit_type, success_indicator_data_id) VALUES (nextval('hibernate_sequence'),  94, 100, 106.00, 'SOUTHERN_LEYTE_PO', 1);
INSERT INTO operating_unit_data (id,  target, output, rate, operating_unit_type, success_indicator_data_id) VALUES (nextval('hibernate_sequence'),  94, 100, 106.00, 'SAMAR_PO', 1);
INSERT INTO operating_unit_data (id,  target, output, rate, operating_unit_type, success_indicator_data_id) VALUES (nextval('hibernate_sequence'),  94, 100, 106.00, 'EASTERN_SAMAR_PO', 1);
INSERT INTO operating_unit_data (id,  target, output, rate, operating_unit_type, success_indicator_data_id) VALUES (nextval('hibernate_sequence'),  94, 100, 106.00, 'NORTHERN_SAMAR_PO', 1);
INSERT INTO operating_unit_data (id,  target, output, rate, operating_unit_type, success_indicator_data_id) VALUES (nextval('hibernate_sequence'),  94, 100, 106.00, 'TESDA_RO', 1);
INSERT INTO operating_unit_data (id,  target, output, rate, operating_unit_type, success_indicator_data_id) VALUES (nextval('hibernate_sequence'),  94, 100, 106.00, 'TOTAL', 1);

INSERT INTO success_indicator_data (id,  target, measures, pap_data_id, is_accumulated, is_percentage) VALUES (2,   7, 'Regional/Provincial TESD Plans updated', 1, 'Y', 'N');

INSERT INTO operating_unit_data (id,  target, output, rate, operating_unit_type, success_indicator_data_id) VALUES (nextval('hibernate_sequence'),  1, 1, 100.00, 'LEYTE_PO', 2);
INSERT INTO operating_unit_data (id,  target, output, rate, operating_unit_type, success_indicator_data_id) VALUES (nextval('hibernate_sequence'),  1, 1, 100.00, 'BILIRAN_PO', 2);
INSERT INTO operating_unit_data (id,  target, output, rate, operating_unit_type, success_indicator_data_id) VALUES (nextval('hibernate_sequence'),  1, 1, 100.00, 'SOUTHERN_LEYTE_PO', 2);
INSERT INTO operating_unit_data (id,  target, output, rate, operating_unit_type, success_indicator_data_id) VALUES (nextval('hibernate_sequence'),  1, 1, 100.00, 'SAMAR_PO', 2);
INSERT INTO operating_unit_data (id,  target, output, rate, operating_unit_type, success_indicator_data_id) VALUES (nextval('hibernate_sequence'),  1, 1, 100.00, 'EASTERN_SAMAR_PO', 2);
INSERT INTO operating_unit_data (id,  target, output, rate, operating_unit_type, success_indicator_data_id) VALUES (nextval('hibernate_sequence'),  1, 1, 100.00, 'NORTHERN_SAMAR_PO', 2);
INSERT INTO operating_unit_data (id,  target, output, rate, operating_unit_type, success_indicator_data_id) VALUES (nextval('hibernate_sequence'),  1, 1, 100.00, 'TESDA_RO', 2);
INSERT INTO operating_unit_data (id,  target, output, rate, operating_unit_type, success_indicator_data_id) VALUES (nextval('hibernate_sequence'),  1, 1, 100.00, 'TOTAL', 2);

INSERT INTO success_indicator_data (id,  target, measures, pap_data_id, is_accumulated, is_percentage) VALUES (3,   100, 'issued policies affecting external partners/clients deployed', 1, 'N', 'Y');

INSERT INTO operating_unit_data (id,  target, output, rate, operating_unit_type, success_indicator_data_id) VALUES (nextval('hibernate_sequence'),  100, 100, 100.00, 'LEYTE_PO', 3);
INSERT INTO operating_unit_data (id,  target, output, rate, operating_unit_type, success_indicator_data_id) VALUES (nextval('hibernate_sequence'),  100, 100, 100.00, 'BILIRAN_PO', 3);
INSERT INTO operating_unit_data (id,  target, output, rate, operating_unit_type, success_indicator_data_id) VALUES (nextval('hibernate_sequence'),  100, 100, 100.00, 'SOUTHERN_LEYTE_PO', 3);
INSERT INTO operating_unit_data (id,  target, output, rate, operating_unit_type, success_indicator_data_id) VALUES (nextval('hibernate_sequence'),  100, 100, 100.00, 'SAMAR_PO', 3);
INSERT INTO operating_unit_data (id,  target, output, rate, operating_unit_type, success_indicator_data_id) VALUES (nextval('hibernate_sequence'),  100, 100, 100.00, 'EASTERN_SAMAR_PO', 3);
INSERT INTO operating_unit_data (id,  target, output, rate, operating_unit_type, success_indicator_data_id) VALUES (nextval('hibernate_sequence'),  100, 100, 100.00, 'NORTHERN_SAMAR_PO', 3);
INSERT INTO operating_unit_data (id,  target, output, rate, operating_unit_type, success_indicator_data_id) VALUES (nextval('hibernate_sequence'),  100, 100, 100.00, 'TESDA_RO', 3);
INSERT INTO operating_unit_data (id,  target, output, rate, operating_unit_type, success_indicator_data_id) VALUES (nextval('hibernate_sequence'),  100, 100, 100.00, 'TOTAL', 3);


INSERT INTO success_indicator_data (id,  target, measures, pap_data_id, is_accumulated, is_percentage) VALUES (4,   90, 'response rate obtained', 1, 'N', 'Y');

INSERT INTO operating_unit_data (id,  target, output, rate, operating_unit_type, success_indicator_data_id) VALUES (nextval('hibernate_sequence'),  90, 90, 100.00, 'LEYTE_PO', 4);
INSERT INTO operating_unit_data (id,  target, output, rate, operating_unit_type, success_indicator_data_id) VALUES (nextval('hibernate_sequence'),  90, 90, 100.00, 'BILIRAN_PO', 4);
INSERT INTO operating_unit_data (id,  target, output, rate, operating_unit_type, success_indicator_data_id) VALUES (nextval('hibernate_sequence'),  90, 90, 100.00, 'SOUTHERN_LEYTE_PO', 4);
INSERT INTO operating_unit_data (id,  target, output, rate, operating_unit_type, success_indicator_data_id) VALUES (nextval('hibernate_sequence'),  90, 90, 100.00, 'SAMAR_PO', 4);
INSERT INTO operating_unit_data (id,  target, output, rate, operating_unit_type, success_indicator_data_id) VALUES (nextval('hibernate_sequence'),  90, 90, 100.00, 'EASTERN_SAMAR_PO', 4);
INSERT INTO operating_unit_data (id,  target, output, rate, operating_unit_type, success_indicator_data_id) VALUES (nextval('hibernate_sequence'),  90, 90, 100.00, 'NORTHERN_SAMAR_PO', 4);
INSERT INTO operating_unit_data (id,  target, output, rate, operating_unit_type, success_indicator_data_id) VALUES (nextval('hibernate_sequence'),  90, 90, 100.00, 'TESDA_RO', 4);
INSERT INTO operating_unit_data (id,  target, output, rate, operating_unit_type, success_indicator_data_id) VALUES (nextval('hibernate_sequence'),  90, 90, 100.00, 'TOTAL', 4);


INSERT INTO success_indicator_data (id,  target, measures, pap_data_id, is_accumulated, is_percentage) VALUES (5,   4, 'Quarterly updates on the Regional/ Provincial TESD Plan implementation submitted', 1, 'Y', 'N');

INSERT INTO operating_unit_data (id,  target, output, rate, operating_unit_type, success_indicator_data_id) VALUES (nextval('hibernate_sequence'),  0, 0, 0.00, 'LEYTE_PO', 5);
INSERT INTO operating_unit_data (id,  target, output, rate, operating_unit_type, success_indicator_data_id) VALUES (nextval('hibernate_sequence'),  0, 0, 0.00, 'BILIRAN_PO', 5);
INSERT INTO operating_unit_data (id,  target, output, rate, operating_unit_type, success_indicator_data_id) VALUES (nextval('hibernate_sequence'),  0, 0, 0.00, 'SOUTHERN_LEYTE_PO', 5);
INSERT INTO operating_unit_data (id,  target, output, rate, operating_unit_type, success_indicator_data_id) VALUES (nextval('hibernate_sequence'),  0, 0, 0.00, 'SAMAR_PO', 5);
INSERT INTO operating_unit_data (id,  target, output, rate, operating_unit_type, success_indicator_data_id) VALUES (nextval('hibernate_sequence'),  0, 0, 0.00, 'EASTERN_SAMAR_PO', 5);
INSERT INTO operating_unit_data (id,  target, output, rate, operating_unit_type, success_indicator_data_id) VALUES (nextval('hibernate_sequence'),  0, 0, 0.00, 'NORTHERN_SAMAR_PO', 5);
INSERT INTO operating_unit_data (id,  target, output, rate, operating_unit_type, success_indicator_data_id) VALUES (nextval('hibernate_sequence'),  0, 0, 0.00, 'TESDA_RO', 5);
INSERT INTO operating_unit_data (id,  target, output, rate, operating_unit_type, success_indicator_data_id) VALUES (nextval('hibernate_sequence'),  0, 0, 0.00, 'TOTAL', 5);

INSERT INTO success_indicator_data (id,  target, measures, pap_data_id, is_accumulated, is_percentage) VALUES (6,   2, 'policy/stakeholders fora conducted', 1, 'Y', 'N');

INSERT INTO operating_unit_data (id,  target, output, rate, operating_unit_type, success_indicator_data_id) VALUES (nextval('hibernate_sequence'),  0, 0, 0.00, 'LEYTE_PO', 6);
INSERT INTO operating_unit_data (id,  target, output, rate, operating_unit_type, success_indicator_data_id) VALUES (nextval('hibernate_sequence'),  0, 0, 0.00, 'BILIRAN_PO', 6);
INSERT INTO operating_unit_data (id,  target, output, rate, operating_unit_type, success_indicator_data_id) VALUES (nextval('hibernate_sequence'),  0, 0, 0.00, 'SOUTHERN_LEYTE_PO', 6);
INSERT INTO operating_unit_data (id,  target, output, rate, operating_unit_type, success_indicator_data_id) VALUES (nextval('hibernate_sequence'),  0, 0, 0.00, 'SAMAR_PO', 6);
INSERT INTO operating_unit_data (id,  target, output, rate, operating_unit_type, success_indicator_data_id) VALUES (nextval('hibernate_sequence'),  0, 0, 0.00, 'EASTERN_SAMAR_PO', 6);
INSERT INTO operating_unit_data (id,  target, output, rate, operating_unit_type, success_indicator_data_id) VALUES (nextval('hibernate_sequence'),  0, 0, 0.00, 'NORTHERN_SAMAR_PO', 6);
INSERT INTO operating_unit_data (id,  target, output, rate, operating_unit_type, success_indicator_data_id) VALUES (nextval('hibernate_sequence'),  2, 0, 0.00, 'TESDA_RO', 6);
INSERT INTO operating_unit_data (id,  target, output, rate, operating_unit_type, success_indicator_data_id) VALUES (nextval('hibernate_sequence'),  0, 0, 0.00, 'TOTAL', 6);


INSERT INTO success_indicator_data (id,  target, measures, pap_data_id, is_accumulated, is_percentage) VALUES (7,   3, 'COVID-responsive policies issued/ disseminated', 1, 'Y', 'N');

INSERT INTO operating_unit_data (id,  target, output, rate, operating_unit_type, success_indicator_data_id) VALUES (nextval('hibernate_sequence'),  0, 0, 0.00, 'LEYTE_PO', 7);
INSERT INTO operating_unit_data (id,  target, output, rate, operating_unit_type, success_indicator_data_id) VALUES (nextval('hibernate_sequence'),  0, 0, 0.00, 'BILIRAN_PO', 7);
INSERT INTO operating_unit_data (id,  target, output, rate, operating_unit_type, success_indicator_data_id) VALUES (nextval('hibernate_sequence'),  0, 0, 0.00, 'SOUTHERN_LEYTE_PO', 7);
INSERT INTO operating_unit_data (id,  target, output, rate, operating_unit_type, success_indicator_data_id) VALUES (nextval('hibernate_sequence'),  0, 0, 0.00, 'SAMAR_PO', 7);
INSERT INTO operating_unit_data (id,  target, output, rate, operating_unit_type, success_indicator_data_id) VALUES (nextval('hibernate_sequence'),  0, 0, 0.00, 'EASTERN_SAMAR_PO', 7);
INSERT INTO operating_unit_data (id,  target, output, rate, operating_unit_type, success_indicator_data_id) VALUES (nextval('hibernate_sequence'),  0, 0, 0.00, 'NORTHERN_SAMAR_PO', 7);
INSERT INTO operating_unit_data (id,  target, output, rate, operating_unit_type, success_indicator_data_id) VALUES (nextval('hibernate_sequence'),  3, 3, 100.00, 'TESDA_RO', 7);
INSERT INTO operating_unit_data (id,  target, output, rate, operating_unit_type, success_indicator_data_id) VALUES (nextval('hibernate_sequence'),  3, 3, 100.00, 'TOTAL', 7);



INSERT INTO pap_data (id,  name, pap_group_type) VALUES (2,   'TESD Committees', 'TESDPP');


INSERT INTO success_indicator_data (id,  target, measures, pap_data_id, is_accumulated, is_percentage) VALUES (8,   7, 'TESDCs maintained and strengthened observing the new normal protocols', 2, 'Y', 'N');

INSERT INTO operating_unit_data (id,  target, output, rate, operating_unit_type, success_indicator_data_id) VALUES (nextval('hibernate_sequence'),  1, 1, 100.00, 'LEYTE_PO', 8);
INSERT INTO operating_unit_data (id,  target, output, rate, operating_unit_type, success_indicator_data_id) VALUES (nextval('hibernate_sequence'),  1, 1, 100.00, 'BILIRAN_PO', 8);
INSERT INTO operating_unit_data (id,  target, output, rate, operating_unit_type, success_indicator_data_id) VALUES (nextval('hibernate_sequence'),  1, 1, 100.00, 'SOUTHERN_LEYTE_PO', 8);
INSERT INTO operating_unit_data (id,  target, output, rate, operating_unit_type, success_indicator_data_id) VALUES (nextval('hibernate_sequence'),  1, 1, 100.00, 'SAMAR_PO', 8);
INSERT INTO operating_unit_data (id,  target, output, rate, operating_unit_type, success_indicator_data_id) VALUES (nextval('hibernate_sequence'),  1, 1, 100.00, 'EASTERN_SAMAR_PO', 8);
INSERT INTO operating_unit_data (id,  target, output, rate, operating_unit_type, success_indicator_data_id) VALUES (nextval('hibernate_sequence'),  1, 1, 100.00, 'NORTHERN_SAMAR_PO', 8);
INSERT INTO operating_unit_data (id,  target, output, rate, operating_unit_type, success_indicator_data_id) VALUES (nextval('hibernate_sequence'),  1, 1, 100.00, 'TESDA_RO', 8);
INSERT INTO operating_unit_data (id,  target, output, rate, operating_unit_type, success_indicator_data_id) VALUES (nextval('hibernate_sequence'),  7, 7, 100.00, 'TOTAL', 8);


INSERT INTO success_indicator_data (id,  target, measures, pap_data_id, is_accumulated, is_percentage) VALUES (9,   7, 'meetings/video conferencing conducted observing the new normal protocols', 2, 'Y', 'N');

INSERT INTO operating_unit_data (id,  target, output, rate, operating_unit_type, success_indicator_data_id) VALUES (nextval('hibernate_sequence'),  1, 1, 100.00, 'LEYTE_PO', 9);
INSERT INTO operating_unit_data (id,  target, output, rate, operating_unit_type, success_indicator_data_id) VALUES (nextval('hibernate_sequence'),  1, 0, 0.00, 'BILIRAN_PO', 9);
INSERT INTO operating_unit_data (id,  target, output, rate, operating_unit_type, success_indicator_data_id) VALUES (nextval('hibernate_sequence'),  1, 0, 0.00, 'SOUTHERN_LEYTE_PO', 9);
INSERT INTO operating_unit_data (id,  target, output, rate, operating_unit_type, success_indicator_data_id) VALUES (nextval('hibernate_sequence'),  1, 0, 0.00, 'SAMAR_PO', 9);
INSERT INTO operating_unit_data (id,  target, output, rate, operating_unit_type, success_indicator_data_id) VALUES (nextval('hibernate_sequence'),  1, 0, 0.00, 'EASTERN_SAMAR_PO', 9);
INSERT INTO operating_unit_data (id,  target, output, rate, operating_unit_type, success_indicator_data_id) VALUES (nextval('hibernate_sequence'),  1, 0, 0.00, 'NORTHERN_SAMAR_PO', 9);
INSERT INTO operating_unit_data (id,  target, output, rate, operating_unit_type, success_indicator_data_id) VALUES (nextval('hibernate_sequence'),  1, 1, 0.00, 'TESDA_RO', 9);
INSERT INTO operating_unit_data (id,  target, output, rate, operating_unit_type, success_indicator_data_id) VALUES (nextval('hibernate_sequence'),  7, 2, 29.00, 'TOTAL', 9);


INSERT INTO success_indicator_data (id,  target, measures, pap_data_id, is_accumulated, is_percentage) VALUES (10,   7, 'TESDC Resolutions submitted', 2, 'Y', 'N');

INSERT INTO operating_unit_data (id,  target, output, rate, operating_unit_type, success_indicator_data_id) VALUES (nextval('hibernate_sequence'),  1, 6, 600.00, 'LEYTE_PO', 10);
INSERT INTO operating_unit_data (id,  target, output, rate, operating_unit_type, success_indicator_data_id) VALUES (nextval('hibernate_sequence'),  1, 0, 0.00, 'BILIRAN_PO', 10);
INSERT INTO operating_unit_data (id,  target, output, rate, operating_unit_type, success_indicator_data_id) VALUES (nextval('hibernate_sequence'),  1, 0, 0.00, 'SOUTHERN_LEYTE_PO', 10);
INSERT INTO operating_unit_data (id,  target, output, rate, operating_unit_type, success_indicator_data_id) VALUES (nextval('hibernate_sequence'),  1, 0, 0.00, 'SAMAR_PO', 10);
INSERT INTO operating_unit_data (id,  target, output, rate, operating_unit_type, success_indicator_data_id) VALUES (nextval('hibernate_sequence'),  1, 0, 0.00, 'EASTERN_SAMAR_PO', 10);
INSERT INTO operating_unit_data (id,  target, output, rate, operating_unit_type, success_indicator_data_id) VALUES (nextval('hibernate_sequence'),  1, 0, 0.00, 'NORTHERN_SAMAR_PO', 10);
INSERT INTO operating_unit_data (id,  target, output, rate, operating_unit_type, success_indicator_data_id) VALUES (nextval('hibernate_sequence'),  1, 0, 0.00, 'TESDA_RO', 10);
INSERT INTO operating_unit_data (id,  target, output, rate, operating_unit_type, success_indicator_data_id) VALUES (nextval('hibernate_sequence'),  7, 6, 86.00, 'TOTAL', 10);



INSERT INTO success_indicator_data (id,  target, measures, pap_data_id, is_accumulated, is_percentage) VALUES (11,   28, 'Quarterly R/PTESDC Status reports submitted', 2, 'Y', 'N');

INSERT INTO operating_unit_data (id,  target, output, rate, operating_unit_type, success_indicator_data_id) VALUES (nextval('hibernate_sequence'),  4, 0, 0.00, 'LEYTE_PO', 11);
INSERT INTO operating_unit_data (id,  target, output, rate, operating_unit_type, success_indicator_data_id) VALUES (nextval('hibernate_sequence'),  4, 0, 0.00, 'BILIRAN_PO', 11);
INSERT INTO operating_unit_data (id,  target, output, rate, operating_unit_type, success_indicator_data_id) VALUES (nextval('hibernate_sequence'),  4, 0, 0.00, 'SOUTHERN_LEYTE_PO', 11);
INSERT INTO operating_unit_data (id,  target, output, rate, operating_unit_type, success_indicator_data_id) VALUES (nextval('hibernate_sequence'),  4, 0, 0.00, 'SAMAR_PO', 11);
INSERT INTO operating_unit_data (id,  target, output, rate, operating_unit_type, success_indicator_data_id) VALUES (nextval('hibernate_sequence'),  4, 0, 0.00, 'EASTERN_SAMAR_PO', 11);
INSERT INTO operating_unit_data (id,  target, output, rate, operating_unit_type, success_indicator_data_id) VALUES (nextval('hibernate_sequence'),  4, 0, 0.00, 'NORTHERN_SAMAR_PO', 11);
INSERT INTO operating_unit_data (id,  target, output, rate, operating_unit_type, success_indicator_data_id) VALUES (nextval('hibernate_sequence'),  4, 0, 0.00, 'TESDA_RO', 11);
INSERT INTO operating_unit_data (id,  target, output, rate, operating_unit_type, success_indicator_data_id) VALUES (nextval('hibernate_sequence'),  28, 0, 0.00, 'TOTAL', 11);


INSERT INTO success_indicator_data (id,  target, measures, pap_data_id, is_accumulated, is_percentage) VALUES (12,   7, 'Annual R/PTESDC Workplan submitted', 2, 'Y', 'N');

INSERT INTO operating_unit_data (id,  target, output, rate, operating_unit_type, success_indicator_data_id) VALUES (nextval('hibernate_sequence'),  1, 1, 100.00, 'LEYTE_PO', 12);
INSERT INTO operating_unit_data (id,  target, output, rate, operating_unit_type, success_indicator_data_id) VALUES (nextval('hibernate_sequence'),  1, 1, 100.00, 'BILIRAN_PO', 12);
INSERT INTO operating_unit_data (id,  target, output, rate, operating_unit_type, success_indicator_data_id) VALUES (nextval('hibernate_sequence'),  1, 1, 100.00, 'SOUTHERN_LEYTE_PO', 12);
INSERT INTO operating_unit_data (id,  target, output, rate, operating_unit_type, success_indicator_data_id) VALUES (nextval('hibernate_sequence'),  1, 1, 100.00, 'SAMAR_PO', 12);
INSERT INTO operating_unit_data (id,  target, output, rate, operating_unit_type, success_indicator_data_id) VALUES (nextval('hibernate_sequence'),  1, 1, 100.00, 'EASTERN_SAMAR_PO', 12);
INSERT INTO operating_unit_data (id,  target, output, rate, operating_unit_type, success_indicator_data_id) VALUES (nextval('hibernate_sequence'),  1, 1, 100.00, 'NORTHERN_SAMAR_PO', 12);
INSERT INTO operating_unit_data (id,  target, output, rate, operating_unit_type, success_indicator_data_id) VALUES (nextval('hibernate_sequence'),  1, 0, 0.00, 'TESDA_RO', 12);
INSERT INTO operating_unit_data (id,  target, output, rate, operating_unit_type, success_indicator_data_id) VALUES (nextval('hibernate_sequence'),  7, 6, 86.00, 'TOTAL', 12);


INSERT INTO success_indicator_data (id,  target, measures, pap_data_id, is_accumulated, is_percentage) VALUES (13,   1, 'R/PTESDC Nominations submitted (as necessary)', 2, 'Y', 'N');

INSERT INTO operating_unit_data (id,  target, output, rate, operating_unit_type, success_indicator_data_id) VALUES (nextval('hibernate_sequence'),  1, 0, 0.00, 'LEYTE_PO', 13);
INSERT INTO operating_unit_data (id,  target, output, rate, operating_unit_type, success_indicator_data_id) VALUES (nextval('hibernate_sequence'),  1, 0, 0.00, 'BILIRAN_PO', 13);
INSERT INTO operating_unit_data (id,  target, output, rate, operating_unit_type, success_indicator_data_id) VALUES (nextval('hibernate_sequence'),  1, 0, 0.00, 'SOUTHERN_LEYTE_PO', 13);
INSERT INTO operating_unit_data (id,  target, output, rate, operating_unit_type, success_indicator_data_id) VALUES (nextval('hibernate_sequence'),  1, 0, 0.00, 'SAMAR_PO', 13);
INSERT INTO operating_unit_data (id,  target, output, rate, operating_unit_type, success_indicator_data_id) VALUES (nextval('hibernate_sequence'),  1, 0, 0.00, 'EASTERN_SAMAR_PO', 13);
INSERT INTO operating_unit_data (id,  target, output, rate, operating_unit_type, success_indicator_data_id) VALUES (nextval('hibernate_sequence'),  1, 0, 0.00, 'NORTHERN_SAMAR_PO', 13);
INSERT INTO operating_unit_data (id,  target, output, rate, operating_unit_type, success_indicator_data_id) VALUES (nextval('hibernate_sequence'),  1, 0, 0.00, 'TESDA_RO', 13);
INSERT INTO operating_unit_data (id,  target, output, rate, operating_unit_type, success_indicator_data_id) VALUES (nextval('hibernate_sequence'),  1, 0, 0.00, 'TOTAL', 13);


INSERT INTO pap_data (id,  name, pap_group_type) VALUES (3, 'Industry Consultation', 'TESDPP');


INSERT INTO success_indicator_data (id,  target, measures, pap_data_id, is_accumulated, is_percentage) VALUES (14,   1, 'industry online consultation conducted', 3, 'Y', 'N');

INSERT INTO operating_unit_data (id,  target, output, rate, operating_unit_type, success_indicator_data_id) VALUES (nextval('hibernate_sequence'),  1, 0, 0.00, 'LEYTE_PO', 14);
INSERT INTO operating_unit_data (id,  target, output, rate, operating_unit_type, success_indicator_data_id) VALUES (nextval('hibernate_sequence'),  1, 0, 0.00, 'BILIRAN_PO', 14);
INSERT INTO operating_unit_data (id,  target, output, rate, operating_unit_type, success_indicator_data_id) VALUES (nextval('hibernate_sequence'),  1, 0, 0.00, 'SOUTHERN_LEYTE_PO', 14);
INSERT INTO operating_unit_data (id,  target, output, rate, operating_unit_type, success_indicator_data_id) VALUES (nextval('hibernate_sequence'),  1, 0, 0.00, 'SAMAR_PO', 14);
INSERT INTO operating_unit_data (id,  target, output, rate, operating_unit_type, success_indicator_data_id) VALUES (nextval('hibernate_sequence'),  1, 0, 0.00, 'EASTERN_SAMAR_PO', 14);
INSERT INTO operating_unit_data (id,  target, output, rate, operating_unit_type, success_indicator_data_id) VALUES (nextval('hibernate_sequence'),  1, 0, 0.00, 'NORTHERN_SAMAR_PO', 14);
INSERT INTO operating_unit_data (id,  target, output, rate, operating_unit_type, success_indicator_data_id) VALUES (nextval('hibernate_sequence'),  1, 0, 0.00, 'TESDA_RO', 14);
INSERT INTO operating_unit_data (id,  target, output, rate, operating_unit_type, success_indicator_data_id) VALUES (nextval('hibernate_sequence'),  1, 0, 0.00, 'TOTAL', 14);


INSERT INTO pap_data (id,  name, pap_group_type) VALUES (4, 'Labor Market Information Report/Research Studies', 'TESDPP');

INSERT INTO success_indicator_data (id,  target, measures, pap_data_id, is_accumulated, is_percentage) VALUES (15,   100, 'of LMIRs developed and disseminated through online means', 4, 'Y', 'Y');

INSERT INTO operating_unit_data (id,  target, output, rate, operating_unit_type, success_indicator_data_id) VALUES (nextval('hibernate_sequence'),  100, 0, 0.00, 'LEYTE_PO', 15);
INSERT INTO operating_unit_data (id,  target, output, rate, operating_unit_type, success_indicator_data_id) VALUES (nextval('hibernate_sequence'),  100, 0, 0.00, 'BILIRAN_PO', 15);
INSERT INTO operating_unit_data (id,  target, output, rate, operating_unit_type, success_indicator_data_id) VALUES (nextval('hibernate_sequence'),  100, 0, 0.00, 'SOUTHERN_LEYTE_PO', 15);
INSERT INTO operating_unit_data (id,  target, output, rate, operating_unit_type, success_indicator_data_id) VALUES (nextval('hibernate_sequence'),  100, 0, 0.00, 'SAMAR_PO', 15);
INSERT INTO operating_unit_data (id,  target, output, rate, operating_unit_type, success_indicator_data_id) VALUES (nextval('hibernate_sequence'),  100, 0, 0.00, 'EASTERN_SAMAR_PO', 15);
INSERT INTO operating_unit_data (id,  target, output, rate, operating_unit_type, success_indicator_data_id) VALUES (nextval('hibernate_sequence'),  100, 0, 0.00, 'NORTHERN_SAMAR_PO', 15);
INSERT INTO operating_unit_data (id,  target, output, rate, operating_unit_type, success_indicator_data_id) VALUES (nextval('hibernate_sequence'),  100, 100, 100.00, 'TESDA_RO', 15);
INSERT INTO operating_unit_data (id,  target, output, rate, operating_unit_type, success_indicator_data_id) VALUES (nextval('hibernate_sequence'),  100, 100, 0.00, 'TOTAL', 15);



INSERT INTO pap_data (id,  name, pap_group_type) VALUES (5, 'Evaluation and endorsement of researches and studies to National TVET Research Agenda (NTRA)', 'TESDPP');

INSERT INTO success_indicator_data (id,  target, measures, pap_data_id, is_accumulated, is_percentage) VALUES (16,   1, 'research evaluated and endorsed to NTRA', 5, 'Y', 'N');

INSERT INTO operating_unit_data (id,  target, output, rate, operating_unit_type, success_indicator_data_id) VALUES (nextval('hibernate_sequence'),  0, 0, 0.00, 'LEYTE_PO', 16);
INSERT INTO operating_unit_data (id,  target, output, rate, operating_unit_type, success_indicator_data_id) VALUES (nextval('hibernate_sequence'),  0, 0, 0.00, 'BILIRAN_PO', 16);
INSERT INTO operating_unit_data (id,  target, output, rate, operating_unit_type, success_indicator_data_id) VALUES (nextval('hibernate_sequence'),  0, 0, 0.00, 'SOUTHERN_LEYTE_PO', 16);
INSERT INTO operating_unit_data (id,  target, output, rate, operating_unit_type, success_indicator_data_id) VALUES (nextval('hibernate_sequence'),  0, 0, 0.00, 'SAMAR_PO', 16);
INSERT INTO operating_unit_data (id,  target, output, rate, operating_unit_type, success_indicator_data_id) VALUES (nextval('hibernate_sequence'),  0, 0, 0.00, 'EASTERN_SAMAR_PO', 16);
INSERT INTO operating_unit_data (id,  target, output, rate, operating_unit_type, success_indicator_data_id) VALUES (nextval('hibernate_sequence'),  0, 0, 0.00, 'NORTHERN_SAMAR_PO', 16);
INSERT INTO operating_unit_data (id,  target, output, rate, operating_unit_type, success_indicator_data_id) VALUES (nextval('hibernate_sequence'),  1, 0, 0.00, 'TESDA_RO', 16);
INSERT INTO operating_unit_data (id,  target, output, rate, operating_unit_type, success_indicator_data_id) VALUES (nextval('hibernate_sequence'),  1, 0, 0.00, 'TOTAL', 16);



INSERT INTO pap_data (id,  name, pap_group_type) VALUES (63, 'Skills Need Anticipation', 'TESDPP');

INSERT INTO success_indicator_data (id,  target, measures, pap_data_id, is_accumulated, is_percentage) VALUES (192,   1, 'Regional Skills Priorities updated', 63, 'Y', 'N');

INSERT INTO operating_unit_data (id,  target, output, rate, operating_unit_type, success_indicator_data_id) VALUES (nextval('hibernate_sequence'),  0, 0, 0.00, 'LEYTE_PO', 192);
INSERT INTO operating_unit_data (id,  target, output, rate, operating_unit_type, success_indicator_data_id) VALUES (nextval('hibernate_sequence'),  0, 0, 0.00, 'BILIRAN_PO', 192);
INSERT INTO operating_unit_data (id,  target, output, rate, operating_unit_type, success_indicator_data_id) VALUES (nextval('hibernate_sequence'),  0, 0, 0.00, 'SOUTHERN_LEYTE_PO', 192);
INSERT INTO operating_unit_data (id,  target, output, rate, operating_unit_type, success_indicator_data_id) VALUES (nextval('hibernate_sequence'),  0, 0, 0.00, 'SAMAR_PO', 192);
INSERT INTO operating_unit_data (id,  target, output, rate, operating_unit_type, success_indicator_data_id) VALUES (nextval('hibernate_sequence'),  0, 0, 0.00, 'EASTERN_SAMAR_PO', 192);
INSERT INTO operating_unit_data (id,  target, output, rate, operating_unit_type, success_indicator_data_id) VALUES (nextval('hibernate_sequence'),  0, 0, 0.00, 'NORTHERN_SAMAR_PO', 192);
INSERT INTO operating_unit_data (id,  target, output, rate, operating_unit_type, success_indicator_data_id) VALUES (nextval('hibernate_sequence'),  1, 0, 0.00, 'TESDA_RO', 192);
INSERT INTO operating_unit_data (id,  target, output, rate, operating_unit_type, success_indicator_data_id) VALUES (nextval('hibernate_sequence'),  1, 0, 0.00, 'TOTAL', 192);

/* Technical Education and Skills Development Regulatory Program */


INSERT INTO pap_data (id,  name, pap_group_type) VALUES (6, 'TVET Program Registration and Accreditation', 'TESDRP');

INSERT INTO success_indicator_data (id,  target, measures, pap_data_id, is_accumulated, is_percentage) VALUES (17,   29, 'new programs registered (Full qualification by level) observing new normal protocols', 6, 'Y', 'N');

INSERT INTO operating_unit_data (id,  target, output, rate, operating_unit_type, success_indicator_data_id) VALUES (nextval('hibernate_sequence'),  5, 31, 620.00, 'LEYTE_PO', 17);
INSERT INTO operating_unit_data (id,  target, output, rate, operating_unit_type, success_indicator_data_id) VALUES (nextval('hibernate_sequence'),  2, 3, 150.00, 'BILIRAN_PO', 17);
INSERT INTO operating_unit_data (id,  target, output, rate, operating_unit_type, success_indicator_data_id) VALUES (nextval('hibernate_sequence'),  2, 4, 200.00, 'SOUTHERN_LEYTE_PO', 17);
INSERT INTO operating_unit_data (id,  target, output, rate, operating_unit_type, success_indicator_data_id) VALUES (nextval('hibernate_sequence'),  3, 9, 300.00, 'SAMAR_PO', 17);
INSERT INTO operating_unit_data (id,  target, output, rate, operating_unit_type, success_indicator_data_id) VALUES (nextval('hibernate_sequence'),  8, 8, 100.00, 'EASTERN_SAMAR_PO', 17);
INSERT INTO operating_unit_data (id,  target, output, rate, operating_unit_type, success_indicator_data_id) VALUES (nextval('hibernate_sequence'),  9, 14, 0.00, 'NORTHERN_SAMAR_PO', 17);
INSERT INTO operating_unit_data (id,  target, output, rate, operating_unit_type, success_indicator_data_id) VALUES (nextval('hibernate_sequence'),  0, 0, 0.00, 'TESDA_RO', 17);
INSERT INTO operating_unit_data (id,  target, output, rate, operating_unit_type, success_indicator_data_id) VALUES (nextval('hibernate_sequence'),  29, 69, 238.00, 'TOTAL', 17);


INSERT INTO success_indicator_data (id,  target, measures, pap_data_id, is_accumulated, is_percentage) VALUES (18,   7, 'PTTC registration of the ff. programs: - Agri-related (3: Biliran PTC, ES PTC, Leyte PTC)- Driving NC II (4: ES PTC, Leyte PTC, Samar PTC, So. Leyte PTC)', 6, 'Y', 'N');

INSERT INTO operating_unit_data (id,  target, output, rate, operating_unit_type, success_indicator_data_id) VALUES (nextval('hibernate_sequence'),  2, 0, 0.00, 'LEYTE_PO', 18);
INSERT INTO operating_unit_data (id,  target, output, rate, operating_unit_type, success_indicator_data_id) VALUES (nextval('hibernate_sequence'),  1, 0, 0.00, 'BILIRAN_PO', 18);
INSERT INTO operating_unit_data (id,  target, output, rate, operating_unit_type, success_indicator_data_id) VALUES (nextval('hibernate_sequence'),  1, 0, 0.00, 'SOUTHERN_LEYTE_PO', 18);
INSERT INTO operating_unit_data (id,  target, output, rate, operating_unit_type, success_indicator_data_id) VALUES (nextval('hibernate_sequence'),  1, 0, 0.00, 'SAMAR_PO', 18);
INSERT INTO operating_unit_data (id,  target, output, rate, operating_unit_type, success_indicator_data_id) VALUES (nextval('hibernate_sequence'),  2, 0, 0.00, 'EASTERN_SAMAR_PO', 18);
INSERT INTO operating_unit_data (id,  target, output, rate, operating_unit_type, success_indicator_data_id) VALUES (nextval('hibernate_sequence'),  0, 0, 0.00, 'NORTHERN_SAMAR_PO', 18);
INSERT INTO operating_unit_data (id,  target, output, rate, operating_unit_type, success_indicator_data_id) VALUES (nextval('hibernate_sequence'),  0, 0, 0.00, 'TESDA_RO', 18);
INSERT INTO operating_unit_data (id,  target, output, rate, operating_unit_type, success_indicator_data_id) VALUES (nextval('hibernate_sequence'),  7, 0, 0.00, 'TOTAL', 18);



INSERT INTO success_indicator_data (id,  target, measures, pap_data_id, is_accumulated, is_percentage) VALUES (19,   5, 'programs registered in Barangay Health Services NC II, Health Care Services NC II, Biomedical Equipment Servicing NC II and Security Services NC II.', 6, 'Y', 'N');

INSERT INTO operating_unit_data (id,  target, output, rate, operating_unit_type, success_indicator_data_id) VALUES (nextval('hibernate_sequence'),  0, 0, 0.00, 'LEYTE_PO', 19);
INSERT INTO operating_unit_data (id,  target, output, rate, operating_unit_type, success_indicator_data_id) VALUES (nextval('hibernate_sequence'),  0, 0, 0.00, 'BILIRAN_PO', 19);
INSERT INTO operating_unit_data (id,  target, output, rate, operating_unit_type, success_indicator_data_id) VALUES (nextval('hibernate_sequence'),  0, 0, 0.00, 'SOUTHERN_LEYTE_PO', 19);
INSERT INTO operating_unit_data (id,  target, output, rate, operating_unit_type, success_indicator_data_id) VALUES (nextval('hibernate_sequence'),  0, 0, 0.00, 'SAMAR_PO', 19);
INSERT INTO operating_unit_data (id,  target, output, rate, operating_unit_type, success_indicator_data_id) VALUES (nextval('hibernate_sequence'),  2, 0, 0.00, 'EASTERN_SAMAR_PO', 19);
INSERT INTO operating_unit_data (id,  target, output, rate, operating_unit_type, success_indicator_data_id) VALUES (nextval('hibernate_sequence'),  3, 0, 0.00, 'NORTHERN_SAMAR_PO', 19);
INSERT INTO operating_unit_data (id,  target, output, rate, operating_unit_type, success_indicator_data_id) VALUES (nextval('hibernate_sequence'),  0, 0, 0.00, 'TESDA_RO', 19);
INSERT INTO operating_unit_data (id,  target, output, rate, operating_unit_type, success_indicator_data_id) VALUES (nextval('hibernate_sequence'),  5, 0, 0.00, 'TOTAL', 19);



INSERT INTO success_indicator_data (id,  target, measures, pap_data_id, is_accumulated, is_percentage) VALUES (20,   2, 'TTI applied for APACC accreditation', 6, 'Y', 'N');

INSERT INTO operating_unit_data (id,  target, output, rate, operating_unit_type, success_indicator_data_id) VALUES (nextval('hibernate_sequence'),  0, 0, 0.00, 'LEYTE_PO', 20);
INSERT INTO operating_unit_data (id,  target, output, rate, operating_unit_type, success_indicator_data_id) VALUES (nextval('hibernate_sequence'),  0, 0, 0.00, 'BILIRAN_PO', 20);
INSERT INTO operating_unit_data (id,  target, output, rate, operating_unit_type, success_indicator_data_id) VALUES (nextval('hibernate_sequence'),  0, 0, 0.00, 'SOUTHERN_LEYTE_PO', 20);
INSERT INTO operating_unit_data (id,  target, output, rate, operating_unit_type, success_indicator_data_id) VALUES (nextval('hibernate_sequence'),  0, 0, 0.00, 'SAMAR_PO', 20);
INSERT INTO operating_unit_data (id,  target, output, rate, operating_unit_type, success_indicator_data_id) VALUES (nextval('hibernate_sequence'),  1, 0, 0.00, 'EASTERN_SAMAR_PO', 20);
INSERT INTO operating_unit_data (id,  target, output, rate, operating_unit_type, success_indicator_data_id) VALUES (nextval('hibernate_sequence'),  1, 0, 0.00, 'NORTHERN_SAMAR_PO', 20);
INSERT INTO operating_unit_data (id,  target, output, rate, operating_unit_type, success_indicator_data_id) VALUES (nextval('hibernate_sequence'),  0, 0, 0.00, 'TESDA_RO', 20);
INSERT INTO operating_unit_data (id,  target, output, rate, operating_unit_type, success_indicator_data_id) VALUES (nextval('hibernate_sequence'),  2, 0, 0.00, 'TOTAL', 20);



INSERT INTO success_indicator_data (id,  target, measures, pap_data_id, is_accumulated, is_percentage) VALUES (21,   42, 'STAR-rated programs', 6, 'Y', 'N');

INSERT INTO operating_unit_data (id,  target, output, rate, operating_unit_type, success_indicator_data_id) VALUES (nextval('hibernate_sequence'),  0, 0, 0.00, 'LEYTE_PO', 21);
INSERT INTO operating_unit_data (id,  target, output, rate, operating_unit_type, success_indicator_data_id) VALUES (nextval('hibernate_sequence'),  5, 0, 0.00, 'BILIRAN_PO', 21);
INSERT INTO operating_unit_data (id,  target, output, rate, operating_unit_type, success_indicator_data_id) VALUES (nextval('hibernate_sequence'),  0, 0, 0.00, 'SOUTHERN_LEYTE_PO', 21);
INSERT INTO operating_unit_data (id,  target, output, rate, operating_unit_type, success_indicator_data_id) VALUES (nextval('hibernate_sequence'),  0, 0, 0.00, 'SAMAR_PO', 21);
INSERT INTO operating_unit_data (id,  target, output, rate, operating_unit_type, success_indicator_data_id) VALUES (nextval('hibernate_sequence'),  8, 0, 0.00, 'EASTERN_SAMAR_PO', 21);
INSERT INTO operating_unit_data (id,  target, output, rate, operating_unit_type, success_indicator_data_id) VALUES (nextval('hibernate_sequence'),  0, 0, 0.00, 'NORTHERN_SAMAR_PO', 21);
INSERT INTO operating_unit_data (id,  target, output, rate, operating_unit_type, success_indicator_data_id) VALUES (nextval('hibernate_sequence'),  0, 0, 0.00, 'TESDA_RO', 21);
INSERT INTO operating_unit_data (id,  target, output, rate, operating_unit_type, success_indicator_data_id) VALUES (nextval('hibernate_sequence'),  42, 0, 0.00, 'TOTAL', 21);



INSERT INTO success_indicator_data (id,  target, measures, pap_data_id, is_accumulated, is_percentage) VALUES (22,   311, 'registered TVET programs audited observing the new normal protocols* (100% of the identified registered programs to be audited)', 6, 'Y', 'N');

INSERT INTO operating_unit_data (id,  target, output, rate, operating_unit_type, success_indicator_data_id) VALUES (nextval('hibernate_sequence'),  134, 0, 0.00, 'LEYTE_PO', 22);
INSERT INTO operating_unit_data (id,  target, output, rate, operating_unit_type, success_indicator_data_id) VALUES (nextval('hibernate_sequence'),  27, 0, 0.00, 'BILIRAN_PO', 22);
INSERT INTO operating_unit_data (id,  target, output, rate, operating_unit_type, success_indicator_data_id) VALUES (nextval('hibernate_sequence'),  27, 0, 0.00, 'SOUTHERN_LEYTE_PO', 22);
INSERT INTO operating_unit_data (id,  target, output, rate, operating_unit_type, success_indicator_data_id) VALUES (nextval('hibernate_sequence'),  37, 0, 0.00, 'SAMAR_PO', 22);
INSERT INTO operating_unit_data (id,  target, output, rate, operating_unit_type, success_indicator_data_id) VALUES (nextval('hibernate_sequence'),  53, 53, 100.00, 'EASTERN_SAMAR_PO', 22);
INSERT INTO operating_unit_data (id,  target, output, rate, operating_unit_type, success_indicator_data_id) VALUES (nextval('hibernate_sequence'),  30, 0, 0.00, 'NORTHERN_SAMAR_PO', 22);
INSERT INTO operating_unit_data (id,  target, output, rate, operating_unit_type, success_indicator_data_id) VALUES (nextval('hibernate_sequence'),  3, 0, 0.00, 'TESDA_RO', 22);
INSERT INTO operating_unit_data (id,  target, output, rate, operating_unit_type, success_indicator_data_id) VALUES (nextval('hibernate_sequence'),  311, 53, 17.00, 'TOTAL', 22);


INSERT INTO success_indicator_data (id,  target, measures, pap_data_id, is_accumulated, is_percentage) VALUES (23,   280, 'compliance of TVET programs to TESDA, industry standards and requirements', 6, 'Y', 'N');

INSERT INTO operating_unit_data (id,  target, output, rate, operating_unit_type, success_indicator_data_id) VALUES (nextval('hibernate_sequence'),  127, 0, 0.00, 'LEYTE_PO', 23);
INSERT INTO operating_unit_data (id,  target, output, rate, operating_unit_type, success_indicator_data_id) VALUES (nextval('hibernate_sequence'),  24, 0, 0.00, 'BILIRAN_PO', 23);
INSERT INTO operating_unit_data (id,  target, output, rate, operating_unit_type, success_indicator_data_id) VALUES (nextval('hibernate_sequence'),  25, 0, 0.00, 'SOUTHERN_LEYTE_PO', 23);
INSERT INTO operating_unit_data (id,  target, output, rate, operating_unit_type, success_indicator_data_id) VALUES (nextval('hibernate_sequence'),  33, 0, 0.00, 'SAMAR_PO', 23);
INSERT INTO operating_unit_data (id,  target, output, rate, operating_unit_type, success_indicator_data_id) VALUES (nextval('hibernate_sequence'),  48, 53, 110.00, 'EASTERN_SAMAR_PO', 23);
INSERT INTO operating_unit_data (id,  target, output, rate, operating_unit_type, success_indicator_data_id) VALUES (nextval('hibernate_sequence'),  32, 0, 0.00, 'NORTHERN_SAMAR_PO', 23);
INSERT INTO operating_unit_data (id,  target, output, rate, operating_unit_type, success_indicator_data_id) VALUES (nextval('hibernate_sequence'),  3, 0, 0.00, 'TESDA_RO', 23);
INSERT INTO operating_unit_data (id,  target, output, rate, operating_unit_type, success_indicator_data_id) VALUES (nextval('hibernate_sequence'),  292, 53, 18.00, 'TOTAL', 23);



INSERT INTO success_indicator_data (id,  target, measures, pap_data_id, is_accumulated, is_percentage) VALUES (24,   1, 'Monitoring report on establishment of mini-organic farms', 6, 'Y', 'N');

INSERT INTO operating_unit_data (id,  target, output, rate, operating_unit_type, success_indicator_data_id) VALUES (nextval('hibernate_sequence'),  0, 0, 0.00, 'LEYTE_PO', 24);
INSERT INTO operating_unit_data (id,  target, output, rate, operating_unit_type, success_indicator_data_id) VALUES (nextval('hibernate_sequence'),  0, 0, 0.00, 'BILIRAN_PO', 24);
INSERT INTO operating_unit_data (id,  target, output, rate, operating_unit_type, success_indicator_data_id) VALUES (nextval('hibernate_sequence'),  0, 0, 0.00, 'SOUTHERN_LEYTE_PO', 24);
INSERT INTO operating_unit_data (id,  target, output, rate, operating_unit_type, success_indicator_data_id) VALUES (nextval('hibernate_sequence'),  0, 0, 0.00, 'SAMAR_PO', 24);
INSERT INTO operating_unit_data (id,  target, output, rate, operating_unit_type, success_indicator_data_id) VALUES (nextval('hibernate_sequence'),  0, 0, 0.00, 'EASTERN_SAMAR_PO', 24);
INSERT INTO operating_unit_data (id,  target, output, rate, operating_unit_type, success_indicator_data_id) VALUES (nextval('hibernate_sequence'),  0, 0, 0.00, 'NORTHERN_SAMAR_PO', 24);
INSERT INTO operating_unit_data (id,  target, output, rate, operating_unit_type, success_indicator_data_id) VALUES (nextval('hibernate_sequence'),  1, 1, 0.00, 'TESDA_RO', 24);
INSERT INTO operating_unit_data (id,  target, output, rate, operating_unit_type, success_indicator_data_id) VALUES (nextval('hibernate_sequence'),  1, 1, 100.00, 'TOTAL', 24);



INSERT INTO pap_data (id,  name, pap_group_type) VALUES (7, 'Implementation of PQF Level 4 and 5 programs aligned with PLO/Courses Outcome and Performance Indicators', 'TESDRP');

INSERT INTO success_indicator_data (id,  target, measures, pap_data_id, is_accumulated, is_percentage) VALUES (25,   6, 'Registered diploma programs aligned with PQF level 5 descriptor', 7, 'Y', 'N');

INSERT INTO operating_unit_data (id,  target, output, rate, operating_unit_type, success_indicator_data_id) VALUES (nextval('hibernate_sequence'),  1, 1, 100.00, 'LEYTE_PO', 25);
INSERT INTO operating_unit_data (id,  target, output, rate, operating_unit_type, success_indicator_data_id) VALUES (nextval('hibernate_sequence'),  1, 0, 0.00, 'BILIRAN_PO', 25);
INSERT INTO operating_unit_data (id,  target, output, rate, operating_unit_type, success_indicator_data_id) VALUES (nextval('hibernate_sequence'),  0, 0, 0.00, 'SOUTHERN_LEYTE_PO', 25);
INSERT INTO operating_unit_data (id,  target, output, rate, operating_unit_type, success_indicator_data_id) VALUES (nextval('hibernate_sequence'),  0, 0, 0.00, 'SAMAR_PO', 25);
INSERT INTO operating_unit_data (id,  target, output, rate, operating_unit_type, success_indicator_data_id) VALUES (nextval('hibernate_sequence'),  1, 0, 0.00, 'EASTERN_SAMAR_PO', 25);
INSERT INTO operating_unit_data (id,  target, output, rate, operating_unit_type, success_indicator_data_id) VALUES (nextval('hibernate_sequence'),  0, 0, 0.00, 'NORTHERN_SAMAR_PO', 25);
INSERT INTO operating_unit_data (id,  target, output, rate, operating_unit_type, success_indicator_data_id) VALUES (nextval('hibernate_sequence'),  1, 1, 100.00, 'TESDA_RO', 25);
INSERT INTO operating_unit_data (id,  target, output, rate, operating_unit_type, success_indicator_data_id) VALUES (nextval('hibernate_sequence'),  6, 1, 17.00, 'TOTAL', 25);



INSERT INTO pap_data (id,  name, pap_group_type) VALUES (8, 'Partnerships and Linkages', 'TESDRP');

INSERT INTO success_indicator_data (id,  target, measures, pap_data_id, is_accumulated, is_percentage) VALUES (26,   42, 'TVET programs with tie-ups to industry ', 8, 'N', 'Y');

INSERT INTO operating_unit_data (id,  target, output, rate, operating_unit_type, success_indicator_data_id) VALUES (nextval('hibernate_sequence'),  42, 96, 229.00, 'LEYTE_PO', 26);
INSERT INTO operating_unit_data (id,  target, output, rate, operating_unit_type, success_indicator_data_id) VALUES (nextval('hibernate_sequence'),  42, 100, 238.00, 'BILIRAN_PO', 26);
INSERT INTO operating_unit_data (id,  target, output, rate, operating_unit_type, success_indicator_data_id) VALUES (nextval('hibernate_sequence'),  42, 100, 238.00, 'SOUTHERN_LEYTE_PO', 26);
INSERT INTO operating_unit_data (id,  target, output, rate, operating_unit_type, success_indicator_data_id) VALUES (nextval('hibernate_sequence'),  42, 100, 238.00, 'SAMAR_PO', 26);
INSERT INTO operating_unit_data (id,  target, output, rate, operating_unit_type, success_indicator_data_id) VALUES (nextval('hibernate_sequence'),  42, 88, 210.00, 'EASTERN_SAMAR_PO', 26);
INSERT INTO operating_unit_data (id,  target, output, rate, operating_unit_type, success_indicator_data_id) VALUES (nextval('hibernate_sequence'),  42, 100, 238.00, 'NORTHERN_SAMAR_PO', 26);
INSERT INTO operating_unit_data (id,  target, output, rate, operating_unit_type, success_indicator_data_id) VALUES (nextval('hibernate_sequence'),  0, 0, 0.00, 'TESDA_RO', 26);
INSERT INTO operating_unit_data (id,  target, output, rate, operating_unit_type, success_indicator_data_id) VALUES (nextval('hibernate_sequence'),  42, 94, 224.00, 'TOTAL', 26);



INSERT INTO pap_data (id,  name, pap_group_type) VALUES (9, 'Monitoring on the Established Advisory Skills Councils in TTIs', 'TESDRP');

INSERT INTO success_indicator_data (id,  target, measures, pap_data_id, is_accumulated, is_percentage) VALUES (27,   1, 'Monitoring Report', 9, 'Y', 'N');

INSERT INTO operating_unit_data (id,  target, output, rate, operating_unit_type, success_indicator_data_id) VALUES (nextval('hibernate_sequence'),  0, 0, 0.00, 'LEYTE_PO', 27);
INSERT INTO operating_unit_data (id,  target, output, rate, operating_unit_type, success_indicator_data_id) VALUES (nextval('hibernate_sequence'),  0, 0, 0.00, 'BILIRAN_PO', 27);
INSERT INTO operating_unit_data (id,  target, output, rate, operating_unit_type, success_indicator_data_id) VALUES (nextval('hibernate_sequence'),  0, 0, 0.00, 'SOUTHERN_LEYTE_PO', 27);
INSERT INTO operating_unit_data (id,  target, output, rate, operating_unit_type, success_indicator_data_id) VALUES (nextval('hibernate_sequence'),  0, 0, 0.00, 'SAMAR_PO', 27);
INSERT INTO operating_unit_data (id,  target, output, rate, operating_unit_type, success_indicator_data_id) VALUES (nextval('hibernate_sequence'),  0, 0, 0.00, 'EASTERN_SAMAR_PO', 27);
INSERT INTO operating_unit_data (id,  target, output, rate, operating_unit_type, success_indicator_data_id) VALUES (nextval('hibernate_sequence'),  0, 0, 0.00, 'NORTHERN_SAMAR_PO', 27);
INSERT INTO operating_unit_data (id,  target, output, rate, operating_unit_type, success_indicator_data_id) VALUES (nextval('hibernate_sequence'),  1, 1, 100.00, 'TESDA_RO', 27);
INSERT INTO operating_unit_data (id,  target, output, rate, operating_unit_type, success_indicator_data_id) VALUES (nextval('hibernate_sequence'),  1, 1, 100.00, 'TOTAL', 27);


INSERT INTO pap_data (id,  name, pap_group_type) VALUES (10, 'Competency Assessment and Certification', 'TESDRP');

INSERT INTO success_indicator_data (id,  target, measures, pap_data_id, is_accumulated, is_percentage) VALUES (28,   24568, 'Monitoring Report', 10, 'Y', 'N');

INSERT INTO operating_unit_data (id,  target, output, rate, operating_unit_type, success_indicator_data_id) VALUES (nextval('hibernate_sequence'),  10180, 9116, 90.00, 'LEYTE_PO', 28);
INSERT INTO operating_unit_data (id,  target, output, rate, operating_unit_type, success_indicator_data_id) VALUES (nextval('hibernate_sequence'),  1543, 1153, 75.00, 'BILIRAN_PO', 28);
INSERT INTO operating_unit_data (id,  target, output, rate, operating_unit_type, success_indicator_data_id) VALUES (nextval('hibernate_sequence'),  1978, 1129, 57.00, 'SOUTHERN_LEYTE_PO', 28);
INSERT INTO operating_unit_data (id,  target, output, rate, operating_unit_type, success_indicator_data_id) VALUES (nextval('hibernate_sequence'),  3565, 2278, 64.00, 'SAMAR_PO', 28);
INSERT INTO operating_unit_data (id,  target, output, rate, operating_unit_type, success_indicator_data_id) VALUES (nextval('hibernate_sequence'),  3769, 2882, 76.00, 'EASTERN_SAMAR_PO', 28);
INSERT INTO operating_unit_data (id,  target, output, rate, operating_unit_type, success_indicator_data_id) VALUES (nextval('hibernate_sequence'),  3533, 2553, 72.00, 'NORTHERN_SAMAR_PO', 28);
INSERT INTO operating_unit_data (id,  target, output, rate, operating_unit_type, success_indicator_data_id) VALUES (nextval('hibernate_sequence'),  0, 0, 0.00, 'TESDA_RO', 28);
INSERT INTO operating_unit_data (id,  target, output, rate, operating_unit_type, success_indicator_data_id) VALUES (nextval('hibernate_sequence'),  24568, 19111, 78.00, 'TOTAL', 28);


INSERT INTO success_indicator_data (id,  target, measures, pap_data_id, is_accumulated, is_percentage) VALUES (29,   22602, 'persons certified', 10, 'Y', 'N');

INSERT INTO operating_unit_data (id,  target, output, rate, operating_unit_type, success_indicator_data_id) VALUES (nextval('hibernate_sequence'),  0, 0, 0.00, 'LEYTE_PO', 29);
INSERT INTO operating_unit_data (id,  target, output, rate, operating_unit_type, success_indicator_data_id) VALUES (nextval('hibernate_sequence'),  0, 0, 0.00, 'BILIRAN_PO', 29);
INSERT INTO operating_unit_data (id,  target, output, rate, operating_unit_type, success_indicator_data_id) VALUES (nextval('hibernate_sequence'),  0, 0, 0.00, 'SOUTHERN_LEYTE_PO', 29);
INSERT INTO operating_unit_data (id,  target, output, rate, operating_unit_type, success_indicator_data_id) VALUES (nextval('hibernate_sequence'),  0, 0, 0.00, 'SAMAR_PO', 29);
INSERT INTO operating_unit_data (id,  target, output, rate, operating_unit_type, success_indicator_data_id) VALUES (nextval('hibernate_sequence'),  0, 0, 0.00, 'EASTERN_SAMAR_PO', 29);
INSERT INTO operating_unit_data (id,  target, output, rate, operating_unit_type, success_indicator_data_id) VALUES (nextval('hibernate_sequence'),  0, 0, 0.00, 'NORTHERN_SAMAR_PO', 29);
INSERT INTO operating_unit_data (id,  target, output, rate, operating_unit_type, success_indicator_data_id) VALUES (nextval('hibernate_sequence'),  0, 0, 0.00, 'TESDA_RO', 29);
INSERT INTO operating_unit_data (id,  target, output, rate, operating_unit_type, success_indicator_data_id) VALUES (nextval('hibernate_sequence'),  22602, 0, 0.00, 'TOTAL', 29);


INSERT INTO success_indicator_data (id,  target, measures, pap_data_id, is_accumulated, is_percentage) VALUES (30,   1078, 'persons assessed (CACW)', 10, 'Y', 'N');

INSERT INTO operating_unit_data (id,  target, output, rate, operating_unit_type, success_indicator_data_id) VALUES (nextval('hibernate_sequence'),  0, 0, 0.00, 'LEYTE_PO', 30);
INSERT INTO operating_unit_data (id,  target, output, rate, operating_unit_type, success_indicator_data_id) VALUES (nextval('hibernate_sequence'),  0, 0, 0.00, 'BILIRAN_PO', 30);
INSERT INTO operating_unit_data (id,  target, output, rate, operating_unit_type, success_indicator_data_id) VALUES (nextval('hibernate_sequence'),  0, 0, 0.00, 'SOUTHERN_LEYTE_PO', 30);
INSERT INTO operating_unit_data (id,  target, output, rate, operating_unit_type, success_indicator_data_id) VALUES (nextval('hibernate_sequence'),  0, 0, 0.00, 'SAMAR_PO', 30);
INSERT INTO operating_unit_data (id,  target, output, rate, operating_unit_type, success_indicator_data_id) VALUES (nextval('hibernate_sequence'),  0, 0, 0.00, 'EASTERN_SAMAR_PO', 30);
INSERT INTO operating_unit_data (id,  target, output, rate, operating_unit_type, success_indicator_data_id) VALUES (nextval('hibernate_sequence'),  0, 0, 0.00, 'NORTHERN_SAMAR_PO', 30);
INSERT INTO operating_unit_data (id,  target, output, rate, operating_unit_type, success_indicator_data_id) VALUES (nextval('hibernate_sequence'),  0, 0, 0.00, 'TESDA_RO', 30);
INSERT INTO operating_unit_data (id,  target, output, rate, operating_unit_type, success_indicator_data_id) VALUES (nextval('hibernate_sequence'),  1078, 0, 0.00, 'TOTAL', 30);


INSERT INTO success_indicator_data (id,  target, measures, pap_data_id, is_accumulated, is_percentage) VALUES (31,   992, 'persons certified (CACW)', 10, 'Y', 'N');

INSERT INTO operating_unit_data (id,  target, output, rate, operating_unit_type, success_indicator_data_id) VALUES (nextval('hibernate_sequence'),  0, 0, 0.00, 'LEYTE_PO', 31);
INSERT INTO operating_unit_data (id,  target, output, rate, operating_unit_type, success_indicator_data_id) VALUES (nextval('hibernate_sequence'),  0, 0, 0.00, 'BILIRAN_PO', 31);
INSERT INTO operating_unit_data (id,  target, output, rate, operating_unit_type, success_indicator_data_id) VALUES (nextval('hibernate_sequence'),  0, 0, 0.00, 'SOUTHERN_LEYTE_PO', 31);
INSERT INTO operating_unit_data (id,  target, output, rate, operating_unit_type, success_indicator_data_id) VALUES (nextval('hibernate_sequence'),  0, 0, 0.00, 'SAMAR_PO', 31);
INSERT INTO operating_unit_data (id,  target, output, rate, operating_unit_type, success_indicator_data_id) VALUES (nextval('hibernate_sequence'),  0, 0, 0.00, 'EASTERN_SAMAR_PO', 31);
INSERT INTO operating_unit_data (id,  target, output, rate, operating_unit_type, success_indicator_data_id) VALUES (nextval('hibernate_sequence'),  0, 0, 0.00, 'NORTHERN_SAMAR_PO', 31);
INSERT INTO operating_unit_data (id,  target, output, rate, operating_unit_type, success_indicator_data_id) VALUES (nextval('hibernate_sequence'),  0, 0, 0.00, 'TESDA_RO', 31);
INSERT INTO operating_unit_data (id,  target, output, rate, operating_unit_type, success_indicator_data_id) VALUES (nextval('hibernate_sequence'),  992, 0, 0.00, 'TOTAL', 31);


INSERT INTO success_indicator_data (id,  target, measures, pap_data_id, is_accumulated, is_percentage) VALUES (32,   86, 'TVET graduates in programs with CATs that undergo assessment for certification', 10, 'N', 'Y');

INSERT INTO operating_unit_data (id,  target, output, rate, operating_unit_type, success_indicator_data_id) VALUES (nextval('hibernate_sequence'),  0, 0, 0.00, 'LEYTE_PO', 32);
INSERT INTO operating_unit_data (id,  target, output, rate, operating_unit_type, success_indicator_data_id) VALUES (nextval('hibernate_sequence'),  0, 0, 0.00, 'BILIRAN_PO', 32);
INSERT INTO operating_unit_data (id,  target, output, rate, operating_unit_type, success_indicator_data_id) VALUES (nextval('hibernate_sequence'),  0, 0, 0.00, 'SOUTHERN_LEYTE_PO', 32);
INSERT INTO operating_unit_data (id,  target, output, rate, operating_unit_type, success_indicator_data_id) VALUES (nextval('hibernate_sequence'),  0, 0, 0.00, 'SAMAR_PO', 32);
INSERT INTO operating_unit_data (id,  target, output, rate, operating_unit_type, success_indicator_data_id) VALUES (nextval('hibernate_sequence'),  0, 0, 0.00, 'EASTERN_SAMAR_PO', 32);
INSERT INTO operating_unit_data (id,  target, output, rate, operating_unit_type, success_indicator_data_id) VALUES (nextval('hibernate_sequence'),  0, 0, 0.00, 'NORTHERN_SAMAR_PO', 32);
INSERT INTO operating_unit_data (id,  target, output, rate, operating_unit_type, success_indicator_data_id) VALUES (nextval('hibernate_sequence'),  0, 0, 0.00, 'TESDA_RO', 32);
INSERT INTO operating_unit_data (id,  target, output, rate, operating_unit_type, success_indicator_data_id) VALUES (nextval('hibernate_sequence'),  86, 0, 0.00, 'TOTAL', 32);



INSERT INTO success_indicator_data (id,  target, measures, pap_data_id, is_accumulated, is_percentage) VALUES (33,   90, 'skilled workers issued with certification within seven (7) days from application', 10, 'N', 'Y');

INSERT INTO operating_unit_data (id,  target, output, rate, operating_unit_type, success_indicator_data_id) VALUES (nextval('hibernate_sequence'),  0, 0, 0.00, 'LEYTE_PO', 33);
INSERT INTO operating_unit_data (id,  target, output, rate, operating_unit_type, success_indicator_data_id) VALUES (nextval('hibernate_sequence'),  0, 0, 0.00, 'BILIRAN_PO', 33);
INSERT INTO operating_unit_data (id,  target, output, rate, operating_unit_type, success_indicator_data_id) VALUES (nextval('hibernate_sequence'),  0, 0, 0.00, 'SOUTHERN_LEYTE_PO', 33);
INSERT INTO operating_unit_data (id,  target, output, rate, operating_unit_type, success_indicator_data_id) VALUES (nextval('hibernate_sequence'),  0, 0, 0.00, 'SAMAR_PO', 33);
INSERT INTO operating_unit_data (id,  target, output, rate, operating_unit_type, success_indicator_data_id) VALUES (nextval('hibernate_sequence'),  0, 0, 0.00, 'EASTERN_SAMAR_PO', 33);
INSERT INTO operating_unit_data (id,  target, output, rate, operating_unit_type, success_indicator_data_id) VALUES (nextval('hibernate_sequence'),  0, 0, 0.00, 'NORTHERN_SAMAR_PO', 33);
INSERT INTO operating_unit_data (id,  target, output, rate, operating_unit_type, success_indicator_data_id) VALUES (nextval('hibernate_sequence'),  0, 0, 0.00, 'TESDA_RO', 33);
INSERT INTO operating_unit_data (id,  target, output, rate, operating_unit_type, success_indicator_data_id) VALUES (nextval('hibernate_sequence'),  90, 0, 0.00, 'TOTAL', 33);



INSERT INTO success_indicator_data (id,  target, measures, pap_data_id, is_accumulated, is_percentage) VALUES (34,   19, 'new assessors accredited (NC I=4, NC II=15)', 10, 'Y', 'N');

INSERT INTO operating_unit_data (id,  target, output, rate, operating_unit_type, success_indicator_data_id) VALUES (nextval('hibernate_sequence'),  0, 0, 0.00, 'LEYTE_PO', 34);
INSERT INTO operating_unit_data (id,  target, output, rate, operating_unit_type, success_indicator_data_id) VALUES (nextval('hibernate_sequence'),  0, 0, 0.00, 'BILIRAN_PO', 34);
INSERT INTO operating_unit_data (id,  target, output, rate, operating_unit_type, success_indicator_data_id) VALUES (nextval('hibernate_sequence'),  0, 0, 0.00, 'SOUTHERN_LEYTE_PO', 34);
INSERT INTO operating_unit_data (id,  target, output, rate, operating_unit_type, success_indicator_data_id) VALUES (nextval('hibernate_sequence'),  0, 0, 0.00, 'SAMAR_PO', 34);
INSERT INTO operating_unit_data (id,  target, output, rate, operating_unit_type, success_indicator_data_id) VALUES (nextval('hibernate_sequence'),  0, 0, 0.00, 'EASTERN_SAMAR_PO', 34);
INSERT INTO operating_unit_data (id,  target, output, rate, operating_unit_type, success_indicator_data_id) VALUES (nextval('hibernate_sequence'),  0, 0, 0.00, 'NORTHERN_SAMAR_PO', 34);
INSERT INTO operating_unit_data (id,  target, output, rate, operating_unit_type, success_indicator_data_id) VALUES (nextval('hibernate_sequence'),  0, 0, 0.00, 'TESDA_RO', 34);
INSERT INTO operating_unit_data (id,  target, output, rate, operating_unit_type, success_indicator_data_id) VALUES (nextval('hibernate_sequence'),  19, 0, 0.00, 'TOTAL', 34);



INSERT INTO success_indicator_data (id,  target, measures, pap_data_id, is_accumulated, is_percentage) VALUES (35,   10, 'new assessment centers accredited (NC I=3, NC II=7)', 10, 'Y', 'N');

INSERT INTO operating_unit_data (id,  target, output, rate, operating_unit_type, success_indicator_data_id) VALUES (nextval('hibernate_sequence'),  0, 0, 0.00, 'LEYTE_PO', 35);
INSERT INTO operating_unit_data (id,  target, output, rate, operating_unit_type, success_indicator_data_id) VALUES (nextval('hibernate_sequence'),  0, 0, 0.00, 'BILIRAN_PO', 35);
INSERT INTO operating_unit_data (id,  target, output, rate, operating_unit_type, success_indicator_data_id) VALUES (nextval('hibernate_sequence'),  0, 0, 0.00, 'SOUTHERN_LEYTE_PO', 35);
INSERT INTO operating_unit_data (id,  target, output, rate, operating_unit_type, success_indicator_data_id) VALUES (nextval('hibernate_sequence'),  0, 0, 0.00, 'SAMAR_PO', 35);
INSERT INTO operating_unit_data (id,  target, output, rate, operating_unit_type, success_indicator_data_id) VALUES (nextval('hibernate_sequence'),  0, 0, 0.00, 'EASTERN_SAMAR_PO', 35);
INSERT INTO operating_unit_data (id,  target, output, rate, operating_unit_type, success_indicator_data_id) VALUES (nextval('hibernate_sequence'),  0, 0, 0.00, 'NORTHERN_SAMAR_PO', 35);
INSERT INTO operating_unit_data (id,  target, output, rate, operating_unit_type, success_indicator_data_id) VALUES (nextval('hibernate_sequence'),  0, 0, 0.00, 'TESDA_RO', 35);
INSERT INTO operating_unit_data (id,  target, output, rate, operating_unit_type, success_indicator_data_id) VALUES (nextval('hibernate_sequence'),  10, 0, 0.00, 'TOTAL', 35);


INSERT INTO success_indicator_data (id,  target, measures, pap_data_id, is_accumulated, is_percentage) VALUES (36,   342, 'Assessment Center Audited', 10, 'Y', 'N');

INSERT INTO operating_unit_data (id,  target, output, rate, operating_unit_type, success_indicator_data_id) VALUES (nextval('hibernate_sequence'),  0, 0, 0.00, 'LEYTE_PO', 36);
INSERT INTO operating_unit_data (id,  target, output, rate, operating_unit_type, success_indicator_data_id) VALUES (nextval('hibernate_sequence'),  0, 0, 0.00, 'BILIRAN_PO', 36);
INSERT INTO operating_unit_data (id,  target, output, rate, operating_unit_type, success_indicator_data_id) VALUES (nextval('hibernate_sequence'),  0, 0, 0.00, 'SOUTHERN_LEYTE_PO', 36);
INSERT INTO operating_unit_data (id,  target, output, rate, operating_unit_type, success_indicator_data_id) VALUES (nextval('hibernate_sequence'),  0, 0, 0.00, 'SAMAR_PO', 36);
INSERT INTO operating_unit_data (id,  target, output, rate, operating_unit_type, success_indicator_data_id) VALUES (nextval('hibernate_sequence'),  0, 0, 0.00, 'EASTERN_SAMAR_PO', 36);
INSERT INTO operating_unit_data (id,  target, output, rate, operating_unit_type, success_indicator_data_id) VALUES (nextval('hibernate_sequence'),  0, 0, 0.00, 'NORTHERN_SAMAR_PO', 36);
INSERT INTO operating_unit_data (id,  target, output, rate, operating_unit_type, success_indicator_data_id) VALUES (nextval('hibernate_sequence'),  0, 0, 0.00, 'TESDA_RO', 36);
INSERT INTO operating_unit_data (id,  target, output, rate, operating_unit_type, success_indicator_data_id) VALUES (nextval('hibernate_sequence'),  342, 0, 0.00, 'TOTAL', 36);


INSERT INTO success_indicator_data (id,  target, measures, pap_data_id, is_accumulated, is_percentage) VALUES (37,   4, 'Provincial Lead Assessors trained', 10, 'Y', 'N');

INSERT INTO operating_unit_data (id,  target, output, rate, operating_unit_type, success_indicator_data_id) VALUES (nextval('hibernate_sequence'),  0, 0, 0.00, 'LEYTE_PO', 37);
INSERT INTO operating_unit_data (id,  target, output, rate, operating_unit_type, success_indicator_data_id) VALUES (nextval('hibernate_sequence'),  0, 0, 0.00, 'BILIRAN_PO', 37);
INSERT INTO operating_unit_data (id,  target, output, rate, operating_unit_type, success_indicator_data_id) VALUES (nextval('hibernate_sequence'),  0, 0, 0.00, 'SOUTHERN_LEYTE_PO', 37);
INSERT INTO operating_unit_data (id,  target, output, rate, operating_unit_type, success_indicator_data_id) VALUES (nextval('hibernate_sequence'),  0, 0, 0.00, 'SAMAR_PO', 37);
INSERT INTO operating_unit_data (id,  target, output, rate, operating_unit_type, success_indicator_data_id) VALUES (nextval('hibernate_sequence'),  0, 0, 0.00, 'EASTERN_SAMAR_PO', 37);
INSERT INTO operating_unit_data (id,  target, output, rate, operating_unit_type, success_indicator_data_id) VALUES (nextval('hibernate_sequence'),  0, 0, 0.00, 'NORTHERN_SAMAR_PO', 37);
INSERT INTO operating_unit_data (id,  target, output, rate, operating_unit_type, success_indicator_data_id) VALUES (nextval('hibernate_sequence'),  0, 0, 0.00, 'TESDA_RO', 37);
INSERT INTO operating_unit_data (id,  target, output, rate, operating_unit_type, success_indicator_data_id) VALUES (nextval('hibernate_sequence'),  4, 0, 0.00, 'TOTAL', 37);



INSERT INTO pap_data (id,  name, pap_group_type) VALUES (11, 'Expansion of Assessment and Certification Infrastructure', 'TESDRP');

INSERT INTO success_indicator_data (id,  target, measures, pap_data_id, is_accumulated, is_percentage) VALUES (38,   6, 'Capacity-building for Provincial Lead Assessors conducted through zoom subscription', 11, 'Y', 'N');

INSERT INTO operating_unit_data (id,  target, output, rate, operating_unit_type, success_indicator_data_id) VALUES (nextval('hibernate_sequence'),  0, 0, 0.00, 'LEYTE_PO', 38);
INSERT INTO operating_unit_data (id,  target, output, rate, operating_unit_type, success_indicator_data_id) VALUES (nextval('hibernate_sequence'),  0, 0, 0.00, 'BILIRAN_PO', 38);
INSERT INTO operating_unit_data (id,  target, output, rate, operating_unit_type, success_indicator_data_id) VALUES (nextval('hibernate_sequence'),  0, 0, 0.00, 'SOUTHERN_LEYTE_PO', 38);
INSERT INTO operating_unit_data (id,  target, output, rate, operating_unit_type, success_indicator_data_id) VALUES (nextval('hibernate_sequence'),  0, 0, 0.00, 'SAMAR_PO', 38);
INSERT INTO operating_unit_data (id,  target, output, rate, operating_unit_type, success_indicator_data_id) VALUES (nextval('hibernate_sequence'),  0, 0, 0.00, 'EASTERN_SAMAR_PO', 38);
INSERT INTO operating_unit_data (id,  target, output, rate, operating_unit_type, success_indicator_data_id) VALUES (nextval('hibernate_sequence'),  0, 0, 0.00, 'NORTHERN_SAMAR_PO', 38);
INSERT INTO operating_unit_data (id,  target, output, rate, operating_unit_type, success_indicator_data_id) VALUES (nextval('hibernate_sequence'),  0, 0, 0.00, 'TESDA_RO', 38);
INSERT INTO operating_unit_data (id,  target, output, rate, operating_unit_type, success_indicator_data_id) VALUES (nextval('hibernate_sequence'),  6, 0, 0.00, 'TOTAL', 38);



INSERT INTO pap_data (id,  name, pap_group_type) VALUES (12, 'Industry-based Certification', 'TESDRP');

INSERT INTO success_indicator_data (id,  target, measures, pap_data_id, is_accumulated, is_percentage) VALUES (39,   1, 'industry board activated', 12, 'Y', 'N');

INSERT INTO operating_unit_data (id,  target, output, rate, operating_unit_type, success_indicator_data_id) VALUES (nextval('hibernate_sequence'),  0, 0, 0.00, 'LEYTE_PO', 39);
INSERT INTO operating_unit_data (id,  target, output, rate, operating_unit_type, success_indicator_data_id) VALUES (nextval('hibernate_sequence'),  0, 0, 0.00, 'BILIRAN_PO', 39);
INSERT INTO operating_unit_data (id,  target, output, rate, operating_unit_type, success_indicator_data_id) VALUES (nextval('hibernate_sequence'),  0, 0, 0.00, 'SOUTHERN_LEYTE_PO', 39);
INSERT INTO operating_unit_data (id,  target, output, rate, operating_unit_type, success_indicator_data_id) VALUES (nextval('hibernate_sequence'),  0, 0, 0.00, 'SAMAR_PO', 39);
INSERT INTO operating_unit_data (id,  target, output, rate, operating_unit_type, success_indicator_data_id) VALUES (nextval('hibernate_sequence'),  0, 0, 0.00, 'EASTERN_SAMAR_PO', 39);
INSERT INTO operating_unit_data (id,  target, output, rate, operating_unit_type, success_indicator_data_id) VALUES (nextval('hibernate_sequence'),  0, 0, 0.00, 'NORTHERN_SAMAR_PO', 39);
INSERT INTO operating_unit_data (id,  target, output, rate, operating_unit_type, success_indicator_data_id) VALUES (nextval('hibernate_sequence'),  0, 0, 0.00, 'TESDA_RO', 39);
INSERT INTO operating_unit_data (id,  target, output, rate, operating_unit_type, success_indicator_data_id) VALUES (nextval('hibernate_sequence'),  1, 0, 0.00, 'TOTAL', 39);


INSERT INTO pap_data (id,  name, pap_group_type) VALUES (13, 'Blended Learning Delivery System', 'TESDRP');

INSERT INTO success_indicator_data (id,  target, measures, pap_data_id, is_accumulated, is_percentage) VALUES (40,   5, 'new blended online program', 13, 'Y', 'N');

INSERT INTO operating_unit_data (id,  target, output, rate, operating_unit_type, success_indicator_data_id) VALUES (nextval('hibernate_sequence'),  0, 0, 0.00, 'LEYTE_PO', 40);
INSERT INTO operating_unit_data (id,  target, output, rate, operating_unit_type, success_indicator_data_id) VALUES (nextval('hibernate_sequence'),  0, 0, 0.00, 'BILIRAN_PO', 40);
INSERT INTO operating_unit_data (id,  target, output, rate, operating_unit_type, success_indicator_data_id) VALUES (nextval('hibernate_sequence'),  0, 0, 0.00, 'SOUTHERN_LEYTE_PO', 40);
INSERT INTO operating_unit_data (id,  target, output, rate, operating_unit_type, success_indicator_data_id) VALUES (nextval('hibernate_sequence'),  0, 0, 0.00, 'SAMAR_PO', 40);
INSERT INTO operating_unit_data (id,  target, output, rate, operating_unit_type, success_indicator_data_id) VALUES (nextval('hibernate_sequence'),  0, 0, 0.00, 'EASTERN_SAMAR_PO', 40);
INSERT INTO operating_unit_data (id,  target, output, rate, operating_unit_type, success_indicator_data_id) VALUES (nextval('hibernate_sequence'),  0, 0, 0.00, 'NORTHERN_SAMAR_PO', 40);
INSERT INTO operating_unit_data (id,  target, output, rate, operating_unit_type, success_indicator_data_id) VALUES (nextval('hibernate_sequence'),  0, 0, 0.00, 'TESDA_RO', 40);
INSERT INTO operating_unit_data (id,  target, output, rate, operating_unit_type, success_indicator_data_id) VALUES (nextval('hibernate_sequence'),  5, 0, 0.00, 'TOTAL', 40);


/* Technical Education and Skills Development Programs */


INSERT INTO pap_data (id,  name, pap_group_type) VALUES (14, 'TTI''s Operations', 'TESDP');

INSERT INTO success_indicator_data (id,  target, measures, pap_data_id, is_accumulated, is_percentage) VALUES (41,   9250, 'TTI enrollees', 14, 'Y', 'N');

INSERT INTO operating_unit_data (id,  target, output, rate, operating_unit_type, success_indicator_data_id) VALUES (nextval('hibernate_sequence'),  0, 0, 0.00, 'LEYTE_PO', 41);
INSERT INTO operating_unit_data (id,  target, output, rate, operating_unit_type, success_indicator_data_id) VALUES (nextval('hibernate_sequence'),  0, 0, 0.00, 'BILIRAN_PO', 41);
INSERT INTO operating_unit_data (id,  target, output, rate, operating_unit_type, success_indicator_data_id) VALUES (nextval('hibernate_sequence'),  0, 0, 0.00, 'SOUTHERN_LEYTE_PO', 41);
INSERT INTO operating_unit_data (id,  target, output, rate, operating_unit_type, success_indicator_data_id) VALUES (nextval('hibernate_sequence'),  0, 0, 0.00, 'SAMAR_PO', 41);
INSERT INTO operating_unit_data (id,  target, output, rate, operating_unit_type, success_indicator_data_id) VALUES (nextval('hibernate_sequence'),  0, 0, 0.00, 'EASTERN_SAMAR_PO', 41);
INSERT INTO operating_unit_data (id,  target, output, rate, operating_unit_type, success_indicator_data_id) VALUES (nextval('hibernate_sequence'),  0, 0, 0.00, 'NORTHERN_SAMAR_PO', 41);
INSERT INTO operating_unit_data (id,  target, output, rate, operating_unit_type, success_indicator_data_id) VALUES (nextval('hibernate_sequence'),  0, 0, 0.00, 'TESDA_RO', 41);
INSERT INTO operating_unit_data (id,  target, output, rate, operating_unit_type, success_indicator_data_id) VALUES (nextval('hibernate_sequence'),  9250, 0, 0.00, 'TOTAL', 41);


INSERT INTO success_indicator_data (id,  target, measures, pap_data_id, is_accumulated, is_percentage) VALUES (42,   8880, 'TTI graduates', 14, 'Y', 'N');

INSERT INTO operating_unit_data (id,  target, output, rate, operating_unit_type, success_indicator_data_id) VALUES (nextval('hibernate_sequence'),  0, 0, 0.00, 'LEYTE_PO', 42);
INSERT INTO operating_unit_data (id,  target, output, rate, operating_unit_type, success_indicator_data_id) VALUES (nextval('hibernate_sequence'),  0, 0, 0.00, 'BILIRAN_PO', 42);
INSERT INTO operating_unit_data (id,  target, output, rate, operating_unit_type, success_indicator_data_id) VALUES (nextval('hibernate_sequence'),  0, 0, 0.00, 'SOUTHERN_LEYTE_PO', 42);
INSERT INTO operating_unit_data (id,  target, output, rate, operating_unit_type, success_indicator_data_id) VALUES (nextval('hibernate_sequence'),  0, 0, 0.00, 'SAMAR_PO', 42);
INSERT INTO operating_unit_data (id,  target, output, rate, operating_unit_type, success_indicator_data_id) VALUES (nextval('hibernate_sequence'),  0, 0, 0.00, 'EASTERN_SAMAR_PO', 42);
INSERT INTO operating_unit_data (id,  target, output, rate, operating_unit_type, success_indicator_data_id) VALUES (nextval('hibernate_sequence'),  0, 0, 0.00, 'NORTHERN_SAMAR_PO', 42);
INSERT INTO operating_unit_data (id,  target, output, rate, operating_unit_type, success_indicator_data_id) VALUES (nextval('hibernate_sequence'),  0, 0, 0.00, 'TESDA_RO', 42);
INSERT INTO operating_unit_data (id,  target, output, rate, operating_unit_type, success_indicator_data_id) VALUES (nextval('hibernate_sequence'),  8880, 0, 0.00, 'TOTAL', 42);


INSERT INTO pap_data (id,  name, pap_group_type) VALUES (15, 'PPEs, baked products and farm produce for frontliners', 'TESDP');

INSERT INTO success_indicator_data (id,  target, measures, pap_data_id, is_accumulated, is_percentage) VALUES (43,   1, 'Monitoring report prepared and submitted', 15, 'Y', 'N');

INSERT INTO operating_unit_data (id,  target, output, rate, operating_unit_type, success_indicator_data_id) VALUES (nextval('hibernate_sequence'),  0, 0, 0.00, 'LEYTE_PO', 43);
INSERT INTO operating_unit_data (id,  target, output, rate, operating_unit_type, success_indicator_data_id) VALUES (nextval('hibernate_sequence'),  0, 0, 0.00, 'BILIRAN_PO', 43);
INSERT INTO operating_unit_data (id,  target, output, rate, operating_unit_type, success_indicator_data_id) VALUES (nextval('hibernate_sequence'),  0, 0, 0.00, 'SOUTHERN_LEYTE_PO', 43);
INSERT INTO operating_unit_data (id,  target, output, rate, operating_unit_type, success_indicator_data_id) VALUES (nextval('hibernate_sequence'),  0, 0, 0.00, 'SAMAR_PO', 43);
INSERT INTO operating_unit_data (id,  target, output, rate, operating_unit_type, success_indicator_data_id) VALUES (nextval('hibernate_sequence'),  0, 0, 0.00, 'EASTERN_SAMAR_PO', 43);
INSERT INTO operating_unit_data (id,  target, output, rate, operating_unit_type, success_indicator_data_id) VALUES (nextval('hibernate_sequence'),  0, 0, 0.00, 'NORTHERN_SAMAR_PO', 43);
INSERT INTO operating_unit_data (id,  target, output, rate, operating_unit_type, success_indicator_data_id) VALUES (nextval('hibernate_sequence'),  0, 0, 0.00, 'TESDA_RO', 43);
INSERT INTO operating_unit_data (id,  target, output, rate, operating_unit_type, success_indicator_data_id) VALUES (nextval('hibernate_sequence'),  0, 0, 0.00, 'TOTAL', 43);

INSERT INTO success_indicator_data (id,  target, measures, pap_data_id, is_accumulated, is_percentage) VALUES (44,   6, 'programs conducted for the production of PPEs (face masks, face shields, protective body suits, goggles, hand sanitizer and surface disinfectants) through training-cum-production', 15, 'Y', 'N');

INSERT INTO operating_unit_data (id,  target, output, rate, operating_unit_type, success_indicator_data_id) VALUES (nextval('hibernate_sequence'),  0, 0, 0.00, 'LEYTE_PO', 44);
INSERT INTO operating_unit_data (id,  target, output, rate, operating_unit_type, success_indicator_data_id) VALUES (nextval('hibernate_sequence'),  0, 0, 0.00, 'BILIRAN_PO', 44);
INSERT INTO operating_unit_data (id,  target, output, rate, operating_unit_type, success_indicator_data_id) VALUES (nextval('hibernate_sequence'),  0, 0, 0.00, 'SOUTHERN_LEYTE_PO', 44);
INSERT INTO operating_unit_data (id,  target, output, rate, operating_unit_type, success_indicator_data_id) VALUES (nextval('hibernate_sequence'),  0, 0, 0.00, 'SAMAR_PO', 44);
INSERT INTO operating_unit_data (id,  target, output, rate, operating_unit_type, success_indicator_data_id) VALUES (nextval('hibernate_sequence'),  0, 0, 0.00, 'EASTERN_SAMAR_PO', 44);
INSERT INTO operating_unit_data (id,  target, output, rate, operating_unit_type, success_indicator_data_id) VALUES (nextval('hibernate_sequence'),  0, 0, 0.00, 'NORTHERN_SAMAR_PO', 44);
INSERT INTO operating_unit_data (id,  target, output, rate, operating_unit_type, success_indicator_data_id) VALUES (nextval('hibernate_sequence'),  0, 0, 0.00, 'TESDA_RO', 44);
INSERT INTO operating_unit_data (id,  target, output, rate, operating_unit_type, success_indicator_data_id) VALUES (nextval('hibernate_sequence'),  6, 0, 0.00, 'TOTAL', 44);



INSERT INTO pap_data (id,  name, pap_group_type) VALUES (16, 'Construction for PTTC', 'TESDP');

INSERT INTO success_indicator_data (id,  target, measures, pap_data_id, is_accumulated, is_percentage) VALUES (45,   1, 'Monitoring Report', 16, 'Y', 'N');

INSERT INTO operating_unit_data (id,  target, output, rate, operating_unit_type, success_indicator_data_id) VALUES (nextval('hibernate_sequence'),  0, 0, 0.00, 'LEYTE_PO', 45);
INSERT INTO operating_unit_data (id,  target, output, rate, operating_unit_type, success_indicator_data_id) VALUES (nextval('hibernate_sequence'),  0, 0, 0.00, 'BILIRAN_PO', 45);
INSERT INTO operating_unit_data (id,  target, output, rate, operating_unit_type, success_indicator_data_id) VALUES (nextval('hibernate_sequence'),  0, 0, 0.00, 'SOUTHERN_LEYTE_PO', 45);
INSERT INTO operating_unit_data (id,  target, output, rate, operating_unit_type, success_indicator_data_id) VALUES (nextval('hibernate_sequence'),  0, 0, 0.00, 'SAMAR_PO', 45);
INSERT INTO operating_unit_data (id,  target, output, rate, operating_unit_type, success_indicator_data_id) VALUES (nextval('hibernate_sequence'),  0, 0, 0.00, 'EASTERN_SAMAR_PO', 45);
INSERT INTO operating_unit_data (id,  target, output, rate, operating_unit_type, success_indicator_data_id) VALUES (nextval('hibernate_sequence'),  0, 0, 0.00, 'NORTHERN_SAMAR_PO', 45);
INSERT INTO operating_unit_data (id,  target, output, rate, operating_unit_type, success_indicator_data_id) VALUES (nextval('hibernate_sequence'),  0, 0, 0.00, 'TESDA_RO', 45);
INSERT INTO operating_unit_data (id,  target, output, rate, operating_unit_type, success_indicator_data_id) VALUES (nextval('hibernate_sequence'),  1, 0, 0.00, 'TOTAL', 45);




INSERT INTO pap_data (id,  name, pap_group_type) VALUES (17, 'Farm Mechanization of TTIs', 'TESDP');

INSERT INTO success_indicator_data (id,  target, measures, pap_data_id, is_accumulated, is_percentage) VALUES (46,   1, 'Monitoring report on the procurement of farm machineries', 17, 'Y', 'N');

INSERT INTO operating_unit_data (id,  target, output, rate, operating_unit_type, success_indicator_data_id) VALUES (nextval('hibernate_sequence'),  0, 0, 0.00, 'LEYTE_PO', 46);
INSERT INTO operating_unit_data (id,  target, output, rate, operating_unit_type, success_indicator_data_id) VALUES (nextval('hibernate_sequence'),  0, 0, 0.00, 'BILIRAN_PO', 46);
INSERT INTO operating_unit_data (id,  target, output, rate, operating_unit_type, success_indicator_data_id) VALUES (nextval('hibernate_sequence'),  0, 0, 0.00, 'SOUTHERN_LEYTE_PO', 46);
INSERT INTO operating_unit_data (id,  target, output, rate, operating_unit_type, success_indicator_data_id) VALUES (nextval('hibernate_sequence'),  0, 0, 0.00, 'SAMAR_PO', 46);
INSERT INTO operating_unit_data (id,  target, output, rate, operating_unit_type, success_indicator_data_id) VALUES (nextval('hibernate_sequence'),  0, 0, 0.00, 'EASTERN_SAMAR_PO', 46);
INSERT INTO operating_unit_data (id,  target, output, rate, operating_unit_type, success_indicator_data_id) VALUES (nextval('hibernate_sequence'),  0, 0, 0.00, 'NORTHERN_SAMAR_PO', 46);
INSERT INTO operating_unit_data (id,  target, output, rate, operating_unit_type, success_indicator_data_id) VALUES (nextval('hibernate_sequence'),  0, 0, 0.00, 'TESDA_RO', 46);
INSERT INTO operating_unit_data (id,  target, output, rate, operating_unit_type, success_indicator_data_id) VALUES (nextval('hibernate_sequence'),  1, 0, 0.00, 'TOTAL', 46);


INSERT INTO success_indicator_data (id,  target, measures, pap_data_id, is_accumulated, is_percentage) VALUES (47,   12, 'TTI trainers attended ToT, RSTC and RMST', 17, 'Y', 'N');

INSERT INTO operating_unit_data (id,  target, output, rate, operating_unit_type, success_indicator_data_id) VALUES (nextval('hibernate_sequence'),  0, 0, 0.00, 'LEYTE_PO', 47);
INSERT INTO operating_unit_data (id,  target, output, rate, operating_unit_type, success_indicator_data_id) VALUES (nextval('hibernate_sequence'),  0, 0, 0.00, 'BILIRAN_PO', 47);
INSERT INTO operating_unit_data (id,  target, output, rate, operating_unit_type, success_indicator_data_id) VALUES (nextval('hibernate_sequence'),  0, 0, 0.00, 'SOUTHERN_LEYTE_PO', 47);
INSERT INTO operating_unit_data (id,  target, output, rate, operating_unit_type, success_indicator_data_id) VALUES (nextval('hibernate_sequence'),  0, 0, 0.00, 'SAMAR_PO', 47);
INSERT INTO operating_unit_data (id,  target, output, rate, operating_unit_type, success_indicator_data_id) VALUES (nextval('hibernate_sequence'),  0, 0, 0.00, 'EASTERN_SAMAR_PO', 47);
INSERT INTO operating_unit_data (id,  target, output, rate, operating_unit_type, success_indicator_data_id) VALUES (nextval('hibernate_sequence'),  0, 0, 0.00, 'NORTHERN_SAMAR_PO', 47);
INSERT INTO operating_unit_data (id,  target, output, rate, operating_unit_type, success_indicator_data_id) VALUES (nextval('hibernate_sequence'),  0, 0, 0.00, 'TESDA_RO', 47);
INSERT INTO operating_unit_data (id,  target, output, rate, operating_unit_type, success_indicator_data_id) VALUES (nextval('hibernate_sequence'),  1, 0, 0.00, 'TOTAL', 47);



INSERT INTO pap_data (id,  name, pap_group_type) VALUES (18, 'Monitoring of EGAC/ T2MIS/Post-training assistance', 'TESDP');

INSERT INTO success_indicator_data (id,  target, measures, pap_data_id, is_accumulated, is_percentage) VALUES (48,   12359, 'graduates from technical education and skills development scholarship programs that are employed ', 18, 'Y', 'N');

INSERT INTO operating_unit_data (id,  target, output, rate, operating_unit_type, success_indicator_data_id) VALUES (nextval('hibernate_sequence'),  0, 0, 0.00, 'LEYTE_PO', 48);
INSERT INTO operating_unit_data (id,  target, output, rate, operating_unit_type, success_indicator_data_id) VALUES (nextval('hibernate_sequence'),  0, 0, 0.00, 'BILIRAN_PO', 48);
INSERT INTO operating_unit_data (id,  target, output, rate, operating_unit_type, success_indicator_data_id) VALUES (nextval('hibernate_sequence'),  0, 0, 0.00, 'SOUTHERN_LEYTE_PO', 48);
INSERT INTO operating_unit_data (id,  target, output, rate, operating_unit_type, success_indicator_data_id) VALUES (nextval('hibernate_sequence'),  0, 0, 0.00, 'SAMAR_PO', 48);
INSERT INTO operating_unit_data (id,  target, output, rate, operating_unit_type, success_indicator_data_id) VALUES (nextval('hibernate_sequence'),  0, 0, 0.00, 'EASTERN_SAMAR_PO', 48);
INSERT INTO operating_unit_data (id,  target, output, rate, operating_unit_type, success_indicator_data_id) VALUES (nextval('hibernate_sequence'),  0, 0, 0.00, 'NORTHERN_SAMAR_PO', 48);
INSERT INTO operating_unit_data (id,  target, output, rate, operating_unit_type, success_indicator_data_id) VALUES (nextval('hibernate_sequence'),  0, 0, 0.00, 'TESDA_RO', 48);
INSERT INTO operating_unit_data (id,  target, output, rate, operating_unit_type, success_indicator_data_id) VALUES (nextval('hibernate_sequence'),  1, 0, 0.00, 'TOTAL', 48);


INSERT INTO pap_data (id,  name, pap_group_type) VALUES (19, 'Number of training institutions/establishments/ assessment centers provided with technical assistance', 'TESDP');

INSERT INTO success_indicator_data (id,  target, measures, pap_data_id, is_accumulated, is_percentage) VALUES (49,   148, 'training institutions/ establishments/assessment centers provided with technical assistance', 19, 'Y', 'N');

INSERT INTO operating_unit_data (id,  target, output, rate, operating_unit_type, success_indicator_data_id) VALUES (nextval('hibernate_sequence'),  0, 0, 0.00, 'LEYTE_PO', 49);
INSERT INTO operating_unit_data (id,  target, output, rate, operating_unit_type, success_indicator_data_id) VALUES (nextval('hibernate_sequence'),  0, 0, 0.00, 'BILIRAN_PO', 49);
INSERT INTO operating_unit_data (id,  target, output, rate, operating_unit_type, success_indicator_data_id) VALUES (nextval('hibernate_sequence'),  0, 0, 0.00, 'SOUTHERN_LEYTE_PO', 49);
INSERT INTO operating_unit_data (id,  target, output, rate, operating_unit_type, success_indicator_data_id) VALUES (nextval('hibernate_sequence'),  0, 0, 0.00, 'SAMAR_PO', 49);
INSERT INTO operating_unit_data (id,  target, output, rate, operating_unit_type, success_indicator_data_id) VALUES (nextval('hibernate_sequence'),  0, 0, 0.00, 'EASTERN_SAMAR_PO', 49);
INSERT INTO operating_unit_data (id,  target, output, rate, operating_unit_type, success_indicator_data_id) VALUES (nextval('hibernate_sequence'),  0, 0, 0.00, 'NORTHERN_SAMAR_PO', 49);
INSERT INTO operating_unit_data (id,  target, output, rate, operating_unit_type, success_indicator_data_id) VALUES (nextval('hibernate_sequence'),  0, 0, 0.00, 'TESDA_RO', 49);
INSERT INTO operating_unit_data (id,  target, output, rate, operating_unit_type, success_indicator_data_id) VALUES (nextval('hibernate_sequence'),  1, 0, 0.00, 'TOTAL', 49);


INSERT INTO pap_data (id,  name, pap_group_type) VALUES (20, 'Scholarship Programs', 'TESDP');

INSERT INTO success_indicator_data (id,  target, measures, pap_data_id, is_accumulated, is_percentage) VALUES (50,   148, 'graduates from technical education and skills development scholarship programs', 20, 'Y', 'N');

INSERT INTO operating_unit_data (id,  target, output, rate, operating_unit_type, success_indicator_data_id) VALUES (nextval('hibernate_sequence'),  0, 0, 0.00, 'LEYTE_PO', 50);
INSERT INTO operating_unit_data (id,  target, output, rate, operating_unit_type, success_indicator_data_id) VALUES (nextval('hibernate_sequence'),  0, 0, 0.00, 'BILIRAN_PO', 50);
INSERT INTO operating_unit_data (id,  target, output, rate, operating_unit_type, success_indicator_data_id) VALUES (nextval('hibernate_sequence'),  0, 0, 0.00, 'SOUTHERN_LEYTE_PO', 50);
INSERT INTO operating_unit_data (id,  target, output, rate, operating_unit_type, success_indicator_data_id) VALUES (nextval('hibernate_sequence'),  0, 0, 0.00, 'SAMAR_PO', 50);
INSERT INTO operating_unit_data (id,  target, output, rate, operating_unit_type, success_indicator_data_id) VALUES (nextval('hibernate_sequence'),  0, 0, 0.00, 'EASTERN_SAMAR_PO', 50);
INSERT INTO operating_unit_data (id,  target, output, rate, operating_unit_type, success_indicator_data_id) VALUES (nextval('hibernate_sequence'),  0, 0, 0.00, 'NORTHERN_SAMAR_PO', 50);
INSERT INTO operating_unit_data (id,  target, output, rate, operating_unit_type, success_indicator_data_id) VALUES (nextval('hibernate_sequence'),  0, 0, 0.00, 'TESDA_RO', 50);
INSERT INTO operating_unit_data (id,  target, output, rate, operating_unit_type, success_indicator_data_id) VALUES (nextval('hibernate_sequence'),  1, 0, 0.00, 'TOTAL', 50);



INSERT INTO pap_data (id,  name, pap_group_type) VALUES (21, 'Universal Access to Quality Tertiary Education Act (UAQTEA)', 'TESDP');

INSERT INTO success_indicator_data (id,  target, measures, pap_data_id, is_accumulated, is_percentage) VALUES (51,   6250, 'enrolees', 21, 'Y', 'N');

INSERT INTO operating_unit_data (id,  target, output, rate, operating_unit_type, success_indicator_data_id) VALUES (nextval('hibernate_sequence'),  0, 0, 0.00, 'LEYTE_PO', 51);
INSERT INTO operating_unit_data (id,  target, output, rate, operating_unit_type, success_indicator_data_id) VALUES (nextval('hibernate_sequence'),  0, 0, 0.00, 'BILIRAN_PO', 51);
INSERT INTO operating_unit_data (id,  target, output, rate, operating_unit_type, success_indicator_data_id) VALUES (nextval('hibernate_sequence'),  0, 0, 0.00, 'SOUTHERN_LEYTE_PO', 51);
INSERT INTO operating_unit_data (id,  target, output, rate, operating_unit_type, success_indicator_data_id) VALUES (nextval('hibernate_sequence'),  0, 0, 0.00, 'SAMAR_PO', 51);
INSERT INTO operating_unit_data (id,  target, output, rate, operating_unit_type, success_indicator_data_id) VALUES (nextval('hibernate_sequence'),  0, 0, 0.00, 'EASTERN_SAMAR_PO', 51);
INSERT INTO operating_unit_data (id,  target, output, rate, operating_unit_type, success_indicator_data_id) VALUES (nextval('hibernate_sequence'),  0, 0, 0.00, 'NORTHERN_SAMAR_PO', 51);
INSERT INTO operating_unit_data (id,  target, output, rate, operating_unit_type, success_indicator_data_id) VALUES (nextval('hibernate_sequence'),  0, 0, 0.00, 'TESDA_RO', 51);
INSERT INTO operating_unit_data (id,  target, output, rate, operating_unit_type, success_indicator_data_id) VALUES (nextval('hibernate_sequence'),  1, 0, 0.00, 'TOTAL', 51);


INSERT INTO success_indicator_data (id,  target, measures, pap_data_id, is_accumulated, is_percentage) VALUES (52,   5938, 'graduates', 21, 'Y', 'N');

INSERT INTO operating_unit_data (id,  target, output, rate, operating_unit_type, success_indicator_data_id) VALUES (nextval('hibernate_sequence'),  0, 0, 0.00, 'LEYTE_PO', 52);
INSERT INTO operating_unit_data (id,  target, output, rate, operating_unit_type, success_indicator_data_id) VALUES (nextval('hibernate_sequence'),  0, 0, 0.00, 'BILIRAN_PO', 52);
INSERT INTO operating_unit_data (id,  target, output, rate, operating_unit_type, success_indicator_data_id) VALUES (nextval('hibernate_sequence'),  0, 0, 0.00, 'SOUTHERN_LEYTE_PO', 52);
INSERT INTO operating_unit_data (id,  target, output, rate, operating_unit_type, success_indicator_data_id) VALUES (nextval('hibernate_sequence'),  0, 0, 0.00, 'SAMAR_PO', 52);
INSERT INTO operating_unit_data (id,  target, output, rate, operating_unit_type, success_indicator_data_id) VALUES (nextval('hibernate_sequence'),  0, 0, 0.00, 'EASTERN_SAMAR_PO', 52);
INSERT INTO operating_unit_data (id,  target, output, rate, operating_unit_type, success_indicator_data_id) VALUES (nextval('hibernate_sequence'),  0, 0, 0.00, 'NORTHERN_SAMAR_PO', 52);
INSERT INTO operating_unit_data (id,  target, output, rate, operating_unit_type, success_indicator_data_id) VALUES (nextval('hibernate_sequence'),  0, 0, 0.00, 'TESDA_RO', 52);
INSERT INTO operating_unit_data (id,  target, output, rate, operating_unit_type, success_indicator_data_id) VALUES (nextval('hibernate_sequence'),  1, 0, 0.00, 'TOTAL', 52);



INSERT INTO pap_data (id,  name, pap_group_type) VALUES (22, 'Training for Work Scholarship Program (TWSP)', 'TESDP');

INSERT INTO success_indicator_data (id,  target, measures, pap_data_id, is_accumulated, is_percentage) VALUES (53,   2119, 'TWSP subsidized enrollees', 22, 'Y', 'N');

INSERT INTO operating_unit_data (id,  target, output, rate, operating_unit_type, success_indicator_data_id) VALUES (nextval('hibernate_sequence'),  0, 0, 0.00, 'LEYTE_PO', 53);
INSERT INTO operating_unit_data (id,  target, output, rate, operating_unit_type, success_indicator_data_id) VALUES (nextval('hibernate_sequence'),  0, 0, 0.00, 'BILIRAN_PO', 53);
INSERT INTO operating_unit_data (id,  target, output, rate, operating_unit_type, success_indicator_data_id) VALUES (nextval('hibernate_sequence'),  0, 0, 0.00, 'SOUTHERN_LEYTE_PO', 53);
INSERT INTO operating_unit_data (id,  target, output, rate, operating_unit_type, success_indicator_data_id) VALUES (nextval('hibernate_sequence'),  0, 0, 0.00, 'SAMAR_PO', 53);
INSERT INTO operating_unit_data (id,  target, output, rate, operating_unit_type, success_indicator_data_id) VALUES (nextval('hibernate_sequence'),  0, 0, 0.00, 'EASTERN_SAMAR_PO', 53);
INSERT INTO operating_unit_data (id,  target, output, rate, operating_unit_type, success_indicator_data_id) VALUES (nextval('hibernate_sequence'),  0, 0, 0.00, 'NORTHERN_SAMAR_PO', 53);
INSERT INTO operating_unit_data (id,  target, output, rate, operating_unit_type, success_indicator_data_id) VALUES (nextval('hibernate_sequence'),  0, 0, 0.00, 'TESDA_RO', 53);
INSERT INTO operating_unit_data (id,  target, output, rate, operating_unit_type, success_indicator_data_id) VALUES (nextval('hibernate_sequence'),  1, 0, 0.00, 'TOTAL', 53);


INSERT INTO success_indicator_data (id,  target, measures, pap_data_id, is_accumulated, is_percentage) VALUES (54,   2013, 'TWSP subsidized graduates', 22, 'Y', 'N');

INSERT INTO operating_unit_data (id,  target, output, rate, operating_unit_type, success_indicator_data_id) VALUES (nextval('hibernate_sequence'),  0, 0, 0.00, 'LEYTE_PO', 54);
INSERT INTO operating_unit_data (id,  target, output, rate, operating_unit_type, success_indicator_data_id) VALUES (nextval('hibernate_sequence'),  0, 0, 0.00, 'BILIRAN_PO', 54);
INSERT INTO operating_unit_data (id,  target, output, rate, operating_unit_type, success_indicator_data_id) VALUES (nextval('hibernate_sequence'),  0, 0, 0.00, 'SOUTHERN_LEYTE_PO', 54);
INSERT INTO operating_unit_data (id,  target, output, rate, operating_unit_type, success_indicator_data_id) VALUES (nextval('hibernate_sequence'),  0, 0, 0.00, 'SAMAR_PO', 54);
INSERT INTO operating_unit_data (id,  target, output, rate, operating_unit_type, success_indicator_data_id) VALUES (nextval('hibernate_sequence'),  0, 0, 0.00, 'EASTERN_SAMAR_PO', 54);
INSERT INTO operating_unit_data (id,  target, output, rate, operating_unit_type, success_indicator_data_id) VALUES (nextval('hibernate_sequence'),  0, 0, 0.00, 'NORTHERN_SAMAR_PO', 54);
INSERT INTO operating_unit_data (id,  target, output, rate, operating_unit_type, success_indicator_data_id) VALUES (nextval('hibernate_sequence'),  0, 0, 0.00, 'TESDA_RO', 54);
INSERT INTO operating_unit_data (id,  target, output, rate, operating_unit_type, success_indicator_data_id) VALUES (nextval('hibernate_sequence'),  1, 0, 0.00, 'TOTAL', 54);



INSERT INTO pap_data (id,  name, pap_group_type) VALUES (23, 'Private Education Student Financial Assistance (PESFA)', 'TESDP');

INSERT INTO success_indicator_data (id,  target, measures, pap_data_id, is_accumulated, is_percentage) VALUES (55,   1106, 'PESFA subsidized enrollees', 23, 'Y', 'N');

INSERT INTO operating_unit_data (id,  target, output, rate, operating_unit_type, success_indicator_data_id) VALUES (nextval('hibernate_sequence'),  0, 0, 0.00, 'LEYTE_PO', 55);
INSERT INTO operating_unit_data (id,  target, output, rate, operating_unit_type, success_indicator_data_id) VALUES (nextval('hibernate_sequence'),  0, 0, 0.00, 'BILIRAN_PO', 55);
INSERT INTO operating_unit_data (id,  target, output, rate, operating_unit_type, success_indicator_data_id) VALUES (nextval('hibernate_sequence'),  0, 0, 0.00, 'SOUTHERN_LEYTE_PO', 55);
INSERT INTO operating_unit_data (id,  target, output, rate, operating_unit_type, success_indicator_data_id) VALUES (nextval('hibernate_sequence'),  0, 0, 0.00, 'SAMAR_PO', 55);
INSERT INTO operating_unit_data (id,  target, output, rate, operating_unit_type, success_indicator_data_id) VALUES (nextval('hibernate_sequence'),  0, 0, 0.00, 'EASTERN_SAMAR_PO', 55);
INSERT INTO operating_unit_data (id,  target, output, rate, operating_unit_type, success_indicator_data_id) VALUES (nextval('hibernate_sequence'),  0, 0, 0.00, 'NORTHERN_SAMAR_PO', 55);
INSERT INTO operating_unit_data (id,  target, output, rate, operating_unit_type, success_indicator_data_id) VALUES (nextval('hibernate_sequence'),  0, 0, 0.00, 'TESDA_RO', 55);
INSERT INTO operating_unit_data (id,  target, output, rate, operating_unit_type, success_indicator_data_id) VALUES (nextval('hibernate_sequence'),  1, 0, 0.00, 'TOTAL', 55);


INSERT INTO success_indicator_data (id,  target, measures, pap_data_id, is_accumulated, is_percentage) VALUES (56,   1051, 'PESFA subsidized graduates', 23, 'Y', 'N');

INSERT INTO operating_unit_data (id,  target, output, rate, operating_unit_type, success_indicator_data_id) VALUES (nextval('hibernate_sequence'),  0, 0, 0.00, 'LEYTE_PO', 56);
INSERT INTO operating_unit_data (id,  target, output, rate, operating_unit_type, success_indicator_data_id) VALUES (nextval('hibernate_sequence'),  0, 0, 0.00, 'BILIRAN_PO', 56);
INSERT INTO operating_unit_data (id,  target, output, rate, operating_unit_type, success_indicator_data_id) VALUES (nextval('hibernate_sequence'),  0, 0, 0.00, 'SOUTHERN_LEYTE_PO', 56);
INSERT INTO operating_unit_data (id,  target, output, rate, operating_unit_type, success_indicator_data_id) VALUES (nextval('hibernate_sequence'),  0, 0, 0.00, 'SAMAR_PO', 56);
INSERT INTO operating_unit_data (id,  target, output, rate, operating_unit_type, success_indicator_data_id) VALUES (nextval('hibernate_sequence'),  0, 0, 0.00, 'EASTERN_SAMAR_PO', 56);
INSERT INTO operating_unit_data (id,  target, output, rate, operating_unit_type, success_indicator_data_id) VALUES (nextval('hibernate_sequence'),  0, 0, 0.00, 'NORTHERN_SAMAR_PO', 56);
INSERT INTO operating_unit_data (id,  target, output, rate, operating_unit_type, success_indicator_data_id) VALUES (nextval('hibernate_sequence'),  0, 0, 0.00, 'TESDA_RO', 56);
INSERT INTO operating_unit_data (id,  target, output, rate, operating_unit_type, success_indicator_data_id) VALUES (nextval('hibernate_sequence'),  1, 0, 0.00, 'TOTAL', 56);



INSERT INTO pap_data (id,  name, pap_group_type) VALUES (24, 'Special Training for Employment Program (STEP)', 'TESDP');

INSERT INTO success_indicator_data (id,  target, measures, pap_data_id, is_accumulated, is_percentage) VALUES (57,   1021, 'STEP subsidized enrollees', 24, 'Y', 'N');

INSERT INTO operating_unit_data (id,  target, output, rate, operating_unit_type, success_indicator_data_id) VALUES (nextval('hibernate_sequence'),  0, 0, 0.00, 'LEYTE_PO', 57);
INSERT INTO operating_unit_data (id,  target, output, rate, operating_unit_type, success_indicator_data_id) VALUES (nextval('hibernate_sequence'),  0, 0, 0.00, 'BILIRAN_PO', 57);
INSERT INTO operating_unit_data (id,  target, output, rate, operating_unit_type, success_indicator_data_id) VALUES (nextval('hibernate_sequence'),  0, 0, 0.00, 'SOUTHERN_LEYTE_PO', 57);
INSERT INTO operating_unit_data (id,  target, output, rate, operating_unit_type, success_indicator_data_id) VALUES (nextval('hibernate_sequence'),  0, 0, 0.00, 'SAMAR_PO', 57);
INSERT INTO operating_unit_data (id,  target, output, rate, operating_unit_type, success_indicator_data_id) VALUES (nextval('hibernate_sequence'),  0, 0, 0.00, 'EASTERN_SAMAR_PO', 57);
INSERT INTO operating_unit_data (id,  target, output, rate, operating_unit_type, success_indicator_data_id) VALUES (nextval('hibernate_sequence'),  0, 0, 0.00, 'NORTHERN_SAMAR_PO', 57);
INSERT INTO operating_unit_data (id,  target, output, rate, operating_unit_type, success_indicator_data_id) VALUES (nextval('hibernate_sequence'),  0, 0, 0.00, 'TESDA_RO', 57);
INSERT INTO operating_unit_data (id,  target, output, rate, operating_unit_type, success_indicator_data_id) VALUES (nextval('hibernate_sequence'),  1, 0, 0.00, 'TOTAL', 57);


INSERT INTO success_indicator_data (id,  target, measures, pap_data_id, is_accumulated, is_percentage) VALUES (58,   970, 'STEP subsidized graduates', 24, 'Y', 'N');

INSERT INTO operating_unit_data (id,  target, output, rate, operating_unit_type, success_indicator_data_id) VALUES (nextval('hibernate_sequence'),  0, 0, 0.00, 'LEYTE_PO', 58);
INSERT INTO operating_unit_data (id,  target, output, rate, operating_unit_type, success_indicator_data_id) VALUES (nextval('hibernate_sequence'),  0, 0, 0.00, 'BILIRAN_PO', 58);
INSERT INTO operating_unit_data (id,  target, output, rate, operating_unit_type, success_indicator_data_id) VALUES (nextval('hibernate_sequence'),  0, 0, 0.00, 'SOUTHERN_LEYTE_PO', 58);
INSERT INTO operating_unit_data (id,  target, output, rate, operating_unit_type, success_indicator_data_id) VALUES (nextval('hibernate_sequence'),  0, 0, 0.00, 'SAMAR_PO', 58);
INSERT INTO operating_unit_data (id,  target, output, rate, operating_unit_type, success_indicator_data_id) VALUES (nextval('hibernate_sequence'),  0, 0, 0.00, 'EASTERN_SAMAR_PO', 58);
INSERT INTO operating_unit_data (id,  target, output, rate, operating_unit_type, success_indicator_data_id) VALUES (nextval('hibernate_sequence'),  0, 0, 0.00, 'NORTHERN_SAMAR_PO', 58);
INSERT INTO operating_unit_data (id,  target, output, rate, operating_unit_type, success_indicator_data_id) VALUES (nextval('hibernate_sequence'),  0, 0, 0.00, 'TESDA_RO', 58);
INSERT INTO operating_unit_data (id,  target, output, rate, operating_unit_type, success_indicator_data_id) VALUES (nextval('hibernate_sequence'),  1, 0, 0.00, 'TOTAL', 58);



INSERT INTO pap_data (id,  name, pap_group_type) VALUES (25, 'Rice Extension Services Program (RESP)', 'TESDP');

INSERT INTO success_indicator_data (id,  target, measures, pap_data_id, is_accumulated, is_percentage) VALUES (59,   5655, 'RESP subsidized enrollees', 25, 'Y', 'N');

INSERT INTO operating_unit_data (id,  target, output, rate, operating_unit_type, success_indicator_data_id) VALUES (nextval('hibernate_sequence'),  0, 0, 0.00, 'LEYTE_PO', 59);
INSERT INTO operating_unit_data (id,  target, output, rate, operating_unit_type, success_indicator_data_id) VALUES (nextval('hibernate_sequence'),  0, 0, 0.00, 'BILIRAN_PO', 59);
INSERT INTO operating_unit_data (id,  target, output, rate, operating_unit_type, success_indicator_data_id) VALUES (nextval('hibernate_sequence'),  0, 0, 0.00, 'SOUTHERN_LEYTE_PO', 59);
INSERT INTO operating_unit_data (id,  target, output, rate, operating_unit_type, success_indicator_data_id) VALUES (nextval('hibernate_sequence'),  0, 0, 0.00, 'SAMAR_PO', 59);
INSERT INTO operating_unit_data (id,  target, output, rate, operating_unit_type, success_indicator_data_id) VALUES (nextval('hibernate_sequence'),  0, 0, 0.00, 'EASTERN_SAMAR_PO', 59);
INSERT INTO operating_unit_data (id,  target, output, rate, operating_unit_type, success_indicator_data_id) VALUES (nextval('hibernate_sequence'),  0, 0, 0.00, 'NORTHERN_SAMAR_PO', 59);
INSERT INTO operating_unit_data (id,  target, output, rate, operating_unit_type, success_indicator_data_id) VALUES (nextval('hibernate_sequence'),  0, 0, 0.00, 'TESDA_RO', 59);
INSERT INTO operating_unit_data (id,  target, output, rate, operating_unit_type, success_indicator_data_id) VALUES (nextval('hibernate_sequence'),  1, 0, 0.00, 'TOTAL', 59);

INSERT INTO success_indicator_data (id,  target, measures, pap_data_id, is_accumulated, is_percentage) VALUES (60,   5372, 'RESP subsidized graduates', 25, 'Y', 'N');

INSERT INTO operating_unit_data (id,  target, output, rate, operating_unit_type, success_indicator_data_id) VALUES (nextval('hibernate_sequence'),  0, 0, 0.00, 'LEYTE_PO', 60);
INSERT INTO operating_unit_data (id,  target, output, rate, operating_unit_type, success_indicator_data_id) VALUES (nextval('hibernate_sequence'),  0, 0, 0.00, 'BILIRAN_PO', 60);
INSERT INTO operating_unit_data (id,  target, output, rate, operating_unit_type, success_indicator_data_id) VALUES (nextval('hibernate_sequence'),  0, 0, 0.00, 'SOUTHERN_LEYTE_PO', 60);
INSERT INTO operating_unit_data (id,  target, output, rate, operating_unit_type, success_indicator_data_id) VALUES (nextval('hibernate_sequence'),  0, 0, 0.00, 'SAMAR_PO', 60);
INSERT INTO operating_unit_data (id,  target, output, rate, operating_unit_type, success_indicator_data_id) VALUES (nextval('hibernate_sequence'),  0, 0, 0.00, 'EASTERN_SAMAR_PO', 60);
INSERT INTO operating_unit_data (id,  target, output, rate, operating_unit_type, success_indicator_data_id) VALUES (nextval('hibernate_sequence'),  0, 0, 0.00, 'NORTHERN_SAMAR_PO', 60);
INSERT INTO operating_unit_data (id,  target, output, rate, operating_unit_type, success_indicator_data_id) VALUES (nextval('hibernate_sequence'),  0, 0, 0.00, 'TESDA_RO', 60);
INSERT INTO operating_unit_data (id,  target, output, rate, operating_unit_type, success_indicator_data_id) VALUES (nextval('hibernate_sequence'),  1, 0, 0.00, 'TOTAL', 60);



INSERT INTO pap_data (id,  name, pap_group_type) VALUES (26, 'Institution-based Training Program', 'TESDP');

INSERT INTO success_indicator_data (id,  target, measures, pap_data_id, is_accumulated, is_percentage) VALUES (61,   21590, 'enrollees', 26, 'Y', 'N');

INSERT INTO operating_unit_data (id,  target, output, rate, operating_unit_type, success_indicator_data_id) VALUES (nextval('hibernate_sequence'),  0, 0, 0.00, 'LEYTE_PO', 61);
INSERT INTO operating_unit_data (id,  target, output, rate, operating_unit_type, success_indicator_data_id) VALUES (nextval('hibernate_sequence'),  0, 0, 0.00, 'BILIRAN_PO', 61);
INSERT INTO operating_unit_data (id,  target, output, rate, operating_unit_type, success_indicator_data_id) VALUES (nextval('hibernate_sequence'),  0, 0, 0.00, 'SOUTHERN_LEYTE_PO', 61);
INSERT INTO operating_unit_data (id,  target, output, rate, operating_unit_type, success_indicator_data_id) VALUES (nextval('hibernate_sequence'),  0, 0, 0.00, 'SAMAR_PO', 61);
INSERT INTO operating_unit_data (id,  target, output, rate, operating_unit_type, success_indicator_data_id) VALUES (nextval('hibernate_sequence'),  0, 0, 0.00, 'EASTERN_SAMAR_PO', 61);
INSERT INTO operating_unit_data (id,  target, output, rate, operating_unit_type, success_indicator_data_id) VALUES (nextval('hibernate_sequence'),  0, 0, 0.00, 'NORTHERN_SAMAR_PO', 61);
INSERT INTO operating_unit_data (id,  target, output, rate, operating_unit_type, success_indicator_data_id) VALUES (nextval('hibernate_sequence'),  0, 0, 0.00, 'TESDA_RO', 61);
INSERT INTO operating_unit_data (id,  target, output, rate, operating_unit_type, success_indicator_data_id) VALUES (nextval('hibernate_sequence'),  1, 0, 0.00, 'TOTAL', 61);


INSERT INTO success_indicator_data (id,  target, measures, pap_data_id, is_accumulated, is_percentage) VALUES (62,   19431, 'graduates', 26, 'Y', 'N');

INSERT INTO operating_unit_data (id,  target, output, rate, operating_unit_type, success_indicator_data_id) VALUES (nextval('hibernate_sequence'),  0, 0, 0.00, 'LEYTE_PO', 62);
INSERT INTO operating_unit_data (id,  target, output, rate, operating_unit_type, success_indicator_data_id) VALUES (nextval('hibernate_sequence'),  0, 0, 0.00, 'BILIRAN_PO', 62);
INSERT INTO operating_unit_data (id,  target, output, rate, operating_unit_type, success_indicator_data_id) VALUES (nextval('hibernate_sequence'),  0, 0, 0.00, 'SOUTHERN_LEYTE_PO', 62);
INSERT INTO operating_unit_data (id,  target, output, rate, operating_unit_type, success_indicator_data_id) VALUES (nextval('hibernate_sequence'),  0, 0, 0.00, 'SAMAR_PO', 62);
INSERT INTO operating_unit_data (id,  target, output, rate, operating_unit_type, success_indicator_data_id) VALUES (nextval('hibernate_sequence'),  0, 0, 0.00, 'EASTERN_SAMAR_PO', 62);
INSERT INTO operating_unit_data (id,  target, output, rate, operating_unit_type, success_indicator_data_id) VALUES (nextval('hibernate_sequence'),  0, 0, 0.00, 'NORTHERN_SAMAR_PO', 62);
INSERT INTO operating_unit_data (id,  target, output, rate, operating_unit_type, success_indicator_data_id) VALUES (nextval('hibernate_sequence'),  0, 0, 0.00, 'TESDA_RO', 62);
INSERT INTO operating_unit_data (id,  target, output, rate, operating_unit_type, success_indicator_data_id) VALUES (nextval('hibernate_sequence'),  1, 0, 0.00, 'TOTAL', 62);


INSERT INTO pap_data (id,  name, pap_group_type) VALUES (27, 'Training Induction Program (TIP)', 'TESDP');

INSERT INTO success_indicator_data (id,  target, measures, pap_data_id, is_accumulated, is_percentage) VALUES (63,   100, 'of scholarship programs conducted with online TIP', 27, 'N', 'Y');

INSERT INTO operating_unit_data (id,  target, output, rate, operating_unit_type, success_indicator_data_id) VALUES (nextval('hibernate_sequence'),  0, 0, 0.00, 'LEYTE_PO', 63);
INSERT INTO operating_unit_data (id,  target, output, rate, operating_unit_type, success_indicator_data_id) VALUES (nextval('hibernate_sequence'),  0, 0, 0.00, 'BILIRAN_PO', 63);
INSERT INTO operating_unit_data (id,  target, output, rate, operating_unit_type, success_indicator_data_id) VALUES (nextval('hibernate_sequence'),  0, 0, 0.00, 'SOUTHERN_LEYTE_PO', 63);
INSERT INTO operating_unit_data (id,  target, output, rate, operating_unit_type, success_indicator_data_id) VALUES (nextval('hibernate_sequence'),  0, 0, 0.00, 'SAMAR_PO', 63);
INSERT INTO operating_unit_data (id,  target, output, rate, operating_unit_type, success_indicator_data_id) VALUES (nextval('hibernate_sequence'),  0, 0, 0.00, 'EASTERN_SAMAR_PO', 63);
INSERT INTO operating_unit_data (id,  target, output, rate, operating_unit_type, success_indicator_data_id) VALUES (nextval('hibernate_sequence'),  0, 0, 0.00, 'NORTHERN_SAMAR_PO', 63);
INSERT INTO operating_unit_data (id,  target, output, rate, operating_unit_type, success_indicator_data_id) VALUES (nextval('hibernate_sequence'),  0, 0, 0.00, 'TESDA_RO', 63);
INSERT INTO operating_unit_data (id,  target, output, rate, operating_unit_type, success_indicator_data_id) VALUES (nextval('hibernate_sequence'),  1, 0, 0.00, 'TOTAL', 63);



INSERT INTO pap_data (id,  name, pap_group_type) VALUES (28, 'Job Induction Program', 'TESDP');

INSERT INTO success_indicator_data (id,  target, measures, pap_data_id, is_accumulated, is_percentage) VALUES (64,   100, ' of registered programs conducted with JIP', 28, 'N', 'Y');

INSERT INTO operating_unit_data (id,  target, output, rate, operating_unit_type, success_indicator_data_id) VALUES (nextval('hibernate_sequence'),  0, 0, 0.00, 'LEYTE_PO', 64);
INSERT INTO operating_unit_data (id,  target, output, rate, operating_unit_type, success_indicator_data_id) VALUES (nextval('hibernate_sequence'),  0, 0, 0.00, 'BILIRAN_PO', 64);
INSERT INTO operating_unit_data (id,  target, output, rate, operating_unit_type, success_indicator_data_id) VALUES (nextval('hibernate_sequence'),  0, 0, 0.00, 'SOUTHERN_LEYTE_PO', 64);
INSERT INTO operating_unit_data (id,  target, output, rate, operating_unit_type, success_indicator_data_id) VALUES (nextval('hibernate_sequence'),  0, 0, 0.00, 'SAMAR_PO', 64);
INSERT INTO operating_unit_data (id,  target, output, rate, operating_unit_type, success_indicator_data_id) VALUES (nextval('hibernate_sequence'),  0, 0, 0.00, 'EASTERN_SAMAR_PO', 64);
INSERT INTO operating_unit_data (id,  target, output, rate, operating_unit_type, success_indicator_data_id) VALUES (nextval('hibernate_sequence'),  0, 0, 0.00, 'NORTHERN_SAMAR_PO', 64);
INSERT INTO operating_unit_data (id,  target, output, rate, operating_unit_type, success_indicator_data_id) VALUES (nextval('hibernate_sequence'),  0, 0, 0.00, 'TESDA_RO', 64);
INSERT INTO operating_unit_data (id,  target, output, rate, operating_unit_type, success_indicator_data_id) VALUES (nextval('hibernate_sequence'),  1, 0, 0.00, 'TOTAL', 64);




INSERT INTO pap_data (id,  name, pap_group_type) VALUES (29, 'Enterprise-based/ Apprenticeship Program', 'TESDP');

INSERT INTO success_indicator_data (id,  target, measures, pap_data_id, is_accumulated, is_percentage) VALUES (65,   545, 'enrollees', 29, 'Y', 'N');

INSERT INTO operating_unit_data (id,  target, output, rate, operating_unit_type, success_indicator_data_id) VALUES (nextval('hibernate_sequence'),  0, 0, 0.00, 'LEYTE_PO', 65);
INSERT INTO operating_unit_data (id,  target, output, rate, operating_unit_type, success_indicator_data_id) VALUES (nextval('hibernate_sequence'),  0, 0, 0.00, 'BILIRAN_PO', 65);
INSERT INTO operating_unit_data (id,  target, output, rate, operating_unit_type, success_indicator_data_id) VALUES (nextval('hibernate_sequence'),  0, 0, 0.00, 'SOUTHERN_LEYTE_PO', 65);
INSERT INTO operating_unit_data (id,  target, output, rate, operating_unit_type, success_indicator_data_id) VALUES (nextval('hibernate_sequence'),  0, 0, 0.00, 'SAMAR_PO', 65);
INSERT INTO operating_unit_data (id,  target, output, rate, operating_unit_type, success_indicator_data_id) VALUES (nextval('hibernate_sequence'),  0, 0, 0.00, 'EASTERN_SAMAR_PO', 65);
INSERT INTO operating_unit_data (id,  target, output, rate, operating_unit_type, success_indicator_data_id) VALUES (nextval('hibernate_sequence'),  0, 0, 0.00, 'NORTHERN_SAMAR_PO', 65);
INSERT INTO operating_unit_data (id,  target, output, rate, operating_unit_type, success_indicator_data_id) VALUES (nextval('hibernate_sequence'),  0, 0, 0.00, 'TESDA_RO', 65);
INSERT INTO operating_unit_data (id,  target, output, rate, operating_unit_type, success_indicator_data_id) VALUES (nextval('hibernate_sequence'),  1, 0, 0.00, 'TOTAL', 65);


INSERT INTO success_indicator_data (id,  target, measures, pap_data_id, is_accumulated, is_percentage) VALUES (66,   490, 'graduates', 29, 'Y', 'N');

INSERT INTO operating_unit_data (id,  target, output, rate, operating_unit_type, success_indicator_data_id) VALUES (nextval('hibernate_sequence'),  0, 0, 0.00, 'LEYTE_PO', 66);
INSERT INTO operating_unit_data (id,  target, output, rate, operating_unit_type, success_indicator_data_id) VALUES (nextval('hibernate_sequence'),  0, 0, 0.00, 'BILIRAN_PO', 66);
INSERT INTO operating_unit_data (id,  target, output, rate, operating_unit_type, success_indicator_data_id) VALUES (nextval('hibernate_sequence'),  0, 0, 0.00, 'SOUTHERN_LEYTE_PO', 66);
INSERT INTO operating_unit_data (id,  target, output, rate, operating_unit_type, success_indicator_data_id) VALUES (nextval('hibernate_sequence'),  0, 0, 0.00, 'SAMAR_PO', 66);
INSERT INTO operating_unit_data (id,  target, output, rate, operating_unit_type, success_indicator_data_id) VALUES (nextval('hibernate_sequence'),  0, 0, 0.00, 'EASTERN_SAMAR_PO', 66);
INSERT INTO operating_unit_data (id,  target, output, rate, operating_unit_type, success_indicator_data_id) VALUES (nextval('hibernate_sequence'),  0, 0, 0.00, 'NORTHERN_SAMAR_PO', 66);
INSERT INTO operating_unit_data (id,  target, output, rate, operating_unit_type, success_indicator_data_id) VALUES (nextval('hibernate_sequence'),  0, 0, 0.00, 'TESDA_RO', 66);
INSERT INTO operating_unit_data (id,  target, output, rate, operating_unit_type, success_indicator_data_id) VALUES (nextval('hibernate_sequence'),  1, 0, 0.00, 'TOTAL', 66);



INSERT INTO pap_data (id,  name, pap_group_type) VALUES (30, 'Community-based Training Program', 'TESDP');

INSERT INTO success_indicator_data (id,  target, measures, pap_data_id, is_accumulated, is_percentage) VALUES (67,   33520, 'enrollees', 30, 'Y', 'N');

INSERT INTO operating_unit_data (id,  target, output, rate, operating_unit_type, success_indicator_data_id) VALUES (nextval('hibernate_sequence'),  0, 0, 0.00, 'LEYTE_PO', 67);
INSERT INTO operating_unit_data (id,  target, output, rate, operating_unit_type, success_indicator_data_id) VALUES (nextval('hibernate_sequence'),  0, 0, 0.00, 'BILIRAN_PO', 67);
INSERT INTO operating_unit_data (id,  target, output, rate, operating_unit_type, success_indicator_data_id) VALUES (nextval('hibernate_sequence'),  0, 0, 0.00, 'SOUTHERN_LEYTE_PO', 67);
INSERT INTO operating_unit_data (id,  target, output, rate, operating_unit_type, success_indicator_data_id) VALUES (nextval('hibernate_sequence'),  0, 0, 0.00, 'SAMAR_PO', 67);
INSERT INTO operating_unit_data (id,  target, output, rate, operating_unit_type, success_indicator_data_id) VALUES (nextval('hibernate_sequence'),  0, 0, 0.00, 'EASTERN_SAMAR_PO', 67);
INSERT INTO operating_unit_data (id,  target, output, rate, operating_unit_type, success_indicator_data_id) VALUES (nextval('hibernate_sequence'),  0, 0, 0.00, 'NORTHERN_SAMAR_PO', 67);
INSERT INTO operating_unit_data (id,  target, output, rate, operating_unit_type, success_indicator_data_id) VALUES (nextval('hibernate_sequence'),  0, 0, 0.00, 'TESDA_RO', 67);
INSERT INTO operating_unit_data (id,  target, output, rate, operating_unit_type, success_indicator_data_id) VALUES (nextval('hibernate_sequence'),  1, 0, 0.00, 'TOTAL', 67);


INSERT INTO success_indicator_data (id,  target, measures, pap_data_id, is_accumulated, is_percentage) VALUES (68,   30168, 'graduates', 30, 'Y', 'N');

INSERT INTO operating_unit_data (id,  target, output, rate, operating_unit_type, success_indicator_data_id) VALUES (nextval('hibernate_sequence'),  0, 0, 0.00, 'LEYTE_PO', 68);
INSERT INTO operating_unit_data (id,  target, output, rate, operating_unit_type, success_indicator_data_id) VALUES (nextval('hibernate_sequence'),  0, 0, 0.00, 'BILIRAN_PO', 68);
INSERT INTO operating_unit_data (id,  target, output, rate, operating_unit_type, success_indicator_data_id) VALUES (nextval('hibernate_sequence'),  0, 0, 0.00, 'SOUTHERN_LEYTE_PO', 68);
INSERT INTO operating_unit_data (id,  target, output, rate, operating_unit_type, success_indicator_data_id) VALUES (nextval('hibernate_sequence'),  0, 0, 0.00, 'SAMAR_PO', 68);
INSERT INTO operating_unit_data (id,  target, output, rate, operating_unit_type, success_indicator_data_id) VALUES (nextval('hibernate_sequence'),  0, 0, 0.00, 'EASTERN_SAMAR_PO', 68);
INSERT INTO operating_unit_data (id,  target, output, rate, operating_unit_type, success_indicator_data_id) VALUES (nextval('hibernate_sequence'),  0, 0, 0.00, 'NORTHERN_SAMAR_PO', 68);
INSERT INTO operating_unit_data (id,  target, output, rate, operating_unit_type, success_indicator_data_id) VALUES (nextval('hibernate_sequence'),  0, 0, 0.00, 'TESDA_RO', 68);
INSERT INTO operating_unit_data (id,  target, output, rate, operating_unit_type, success_indicator_data_id) VALUES (nextval('hibernate_sequence'),  1, 0, 0.00, 'TOTAL', 68);



INSERT INTO success_indicator_data (id,  target, measures, pap_data_id, is_accumulated, is_percentage) VALUES (69,   2, 'community-based programs for marginalized sectors or groups conducted', 30, 'Y', 'N');

INSERT INTO operating_unit_data (id,  target, output, rate, operating_unit_type, success_indicator_data_id) VALUES (nextval('hibernate_sequence'),  0, 0, 0.00, 'LEYTE_PO', 69);
INSERT INTO operating_unit_data (id,  target, output, rate, operating_unit_type, success_indicator_data_id) VALUES (nextval('hibernate_sequence'),  0, 0, 0.00, 'BILIRAN_PO', 69);
INSERT INTO operating_unit_data (id,  target, output, rate, operating_unit_type, success_indicator_data_id) VALUES (nextval('hibernate_sequence'),  0, 0, 0.00, 'SOUTHERN_LEYTE_PO', 69);
INSERT INTO operating_unit_data (id,  target, output, rate, operating_unit_type, success_indicator_data_id) VALUES (nextval('hibernate_sequence'),  0, 0, 0.00, 'SAMAR_PO', 69);
INSERT INTO operating_unit_data (id,  target, output, rate, operating_unit_type, success_indicator_data_id) VALUES (nextval('hibernate_sequence'),  0, 0, 0.00, 'EASTERN_SAMAR_PO', 69);
INSERT INTO operating_unit_data (id,  target, output, rate, operating_unit_type, success_indicator_data_id) VALUES (nextval('hibernate_sequence'),  0, 0, 0.00, 'NORTHERN_SAMAR_PO', 69);
INSERT INTO operating_unit_data (id,  target, output, rate, operating_unit_type, success_indicator_data_id) VALUES (nextval('hibernate_sequence'),  0, 0, 0.00, 'TESDA_RO', 69);
INSERT INTO operating_unit_data (id,  target, output, rate, operating_unit_type, success_indicator_data_id) VALUES (nextval('hibernate_sequence'),  1, 0, 0.00, 'TOTAL', 69);



INSERT INTO success_indicator_data (id,  target, measures, pap_data_id, is_accumulated, is_percentage) VALUES (70,   7, 'mobile training laboratories deployed', 30, 'Y', 'N');

INSERT INTO operating_unit_data (id,  target, output, rate, operating_unit_type, success_indicator_data_id) VALUES (nextval('hibernate_sequence'),  0, 0, 0.00, 'LEYTE_PO', 70);
INSERT INTO operating_unit_data (id,  target, output, rate, operating_unit_type, success_indicator_data_id) VALUES (nextval('hibernate_sequence'),  0, 0, 0.00, 'BILIRAN_PO', 70);
INSERT INTO operating_unit_data (id,  target, output, rate, operating_unit_type, success_indicator_data_id) VALUES (nextval('hibernate_sequence'),  0, 0, 0.00, 'SOUTHERN_LEYTE_PO', 70);
INSERT INTO operating_unit_data (id,  target, output, rate, operating_unit_type, success_indicator_data_id) VALUES (nextval('hibernate_sequence'),  0, 0, 0.00, 'SAMAR_PO', 70);
INSERT INTO operating_unit_data (id,  target, output, rate, operating_unit_type, success_indicator_data_id) VALUES (nextval('hibernate_sequence'),  0, 0, 0.00, 'EASTERN_SAMAR_PO', 70);
INSERT INTO operating_unit_data (id,  target, output, rate, operating_unit_type, success_indicator_data_id) VALUES (nextval('hibernate_sequence'),  0, 0, 0.00, 'NORTHERN_SAMAR_PO', 70);
INSERT INTO operating_unit_data (id,  target, output, rate, operating_unit_type, success_indicator_data_id) VALUES (nextval('hibernate_sequence'),  0, 0, 0.00, 'TESDA_RO', 70);
INSERT INTO operating_unit_data (id,  target, output, rate, operating_unit_type, success_indicator_data_id) VALUES (nextval('hibernate_sequence'),  1, 0, 0.00, 'TOTAL', 70);


INSERT INTO success_indicator_data (id,  target, measures, pap_data_id, is_accumulated, is_percentage) VALUES (71,   6, 'Community skills development models developed', 30, 'Y', 'N');

INSERT INTO operating_unit_data (id,  target, output, rate, operating_unit_type, success_indicator_data_id) VALUES (nextval('hibernate_sequence'),  0, 0, 0.00, 'LEYTE_PO', 71);
INSERT INTO operating_unit_data (id,  target, output, rate, operating_unit_type, success_indicator_data_id) VALUES (nextval('hibernate_sequence'),  0, 0, 0.00, 'BILIRAN_PO', 71);
INSERT INTO operating_unit_data (id,  target, output, rate, operating_unit_type, success_indicator_data_id) VALUES (nextval('hibernate_sequence'),  0, 0, 0.00, 'SOUTHERN_LEYTE_PO', 71);
INSERT INTO operating_unit_data (id,  target, output, rate, operating_unit_type, success_indicator_data_id) VALUES (nextval('hibernate_sequence'),  0, 0, 0.00, 'SAMAR_PO', 71);
INSERT INTO operating_unit_data (id,  target, output, rate, operating_unit_type, success_indicator_data_id) VALUES (nextval('hibernate_sequence'),  0, 0, 0.00, 'EASTERN_SAMAR_PO', 71);
INSERT INTO operating_unit_data (id,  target, output, rate, operating_unit_type, success_indicator_data_id) VALUES (nextval('hibernate_sequence'),  0, 0, 0.00, 'NORTHERN_SAMAR_PO', 71);
INSERT INTO operating_unit_data (id,  target, output, rate, operating_unit_type, success_indicator_data_id) VALUES (nextval('hibernate_sequence'),  0, 0, 0.00, 'TESDA_RO', 71);
INSERT INTO operating_unit_data (id,  target, output, rate, operating_unit_type, success_indicator_data_id) VALUES (nextval('hibernate_sequence'),  1, 0, 0.00, 'TOTAL', 71);




INSERT INTO pap_data (id,  name, pap_group_type) VALUES (31, 'Attendance to ABC meetings', 'TESDP');

INSERT INTO success_indicator_data (id,  target, measures, pap_data_id, is_accumulated, is_percentage) VALUES (72,   12, 'ABC meetings attended', 31, 'Y', 'N');

INSERT INTO operating_unit_data (id,  target, output, rate, operating_unit_type, success_indicator_data_id) VALUES (nextval('hibernate_sequence'),  0, 0, 0.00, 'LEYTE_PO', 72);
INSERT INTO operating_unit_data (id,  target, output, rate, operating_unit_type, success_indicator_data_id) VALUES (nextval('hibernate_sequence'),  0, 0, 0.00, 'BILIRAN_PO', 72);
INSERT INTO operating_unit_data (id,  target, output, rate, operating_unit_type, success_indicator_data_id) VALUES (nextval('hibernate_sequence'),  0, 0, 0.00, 'SOUTHERN_LEYTE_PO', 72);
INSERT INTO operating_unit_data (id,  target, output, rate, operating_unit_type, success_indicator_data_id) VALUES (nextval('hibernate_sequence'),  0, 0, 0.00, 'SAMAR_PO', 72);
INSERT INTO operating_unit_data (id,  target, output, rate, operating_unit_type, success_indicator_data_id) VALUES (nextval('hibernate_sequence'),  0, 0, 0.00, 'EASTERN_SAMAR_PO', 72);
INSERT INTO operating_unit_data (id,  target, output, rate, operating_unit_type, success_indicator_data_id) VALUES (nextval('hibernate_sequence'),  0, 0, 0.00, 'NORTHERN_SAMAR_PO', 72);
INSERT INTO operating_unit_data (id,  target, output, rate, operating_unit_type, success_indicator_data_id) VALUES (nextval('hibernate_sequence'),  0, 0, 0.00, 'TESDA_RO', 72);
INSERT INTO operating_unit_data (id,  target, output, rate, operating_unit_type, success_indicator_data_id) VALUES (nextval('hibernate_sequence'),  1, 0, 0.00, 'TOTAL', 72);




INSERT INTO pap_data (id,  name, pap_group_type) VALUES (32, 'Agricultural Transformation of vacant lands/ uncultivated farms', 'TESDP');

INSERT INTO success_indicator_data (id,  target, measures, pap_data_id, is_accumulated, is_percentage) VALUES (73,   6, 'MOA forged with family enterprises/LGUs', 32, 'Y', 'N');

INSERT INTO operating_unit_data (id,  target, output, rate, operating_unit_type, success_indicator_data_id) VALUES (nextval('hibernate_sequence'),  0, 0, 0.00, 'LEYTE_PO', 73);
INSERT INTO operating_unit_data (id,  target, output, rate, operating_unit_type, success_indicator_data_id) VALUES (nextval('hibernate_sequence'),  0, 0, 0.00, 'BILIRAN_PO', 73);
INSERT INTO operating_unit_data (id,  target, output, rate, operating_unit_type, success_indicator_data_id) VALUES (nextval('hibernate_sequence'),  0, 0, 0.00, 'SOUTHERN_LEYTE_PO', 73);
INSERT INTO operating_unit_data (id,  target, output, rate, operating_unit_type, success_indicator_data_id) VALUES (nextval('hibernate_sequence'),  0, 0, 0.00, 'SAMAR_PO', 73);
INSERT INTO operating_unit_data (id,  target, output, rate, operating_unit_type, success_indicator_data_id) VALUES (nextval('hibernate_sequence'),  0, 0, 0.00, 'EASTERN_SAMAR_PO', 73);
INSERT INTO operating_unit_data (id,  target, output, rate, operating_unit_type, success_indicator_data_id) VALUES (nextval('hibernate_sequence'),  0, 0, 0.00, 'NORTHERN_SAMAR_PO', 73);
INSERT INTO operating_unit_data (id,  target, output, rate, operating_unit_type, success_indicator_data_id) VALUES (nextval('hibernate_sequence'),  0, 0, 0.00, 'TESDA_RO', 73);
INSERT INTO operating_unit_data (id,  target, output, rate, operating_unit_type, success_indicator_data_id) VALUES (nextval('hibernate_sequence'),  1, 0, 0.00, 'TOTAL', 73);



INSERT INTO pap_data (id,  name, pap_group_type) VALUES (33, 'Partnership with DA', 'TESDP');

INSERT INTO success_indicator_data (id,  target, measures, pap_data_id, is_accumulated, is_percentage) VALUES (74,   6, 'Plant Plant Plant Programs implemented', 33, 'Y', 'N');

INSERT INTO operating_unit_data (id,  target, output, rate, operating_unit_type, success_indicator_data_id) VALUES (nextval('hibernate_sequence'),  0, 0, 0.00, 'LEYTE_PO', 74);
INSERT INTO operating_unit_data (id,  target, output, rate, operating_unit_type, success_indicator_data_id) VALUES (nextval('hibernate_sequence'),  0, 0, 0.00, 'BILIRAN_PO', 74);
INSERT INTO operating_unit_data (id,  target, output, rate, operating_unit_type, success_indicator_data_id) VALUES (nextval('hibernate_sequence'),  0, 0, 0.00, 'SOUTHERN_LEYTE_PO', 74);
INSERT INTO operating_unit_data (id,  target, output, rate, operating_unit_type, success_indicator_data_id) VALUES (nextval('hibernate_sequence'),  0, 0, 0.00, 'SAMAR_PO', 74);
INSERT INTO operating_unit_data (id,  target, output, rate, operating_unit_type, success_indicator_data_id) VALUES (nextval('hibernate_sequence'),  0, 0, 0.00, 'EASTERN_SAMAR_PO', 74);
INSERT INTO operating_unit_data (id,  target, output, rate, operating_unit_type, success_indicator_data_id) VALUES (nextval('hibernate_sequence'),  0, 0, 0.00, 'NORTHERN_SAMAR_PO', 74);
INSERT INTO operating_unit_data (id,  target, output, rate, operating_unit_type, success_indicator_data_id) VALUES (nextval('hibernate_sequence'),  0, 0, 0.00, 'TESDA_RO', 74);
INSERT INTO operating_unit_data (id,  target, output, rate, operating_unit_type, success_indicator_data_id) VALUES (nextval('hibernate_sequence'),  1, 0, 0.00, 'TOTAL', 74);


INSERT INTO success_indicator_data (id,  target, measures, pap_data_id, is_accumulated, is_percentage) VALUES (75,   7, 'ranged chicken poultry established', 33, 'Y', 'N');

INSERT INTO operating_unit_data (id,  target, output, rate, operating_unit_type, success_indicator_data_id) VALUES (nextval('hibernate_sequence'),  0, 0, 0.00, 'LEYTE_PO', 75);
INSERT INTO operating_unit_data (id,  target, output, rate, operating_unit_type, success_indicator_data_id) VALUES (nextval('hibernate_sequence'),  0, 0, 0.00, 'BILIRAN_PO', 75);
INSERT INTO operating_unit_data (id,  target, output, rate, operating_unit_type, success_indicator_data_id) VALUES (nextval('hibernate_sequence'),  0, 0, 0.00, 'SOUTHERN_LEYTE_PO', 75);
INSERT INTO operating_unit_data (id,  target, output, rate, operating_unit_type, success_indicator_data_id) VALUES (nextval('hibernate_sequence'),  0, 0, 0.00, 'SAMAR_PO', 75);
INSERT INTO operating_unit_data (id,  target, output, rate, operating_unit_type, success_indicator_data_id) VALUES (nextval('hibernate_sequence'),  0, 0, 0.00, 'EASTERN_SAMAR_PO', 75);
INSERT INTO operating_unit_data (id,  target, output, rate, operating_unit_type, success_indicator_data_id) VALUES (nextval('hibernate_sequence'),  0, 0, 0.00, 'NORTHERN_SAMAR_PO', 75);
INSERT INTO operating_unit_data (id,  target, output, rate, operating_unit_type, success_indicator_data_id) VALUES (nextval('hibernate_sequence'),  0, 0, 0.00, 'TESDA_RO', 75);
INSERT INTO operating_unit_data (id,  target, output, rate, operating_unit_type, success_indicator_data_id) VALUES (nextval('hibernate_sequence'),  1, 0, 0.00, 'TOTAL', 75);



INSERT INTO pap_data (id,  name, pap_group_type) VALUES (34, 'Analysis of EGACE', 'TESDP');

INSERT INTO success_indicator_data (id,  target, measures, pap_data_id, is_accumulated, is_percentage) VALUES (76,   106, 'Percentage of poor communities/ municipalities reached (4th, 5th and 6th class municipalities)', 34, 'Y', 'N');

INSERT INTO operating_unit_data (id,  target, output, rate, operating_unit_type, success_indicator_data_id) VALUES (nextval('hibernate_sequence'),  0, 0, 0.00, 'LEYTE_PO', 76);
INSERT INTO operating_unit_data (id,  target, output, rate, operating_unit_type, success_indicator_data_id) VALUES (nextval('hibernate_sequence'),  0, 0, 0.00, 'BILIRAN_PO', 76);
INSERT INTO operating_unit_data (id,  target, output, rate, operating_unit_type, success_indicator_data_id) VALUES (nextval('hibernate_sequence'),  0, 0, 0.00, 'SOUTHERN_LEYTE_PO', 76);
INSERT INTO operating_unit_data (id,  target, output, rate, operating_unit_type, success_indicator_data_id) VALUES (nextval('hibernate_sequence'),  0, 0, 0.00, 'SAMAR_PO', 76);
INSERT INTO operating_unit_data (id,  target, output, rate, operating_unit_type, success_indicator_data_id) VALUES (nextval('hibernate_sequence'),  0, 0, 0.00, 'EASTERN_SAMAR_PO', 76);
INSERT INTO operating_unit_data (id,  target, output, rate, operating_unit_type, success_indicator_data_id) VALUES (nextval('hibernate_sequence'),  0, 0, 0.00, 'NORTHERN_SAMAR_PO', 76);
INSERT INTO operating_unit_data (id,  target, output, rate, operating_unit_type, success_indicator_data_id) VALUES (nextval('hibernate_sequence'),  0, 0, 0.00, 'TESDA_RO', 76);
INSERT INTO operating_unit_data (id,  target, output, rate, operating_unit_type, success_indicator_data_id) VALUES (nextval('hibernate_sequence'),  1, 0, 0.00, 'TOTAL', 76);




INSERT INTO pap_data (id,  name, pap_group_type) VALUES (35, 'Documentation of best practices (mainstreaming of TVET in municipal awards)', 'TESDP');

INSERT INTO success_indicator_data (id,  target, measures, pap_data_id, is_accumulated, is_percentage) VALUES (77,   6, 'community-based program per PO for special clients documented', 35, 'Y', 'N');

INSERT INTO operating_unit_data (id,  target, output, rate, operating_unit_type, success_indicator_data_id) VALUES (nextval('hibernate_sequence'),  0, 0, 0.00, 'LEYTE_PO', 77);
INSERT INTO operating_unit_data (id,  target, output, rate, operating_unit_type, success_indicator_data_id) VALUES (nextval('hibernate_sequence'),  0, 0, 0.00, 'BILIRAN_PO', 77);
INSERT INTO operating_unit_data (id,  target, output, rate, operating_unit_type, success_indicator_data_id) VALUES (nextval('hibernate_sequence'),  0, 0, 0.00, 'SOUTHERN_LEYTE_PO', 77);
INSERT INTO operating_unit_data (id,  target, output, rate, operating_unit_type, success_indicator_data_id) VALUES (nextval('hibernate_sequence'),  0, 0, 0.00, 'SAMAR_PO', 77);
INSERT INTO operating_unit_data (id,  target, output, rate, operating_unit_type, success_indicator_data_id) VALUES (nextval('hibernate_sequence'),  0, 0, 0.00, 'EASTERN_SAMAR_PO', 77);
INSERT INTO operating_unit_data (id,  target, output, rate, operating_unit_type, success_indicator_data_id) VALUES (nextval('hibernate_sequence'),  0, 0, 0.00, 'NORTHERN_SAMAR_PO', 77);
INSERT INTO operating_unit_data (id,  target, output, rate, operating_unit_type, success_indicator_data_id) VALUES (nextval('hibernate_sequence'),  0, 0, 0.00, 'TESDA_RO', 77);
INSERT INTO operating_unit_data (id,  target, output, rate, operating_unit_type, success_indicator_data_id) VALUES (nextval('hibernate_sequence'),  1, 0, 0.00, 'TOTAL', 77);




INSERT INTO pap_data (id,  name, pap_group_type) VALUES (36, 'Implementation of EO 70 (E-CLIP)', 'TESDP');

INSERT INTO success_indicator_data (id,  target, measures, pap_data_id, is_accumulated, is_percentage) VALUES (78,   6, 'community-based programs conducted for EO 70 clients/groups from identified provinces', 36, 'Y', 'N');

INSERT INTO operating_unit_data (id,  target, output, rate, operating_unit_type, success_indicator_data_id) VALUES (nextval('hibernate_sequence'),  0, 0, 0.00, 'LEYTE_PO', 78);
INSERT INTO operating_unit_data (id,  target, output, rate, operating_unit_type, success_indicator_data_id) VALUES (nextval('hibernate_sequence'),  0, 0, 0.00, 'BILIRAN_PO', 78);
INSERT INTO operating_unit_data (id,  target, output, rate, operating_unit_type, success_indicator_data_id) VALUES (nextval('hibernate_sequence'),  0, 0, 0.00, 'SOUTHERN_LEYTE_PO', 78);
INSERT INTO operating_unit_data (id,  target, output, rate, operating_unit_type, success_indicator_data_id) VALUES (nextval('hibernate_sequence'),  0, 0, 0.00, 'SAMAR_PO', 78);
INSERT INTO operating_unit_data (id,  target, output, rate, operating_unit_type, success_indicator_data_id) VALUES (nextval('hibernate_sequence'),  0, 0, 0.00, 'EASTERN_SAMAR_PO', 78);
INSERT INTO operating_unit_data (id,  target, output, rate, operating_unit_type, success_indicator_data_id) VALUES (nextval('hibernate_sequence'),  0, 0, 0.00, 'NORTHERN_SAMAR_PO', 78);
INSERT INTO operating_unit_data (id,  target, output, rate, operating_unit_type, success_indicator_data_id) VALUES (nextval('hibernate_sequence'),  0, 0, 0.00, 'TESDA_RO', 78);
INSERT INTO operating_unit_data (id,  target, output, rate, operating_unit_type, success_indicator_data_id) VALUES (nextval('hibernate_sequence'),  1, 0, 0.00, 'TOTAL', 78);



INSERT INTO success_indicator_data (id,  target, measures, pap_data_id, is_accumulated, is_percentage) VALUES (79,   6, 'training programs conducted on "Produce organic concoctions and extracts', 36, 'Y', 'N');

INSERT INTO operating_unit_data (id,  target, output, rate, operating_unit_type, success_indicator_data_id) VALUES (nextval('hibernate_sequence'),  0, 0, 0.00, 'LEYTE_PO', 79);
INSERT INTO operating_unit_data (id,  target, output, rate, operating_unit_type, success_indicator_data_id) VALUES (nextval('hibernate_sequence'),  0, 0, 0.00, 'BILIRAN_PO', 79);
INSERT INTO operating_unit_data (id,  target, output, rate, operating_unit_type, success_indicator_data_id) VALUES (nextval('hibernate_sequence'),  0, 0, 0.00, 'SOUTHERN_LEYTE_PO', 79);
INSERT INTO operating_unit_data (id,  target, output, rate, operating_unit_type, success_indicator_data_id) VALUES (nextval('hibernate_sequence'),  0, 0, 0.00, 'SAMAR_PO', 79);
INSERT INTO operating_unit_data (id,  target, output, rate, operating_unit_type, success_indicator_data_id) VALUES (nextval('hibernate_sequence'),  0, 0, 0.00, 'EASTERN_SAMAR_PO', 79);
INSERT INTO operating_unit_data (id,  target, output, rate, operating_unit_type, success_indicator_data_id) VALUES (nextval('hibernate_sequence'),  0, 0, 0.00, 'NORTHERN_SAMAR_PO', 79);
INSERT INTO operating_unit_data (id,  target, output, rate, operating_unit_type, success_indicator_data_id) VALUES (nextval('hibernate_sequence'),  0, 0, 0.00, 'TESDA_RO', 79);
INSERT INTO operating_unit_data (id,  target, output, rate, operating_unit_type, success_indicator_data_id) VALUES (nextval('hibernate_sequence'),  1, 0, 0.00, 'TOTAL', 79);



INSERT INTO success_indicator_data (id,  target, measures, pap_data_id, is_accumulated, is_percentage) VALUES (80,   1, 'Percentage of agri-related programs conducted in NTF 70 priority barangays', 36, 'Y', 'N');

INSERT INTO operating_unit_data (id,  target, output, rate, operating_unit_type, success_indicator_data_id) VALUES (nextval('hibernate_sequence'),  0, 0, 0.00, 'LEYTE_PO', 80);
INSERT INTO operating_unit_data (id,  target, output, rate, operating_unit_type, success_indicator_data_id) VALUES (nextval('hibernate_sequence'),  0, 0, 0.00, 'BILIRAN_PO', 80);
INSERT INTO operating_unit_data (id,  target, output, rate, operating_unit_type, success_indicator_data_id) VALUES (nextval('hibernate_sequence'),  0, 0, 0.00, 'SOUTHERN_LEYTE_PO', 80);
INSERT INTO operating_unit_data (id,  target, output, rate, operating_unit_type, success_indicator_data_id) VALUES (nextval('hibernate_sequence'),  0, 0, 0.00, 'SAMAR_PO', 80);
INSERT INTO operating_unit_data (id,  target, output, rate, operating_unit_type, success_indicator_data_id) VALUES (nextval('hibernate_sequence'),  0, 0, 0.00, 'EASTERN_SAMAR_PO', 80);
INSERT INTO operating_unit_data (id,  target, output, rate, operating_unit_type, success_indicator_data_id) VALUES (nextval('hibernate_sequence'),  0, 0, 0.00, 'NORTHERN_SAMAR_PO', 80);
INSERT INTO operating_unit_data (id,  target, output, rate, operating_unit_type, success_indicator_data_id) VALUES (nextval('hibernate_sequence'),  0, 0, 0.00, 'TESDA_RO', 80);
INSERT INTO operating_unit_data (id,  target, output, rate, operating_unit_type, success_indicator_data_id) VALUES (nextval('hibernate_sequence'),  1, 0, 0.00, 'TOTAL', 80);




INSERT INTO pap_data (id,  name, pap_group_type) VALUES (37, 'Develop and implement project-based programs', 'TESDP');

INSERT INTO success_indicator_data (id,  target, measures, pap_data_id, is_accumulated, is_percentage) VALUES (81,   6, 'project-based PRLEC programs implemented', 37, 'Y', 'N');

INSERT INTO operating_unit_data (id,  target, output, rate, operating_unit_type, success_indicator_data_id) VALUES (nextval('hibernate_sequence'),  0, 0, 0.00, 'LEYTE_PO', 81);
INSERT INTO operating_unit_data (id,  target, output, rate, operating_unit_type, success_indicator_data_id) VALUES (nextval('hibernate_sequence'),  0, 0, 0.00, 'BILIRAN_PO', 81);
INSERT INTO operating_unit_data (id,  target, output, rate, operating_unit_type, success_indicator_data_id) VALUES (nextval('hibernate_sequence'),  0, 0, 0.00, 'SOUTHERN_LEYTE_PO', 81);
INSERT INTO operating_unit_data (id,  target, output, rate, operating_unit_type, success_indicator_data_id) VALUES (nextval('hibernate_sequence'),  0, 0, 0.00, 'SAMAR_PO', 81);
INSERT INTO operating_unit_data (id,  target, output, rate, operating_unit_type, success_indicator_data_id) VALUES (nextval('hibernate_sequence'),  0, 0, 0.00, 'EASTERN_SAMAR_PO', 81);
INSERT INTO operating_unit_data (id,  target, output, rate, operating_unit_type, success_indicator_data_id) VALUES (nextval('hibernate_sequence'),  0, 0, 0.00, 'NORTHERN_SAMAR_PO', 81);
INSERT INTO operating_unit_data (id,  target, output, rate, operating_unit_type, success_indicator_data_id) VALUES (nextval('hibernate_sequence'),  0, 0, 0.00, 'TESDA_RO', 81);
INSERT INTO operating_unit_data (id,  target, output, rate, operating_unit_type, success_indicator_data_id) VALUES (nextval('hibernate_sequence'),  1, 0, 0.00, 'TOTAL', 81);



INSERT INTO pap_data (id,  name, pap_group_type) VALUES (38, 'Implement community skills development model', 'TESDP');

INSERT INTO success_indicator_data (id,  target, measures, pap_data_id, is_accumulated, is_percentage) VALUES (82,   6, 'Implement community skills development model', 38, 'Y', 'N');

INSERT INTO operating_unit_data (id,  target, output, rate, operating_unit_type, success_indicator_data_id) VALUES (nextval('hibernate_sequence'),  0, 0, 0.00, 'LEYTE_PO', 82);
INSERT INTO operating_unit_data (id,  target, output, rate, operating_unit_type, success_indicator_data_id) VALUES (nextval('hibernate_sequence'),  0, 0, 0.00, 'BILIRAN_PO', 82);
INSERT INTO operating_unit_data (id,  target, output, rate, operating_unit_type, success_indicator_data_id) VALUES (nextval('hibernate_sequence'),  0, 0, 0.00, 'SOUTHERN_LEYTE_PO', 82);
INSERT INTO operating_unit_data (id,  target, output, rate, operating_unit_type, success_indicator_data_id) VALUES (nextval('hibernate_sequence'),  0, 0, 0.00, 'SAMAR_PO', 82);
INSERT INTO operating_unit_data (id,  target, output, rate, operating_unit_type, success_indicator_data_id) VALUES (nextval('hibernate_sequence'),  0, 0, 0.00, 'EASTERN_SAMAR_PO', 82);
INSERT INTO operating_unit_data (id,  target, output, rate, operating_unit_type, success_indicator_data_id) VALUES (nextval('hibernate_sequence'),  0, 0, 0.00, 'NORTHERN_SAMAR_PO', 82);
INSERT INTO operating_unit_data (id,  target, output, rate, operating_unit_type, success_indicator_data_id) VALUES (nextval('hibernate_sequence'),  0, 0, 0.00, 'TESDA_RO', 82);
INSERT INTO operating_unit_data (id,  target, output, rate, operating_unit_type, success_indicator_data_id) VALUES (nextval('hibernate_sequence'),  1, 0, 0.00, 'TOTAL', 82);


INSERT INTO pap_data (id,  name, pap_group_type) VALUES (39, 'Community Training and Employment Coordinator', 'TESDP');

INSERT INTO success_indicator_data (id,  target, measures, pap_data_id, is_accumulated, is_percentage) VALUES (83,   80, 'of CTECs participated capability programs', 39, 'N', 'Y');

INSERT INTO operating_unit_data (id,  target, output, rate, operating_unit_type, success_indicator_data_id) VALUES (nextval('hibernate_sequence'),  0, 0, 0.00, 'LEYTE_PO', 83);
INSERT INTO operating_unit_data (id,  target, output, rate, operating_unit_type, success_indicator_data_id) VALUES (nextval('hibernate_sequence'),  0, 0, 0.00, 'BILIRAN_PO', 83);
INSERT INTO operating_unit_data (id,  target, output, rate, operating_unit_type, success_indicator_data_id) VALUES (nextval('hibernate_sequence'),  0, 0, 0.00, 'SOUTHERN_LEYTE_PO', 83);
INSERT INTO operating_unit_data (id,  target, output, rate, operating_unit_type, success_indicator_data_id) VALUES (nextval('hibernate_sequence'),  0, 0, 0.00, 'SAMAR_PO', 83);
INSERT INTO operating_unit_data (id,  target, output, rate, operating_unit_type, success_indicator_data_id) VALUES (nextval('hibernate_sequence'),  0, 0, 0.00, 'EASTERN_SAMAR_PO', 83);
INSERT INTO operating_unit_data (id,  target, output, rate, operating_unit_type, success_indicator_data_id) VALUES (nextval('hibernate_sequence'),  0, 0, 0.00, 'NORTHERN_SAMAR_PO', 83);
INSERT INTO operating_unit_data (id,  target, output, rate, operating_unit_type, success_indicator_data_id) VALUES (nextval('hibernate_sequence'),  0, 0, 0.00, 'TESDA_RO', 83);
INSERT INTO operating_unit_data (id,  target, output, rate, operating_unit_type, success_indicator_data_id) VALUES (nextval('hibernate_sequence'),  1, 0, 0.00, 'TOTAL', 83);


INSERT INTO success_indicator_data (id,  target, measures, pap_data_id, is_accumulated, is_percentage) VALUES (84,   6, 'provincial consultation with CTECs conducted', 39, 'Y', 'N');

INSERT INTO operating_unit_data (id,  target, output, rate, operating_unit_type, success_indicator_data_id) VALUES (nextval('hibernate_sequence'),  0, 0, 0.00, 'LEYTE_PO', 84);
INSERT INTO operating_unit_data (id,  target, output, rate, operating_unit_type, success_indicator_data_id) VALUES (nextval('hibernate_sequence'),  0, 0, 0.00, 'BILIRAN_PO', 84);
INSERT INTO operating_unit_data (id,  target, output, rate, operating_unit_type, success_indicator_data_id) VALUES (nextval('hibernate_sequence'),  0, 0, 0.00, 'SOUTHERN_LEYTE_PO', 84);
INSERT INTO operating_unit_data (id,  target, output, rate, operating_unit_type, success_indicator_data_id) VALUES (nextval('hibernate_sequence'),  0, 0, 0.00, 'SAMAR_PO', 84);
INSERT INTO operating_unit_data (id,  target, output, rate, operating_unit_type, success_indicator_data_id) VALUES (nextval('hibernate_sequence'),  0, 0, 0.00, 'EASTERN_SAMAR_PO', 84);
INSERT INTO operating_unit_data (id,  target, output, rate, operating_unit_type, success_indicator_data_id) VALUES (nextval('hibernate_sequence'),  0, 0, 0.00, 'NORTHERN_SAMAR_PO', 84);
INSERT INTO operating_unit_data (id,  target, output, rate, operating_unit_type, success_indicator_data_id) VALUES (nextval('hibernate_sequence'),  0, 0, 0.00, 'TESDA_RO', 84);
INSERT INTO operating_unit_data (id,  target, output, rate, operating_unit_type, success_indicator_data_id) VALUES (nextval('hibernate_sequence'),  1, 0, 0.00, 'TOTAL', 84);


INSERT INTO success_indicator_data (id,  target, measures, pap_data_id, is_accumulated, is_percentage) VALUES (85,   6, 'Annual Plan of Activities for CTECs established', 39, 'Y', 'N');

INSERT INTO operating_unit_data (id,  target, output, rate, operating_unit_type, success_indicator_data_id) VALUES (nextval('hibernate_sequence'),  0, 0, 0.00, 'LEYTE_PO', 85);
INSERT INTO operating_unit_data (id,  target, output, rate, operating_unit_type, success_indicator_data_id) VALUES (nextval('hibernate_sequence'),  0, 0, 0.00, 'BILIRAN_PO', 85);
INSERT INTO operating_unit_data (id,  target, output, rate, operating_unit_type, success_indicator_data_id) VALUES (nextval('hibernate_sequence'),  0, 0, 0.00, 'SOUTHERN_LEYTE_PO', 85);
INSERT INTO operating_unit_data (id,  target, output, rate, operating_unit_type, success_indicator_data_id) VALUES (nextval('hibernate_sequence'),  0, 0, 0.00, 'SAMAR_PO', 85);
INSERT INTO operating_unit_data (id,  target, output, rate, operating_unit_type, success_indicator_data_id) VALUES (nextval('hibernate_sequence'),  0, 0, 0.00, 'EASTERN_SAMAR_PO', 85);
INSERT INTO operating_unit_data (id,  target, output, rate, operating_unit_type, success_indicator_data_id) VALUES (nextval('hibernate_sequence'),  0, 0, 0.00, 'NORTHERN_SAMAR_PO', 85);
INSERT INTO operating_unit_data (id,  target, output, rate, operating_unit_type, success_indicator_data_id) VALUES (nextval('hibernate_sequence'),  0, 0, 0.00, 'TESDA_RO', 85);
INSERT INTO operating_unit_data (id,  target, output, rate, operating_unit_type, success_indicator_data_id) VALUES (nextval('hibernate_sequence'),  1, 0, 0.00, 'TOTAL', 85);



INSERT INTO pap_data (id,  name, pap_group_type) VALUES (40, 'Trainers Development Program', 'TESDP');

INSERT INTO success_indicator_data (id,  target, measures, pap_data_id, is_accumulated, is_percentage) VALUES (86,   36, 'learning facilitators trained in TM', 40, 'Y', 'N');

INSERT INTO operating_unit_data (id,  target, output, rate, operating_unit_type, success_indicator_data_id) VALUES (nextval('hibernate_sequence'),  0, 0, 0.00, 'LEYTE_PO', 86);
INSERT INTO operating_unit_data (id,  target, output, rate, operating_unit_type, success_indicator_data_id) VALUES (nextval('hibernate_sequence'),  0, 0, 0.00, 'BILIRAN_PO', 86);
INSERT INTO operating_unit_data (id,  target, output, rate, operating_unit_type, success_indicator_data_id) VALUES (nextval('hibernate_sequence'),  0, 0, 0.00, 'SOUTHERN_LEYTE_PO', 86);
INSERT INTO operating_unit_data (id,  target, output, rate, operating_unit_type, success_indicator_data_id) VALUES (nextval('hibernate_sequence'),  0, 0, 0.00, 'SAMAR_PO', 86);
INSERT INTO operating_unit_data (id,  target, output, rate, operating_unit_type, success_indicator_data_id) VALUES (nextval('hibernate_sequence'),  0, 0, 0.00, 'EASTERN_SAMAR_PO', 86);
INSERT INTO operating_unit_data (id,  target, output, rate, operating_unit_type, success_indicator_data_id) VALUES (nextval('hibernate_sequence'),  0, 0, 0.00, 'NORTHERN_SAMAR_PO', 86);
INSERT INTO operating_unit_data (id,  target, output, rate, operating_unit_type, success_indicator_data_id) VALUES (nextval('hibernate_sequence'),  0, 0, 0.00, 'TESDA_RO', 86);
INSERT INTO operating_unit_data (id,  target, output, rate, operating_unit_type, success_indicator_data_id) VALUES (nextval('hibernate_sequence'),  1, 0, 0.00, 'TOTAL', 86);


INSERT INTO success_indicator_data (id,  target, measures, pap_data_id, is_accumulated, is_percentage) VALUES (87,   40, 'learning facilitators provided with skills upgrading', 40, 'Y', 'N');

INSERT INTO operating_unit_data (id,  target, output, rate, operating_unit_type, success_indicator_data_id) VALUES (nextval('hibernate_sequence'),  0, 0, 0.00, 'LEYTE_PO', 87);
INSERT INTO operating_unit_data (id,  target, output, rate, operating_unit_type, success_indicator_data_id) VALUES (nextval('hibernate_sequence'),  0, 0, 0.00, 'BILIRAN_PO', 87);
INSERT INTO operating_unit_data (id,  target, output, rate, operating_unit_type, success_indicator_data_id) VALUES (nextval('hibernate_sequence'),  0, 0, 0.00, 'SOUTHERN_LEYTE_PO', 87);
INSERT INTO operating_unit_data (id,  target, output, rate, operating_unit_type, success_indicator_data_id) VALUES (nextval('hibernate_sequence'),  0, 0, 0.00, 'SAMAR_PO', 87);
INSERT INTO operating_unit_data (id,  target, output, rate, operating_unit_type, success_indicator_data_id) VALUES (nextval('hibernate_sequence'),  0, 0, 0.00, 'EASTERN_SAMAR_PO', 87);
INSERT INTO operating_unit_data (id,  target, output, rate, operating_unit_type, success_indicator_data_id) VALUES (nextval('hibernate_sequence'),  0, 0, 0.00, 'NORTHERN_SAMAR_PO', 87);
INSERT INTO operating_unit_data (id,  target, output, rate, operating_unit_type, success_indicator_data_id) VALUES (nextval('hibernate_sequence'),  0, 0, 0.00, 'TESDA_RO', 87);
INSERT INTO operating_unit_data (id,  target, output, rate, operating_unit_type, success_indicator_data_id) VALUES (nextval('hibernate_sequence'),  1, 0, 0.00, 'TOTAL', 87);


INSERT INTO success_indicator_data (id,  target, measures, pap_data_id, is_accumulated, is_percentage) VALUES (88,   5, 'learning facilitators trained in higher qualifications', 40, 'Y', 'N');

INSERT INTO operating_unit_data (id,  target, output, rate, operating_unit_type, success_indicator_data_id) VALUES (nextval('hibernate_sequence'),  0, 0, 0.00, 'LEYTE_PO', 88);
INSERT INTO operating_unit_data (id,  target, output, rate, operating_unit_type, success_indicator_data_id) VALUES (nextval('hibernate_sequence'),  0, 0, 0.00, 'BILIRAN_PO', 88);
INSERT INTO operating_unit_data (id,  target, output, rate, operating_unit_type, success_indicator_data_id) VALUES (nextval('hibernate_sequence'),  0, 0, 0.00, 'SOUTHERN_LEYTE_PO', 88);
INSERT INTO operating_unit_data (id,  target, output, rate, operating_unit_type, success_indicator_data_id) VALUES (nextval('hibernate_sequence'),  0, 0, 0.00, 'SAMAR_PO', 88);
INSERT INTO operating_unit_data (id,  target, output, rate, operating_unit_type, success_indicator_data_id) VALUES (nextval('hibernate_sequence'),  0, 0, 0.00, 'EASTERN_SAMAR_PO', 88);
INSERT INTO operating_unit_data (id,  target, output, rate, operating_unit_type, success_indicator_data_id) VALUES (nextval('hibernate_sequence'),  0, 0, 0.00, 'NORTHERN_SAMAR_PO', 88);
INSERT INTO operating_unit_data (id,  target, output, rate, operating_unit_type, success_indicator_data_id) VALUES (nextval('hibernate_sequence'),  0, 0, 0.00, 'TESDA_RO', 88);
INSERT INTO operating_unit_data (id,  target, output, rate, operating_unit_type, success_indicator_data_id) VALUES (nextval('hibernate_sequence'),  1, 0, 0.00, 'TOTAL', 88);


INSERT INTO success_indicator_data (id,  target, measures, pap_data_id, is_accumulated, is_percentage) VALUES (89,   8, 'learning facilitators given industry immersion (at least 25% of TTI learning facilitators)', 40, 'Y', 'N');

INSERT INTO operating_unit_data (id,  target, output, rate, operating_unit_type, success_indicator_data_id) VALUES (nextval('hibernate_sequence'),  0, 0, 0.00, 'LEYTE_PO', 89);
INSERT INTO operating_unit_data (id,  target, output, rate, operating_unit_type, success_indicator_data_id) VALUES (nextval('hibernate_sequence'),  0, 0, 0.00, 'BILIRAN_PO', 89);
INSERT INTO operating_unit_data (id,  target, output, rate, operating_unit_type, success_indicator_data_id) VALUES (nextval('hibernate_sequence'),  0, 0, 0.00, 'SOUTHERN_LEYTE_PO', 89);
INSERT INTO operating_unit_data (id,  target, output, rate, operating_unit_type, success_indicator_data_id) VALUES (nextval('hibernate_sequence'),  0, 0, 0.00, 'SAMAR_PO', 89);
INSERT INTO operating_unit_data (id,  target, output, rate, operating_unit_type, success_indicator_data_id) VALUES (nextval('hibernate_sequence'),  0, 0, 0.00, 'EASTERN_SAMAR_PO', 89);
INSERT INTO operating_unit_data (id,  target, output, rate, operating_unit_type, success_indicator_data_id) VALUES (nextval('hibernate_sequence'),  0, 0, 0.00, 'NORTHERN_SAMAR_PO', 89);
INSERT INTO operating_unit_data (id,  target, output, rate, operating_unit_type, success_indicator_data_id) VALUES (nextval('hibernate_sequence'),  0, 0, 0.00, 'TESDA_RO', 89);
INSERT INTO operating_unit_data (id,  target, output, rate, operating_unit_type, success_indicator_data_id) VALUES (nextval('hibernate_sequence'),  1, 0, 0.00, 'TOTAL', 89);


INSERT INTO pap_data (id,  name, pap_group_type) VALUES (41, 'Industry immersion (Enforce RPIIT)', 'TESDP');

INSERT INTO success_indicator_data (id,  target, measures, pap_data_id, is_accumulated, is_percentage) VALUES (90,   25, 'increase in the no. of the learning facilitators profiled and provided with industry immersion', 41, 'N', 'Y');

INSERT INTO operating_unit_data (id,  target, output, rate, operating_unit_type, success_indicator_data_id) VALUES (nextval('hibernate_sequence'),  0, 0, 0.00, 'LEYTE_PO', 90);
INSERT INTO operating_unit_data (id,  target, output, rate, operating_unit_type, success_indicator_data_id) VALUES (nextval('hibernate_sequence'),  0, 0, 0.00, 'BILIRAN_PO', 90);
INSERT INTO operating_unit_data (id,  target, output, rate, operating_unit_type, success_indicator_data_id) VALUES (nextval('hibernate_sequence'),  0, 0, 0.00, 'SOUTHERN_LEYTE_PO', 90);
INSERT INTO operating_unit_data (id,  target, output, rate, operating_unit_type, success_indicator_data_id) VALUES (nextval('hibernate_sequence'),  0, 0, 0.00, 'SAMAR_PO', 90);
INSERT INTO operating_unit_data (id,  target, output, rate, operating_unit_type, success_indicator_data_id) VALUES (nextval('hibernate_sequence'),  0, 0, 0.00, 'EASTERN_SAMAR_PO', 90);
INSERT INTO operating_unit_data (id,  target, output, rate, operating_unit_type, success_indicator_data_id) VALUES (nextval('hibernate_sequence'),  0, 0, 0.00, 'NORTHERN_SAMAR_PO', 90);
INSERT INTO operating_unit_data (id,  target, output, rate, operating_unit_type, success_indicator_data_id) VALUES (nextval('hibernate_sequence'),  0, 0, 0.00, 'TESDA_RO', 90);
INSERT INTO operating_unit_data (id,  target, output, rate, operating_unit_type, success_indicator_data_id) VALUES (nextval('hibernate_sequence'),  1, 0, 0.00, 'TOTAL', 90);


INSERT INTO success_indicator_data (id,  target, measures, pap_data_id, is_accumulated, is_percentage) VALUES (91,   6, 'Multiplier training conducted/ participated', 41, 'Y', 'N');

INSERT INTO operating_unit_data (id,  target, output, rate, operating_unit_type, success_indicator_data_id) VALUES (nextval('hibernate_sequence'),  0, 0, 0.00, 'LEYTE_PO', 91);
INSERT INTO operating_unit_data (id,  target, output, rate, operating_unit_type, success_indicator_data_id) VALUES (nextval('hibernate_sequence'),  0, 0, 0.00, 'BILIRAN_PO', 91);
INSERT INTO operating_unit_data (id,  target, output, rate, operating_unit_type, success_indicator_data_id) VALUES (nextval('hibernate_sequence'),  0, 0, 0.00, 'SOUTHERN_LEYTE_PO', 91);
INSERT INTO operating_unit_data (id,  target, output, rate, operating_unit_type, success_indicator_data_id) VALUES (nextval('hibernate_sequence'),  0, 0, 0.00, 'SAMAR_PO', 91);
INSERT INTO operating_unit_data (id,  target, output, rate, operating_unit_type, success_indicator_data_id) VALUES (nextval('hibernate_sequence'),  0, 0, 0.00, 'EASTERN_SAMAR_PO', 91);
INSERT INTO operating_unit_data (id,  target, output, rate, operating_unit_type, success_indicator_data_id) VALUES (nextval('hibernate_sequence'),  0, 0, 0.00, 'NORTHERN_SAMAR_PO', 91);
INSERT INTO operating_unit_data (id,  target, output, rate, operating_unit_type, success_indicator_data_id) VALUES (nextval('hibernate_sequence'),  0, 0, 0.00, 'TESDA_RO', 91);
INSERT INTO operating_unit_data (id,  target, output, rate, operating_unit_type, success_indicator_data_id) VALUES (nextval('hibernate_sequence'),  1, 0, 0.00, 'TOTAL', 91);



INSERT INTO pap_data (id,  name, pap_group_type) VALUES (42, '21st Century Skills (4IR)', 'TESDP');

INSERT INTO success_indicator_data (id,  target, measures, pap_data_id, is_accumulated, is_percentage) VALUES (92,   5, 'trainers on 21st century skills trained', 42, 'Y', 'N');

INSERT INTO operating_unit_data (id,  target, output, rate, operating_unit_type, success_indicator_data_id) VALUES (nextval('hibernate_sequence'),  0, 0, 0.00, 'LEYTE_PO', 92);
INSERT INTO operating_unit_data (id,  target, output, rate, operating_unit_type, success_indicator_data_id) VALUES (nextval('hibernate_sequence'),  0, 0, 0.00, 'BILIRAN_PO', 92);
INSERT INTO operating_unit_data (id,  target, output, rate, operating_unit_type, success_indicator_data_id) VALUES (nextval('hibernate_sequence'),  0, 0, 0.00, 'SOUTHERN_LEYTE_PO', 92);
INSERT INTO operating_unit_data (id,  target, output, rate, operating_unit_type, success_indicator_data_id) VALUES (nextval('hibernate_sequence'),  0, 0, 0.00, 'SAMAR_PO', 92);
INSERT INTO operating_unit_data (id,  target, output, rate, operating_unit_type, success_indicator_data_id) VALUES (nextval('hibernate_sequence'),  0, 0, 0.00, 'EASTERN_SAMAR_PO', 92);
INSERT INTO operating_unit_data (id,  target, output, rate, operating_unit_type, success_indicator_data_id) VALUES (nextval('hibernate_sequence'),  0, 0, 0.00, 'NORTHERN_SAMAR_PO', 92);
INSERT INTO operating_unit_data (id,  target, output, rate, operating_unit_type, success_indicator_data_id) VALUES (nextval('hibernate_sequence'),  0, 0, 0.00, 'TESDA_RO', 92);
INSERT INTO operating_unit_data (id,  target, output, rate, operating_unit_type, success_indicator_data_id) VALUES (nextval('hibernate_sequence'),  1, 0, 0.00, 'TOTAL', 92);



INSERT INTO pap_data (id,  name, pap_group_type) VALUES (43, 'Integration of 21st Century skills in the curriculum', 'TESDP');

INSERT INTO success_indicator_data (id,  target, measures, pap_data_id, is_accumulated, is_percentage) VALUES (93,   1, '21st Century Skills integrated in all TTI programs ', 43, 'Y', 'N');

INSERT INTO operating_unit_data (id,  target, output, rate, operating_unit_type, success_indicator_data_id) VALUES (nextval('hibernate_sequence'),  0, 0, 0.00, 'LEYTE_PO', 93);
INSERT INTO operating_unit_data (id,  target, output, rate, operating_unit_type, success_indicator_data_id) VALUES (nextval('hibernate_sequence'),  0, 0, 0.00, 'BILIRAN_PO', 93);
INSERT INTO operating_unit_data (id,  target, output, rate, operating_unit_type, success_indicator_data_id) VALUES (nextval('hibernate_sequence'),  0, 0, 0.00, 'SOUTHERN_LEYTE_PO', 93);
INSERT INTO operating_unit_data (id,  target, output, rate, operating_unit_type, success_indicator_data_id) VALUES (nextval('hibernate_sequence'),  0, 0, 0.00, 'SAMAR_PO', 93);
INSERT INTO operating_unit_data (id,  target, output, rate, operating_unit_type, success_indicator_data_id) VALUES (nextval('hibernate_sequence'),  0, 0, 0.00, 'EASTERN_SAMAR_PO', 93);
INSERT INTO operating_unit_data (id,  target, output, rate, operating_unit_type, success_indicator_data_id) VALUES (nextval('hibernate_sequence'),  0, 0, 0.00, 'NORTHERN_SAMAR_PO', 93);
INSERT INTO operating_unit_data (id,  target, output, rate, operating_unit_type, success_indicator_data_id) VALUES (nextval('hibernate_sequence'),  0, 0, 0.00, 'TESDA_RO', 93);
INSERT INTO operating_unit_data (id,  target, output, rate, operating_unit_type, success_indicator_data_id) VALUES (nextval('hibernate_sequence'),  1, 0, 0.00, 'TOTAL', 93);


INSERT INTO pap_data (id,  name, pap_group_type) VALUES (44, 'CAMP ASSESS (for MRA TP aligned qualifications)', 'TESDP');

INSERT INTO success_indicator_data (id,  target, measures, pap_data_id, is_accumulated, is_percentage) VALUES (94,   1, '21st Century Skills integrated in all TTI programs ', 44, 'Y', 'N');

INSERT INTO operating_unit_data (id,  target, output, rate, operating_unit_type, success_indicator_data_id) VALUES (nextval('hibernate_sequence'),  0, 0, 0.00, 'LEYTE_PO', 94);
INSERT INTO operating_unit_data (id,  target, output, rate, operating_unit_type, success_indicator_data_id) VALUES (nextval('hibernate_sequence'),  0, 0, 0.00, 'BILIRAN_PO', 94);
INSERT INTO operating_unit_data (id,  target, output, rate, operating_unit_type, success_indicator_data_id) VALUES (nextval('hibernate_sequence'),  0, 0, 0.00, 'SOUTHERN_LEYTE_PO', 94);
INSERT INTO operating_unit_data (id,  target, output, rate, operating_unit_type, success_indicator_data_id) VALUES (nextval('hibernate_sequence'),  0, 0, 0.00, 'SAMAR_PO', 94);
INSERT INTO operating_unit_data (id,  target, output, rate, operating_unit_type, success_indicator_data_id) VALUES (nextval('hibernate_sequence'),  0, 0, 0.00, 'EASTERN_SAMAR_PO', 94);
INSERT INTO operating_unit_data (id,  target, output, rate, operating_unit_type, success_indicator_data_id) VALUES (nextval('hibernate_sequence'),  0, 0, 0.00, 'NORTHERN_SAMAR_PO', 94);
INSERT INTO operating_unit_data (id,  target, output, rate, operating_unit_type, success_indicator_data_id) VALUES (nextval('hibernate_sequence'),  0, 0, 0.00, 'TESDA_RO', 94);
INSERT INTO operating_unit_data (id,  target, output, rate, operating_unit_type, success_indicator_data_id) VALUES (nextval('hibernate_sequence'),  1, 0, 0.00, 'TOTAL', 94);


INSERT INTO pap_data (id,  name, pap_group_type) VALUES (45, 'Accreditation of Training Providers as training provider for MRA-TP ', 'TESDP');

INSERT INTO success_indicator_data (id,  target, measures, pap_data_id, is_accumulated, is_percentage) VALUES (95,   5, 'learning facilitator trained ', 45, 'Y', 'N');

INSERT INTO operating_unit_data (id,  target, output, rate, operating_unit_type, success_indicator_data_id) VALUES (nextval('hibernate_sequence'),  0, 0, 0.00, 'LEYTE_PO', 95);
INSERT INTO operating_unit_data (id,  target, output, rate, operating_unit_type, success_indicator_data_id) VALUES (nextval('hibernate_sequence'),  0, 0, 0.00, 'BILIRAN_PO', 95);
INSERT INTO operating_unit_data (id,  target, output, rate, operating_unit_type, success_indicator_data_id) VALUES (nextval('hibernate_sequence'),  0, 0, 0.00, 'SOUTHERN_LEYTE_PO', 95);
INSERT INTO operating_unit_data (id,  target, output, rate, operating_unit_type, success_indicator_data_id) VALUES (nextval('hibernate_sequence'),  0, 0, 0.00, 'SAMAR_PO', 95);
INSERT INTO operating_unit_data (id,  target, output, rate, operating_unit_type, success_indicator_data_id) VALUES (nextval('hibernate_sequence'),  0, 0, 0.00, 'EASTERN_SAMAR_PO', 95);
INSERT INTO operating_unit_data (id,  target, output, rate, operating_unit_type, success_indicator_data_id) VALUES (nextval('hibernate_sequence'),  0, 0, 0.00, 'NORTHERN_SAMAR_PO', 95);
INSERT INTO operating_unit_data (id,  target, output, rate, operating_unit_type, success_indicator_data_id) VALUES (nextval('hibernate_sequence'),  0, 0, 0.00, 'TESDA_RO', 95);
INSERT INTO operating_unit_data (id,  target, output, rate, operating_unit_type, success_indicator_data_id) VALUES (nextval('hibernate_sequence'),  1, 0, 0.00, 'TOTAL', 95);



INSERT INTO pap_data (id,  name, pap_group_type) VALUES (46, 'Capability building for MRA TP National Trainers', 'TESDP');

INSERT INTO success_indicator_data (id,  target, measures, pap_data_id, is_accumulated, is_percentage) VALUES (96,   5, 'learning facilitator trained ', 46, 'Y', 'N');

INSERT INTO operating_unit_data (id,  target, output, rate, operating_unit_type, success_indicator_data_id) VALUES (nextval('hibernate_sequence'),  0, 0, 0.00, 'LEYTE_PO', 96);
INSERT INTO operating_unit_data (id,  target, output, rate, operating_unit_type, success_indicator_data_id) VALUES (nextval('hibernate_sequence'),  0, 0, 0.00, 'BILIRAN_PO', 96);
INSERT INTO operating_unit_data (id,  target, output, rate, operating_unit_type, success_indicator_data_id) VALUES (nextval('hibernate_sequence'),  0, 0, 0.00, 'SOUTHERN_LEYTE_PO', 96);
INSERT INTO operating_unit_data (id,  target, output, rate, operating_unit_type, success_indicator_data_id) VALUES (nextval('hibernate_sequence'),  0, 0, 0.00, 'SAMAR_PO', 96);
INSERT INTO operating_unit_data (id,  target, output, rate, operating_unit_type, success_indicator_data_id) VALUES (nextval('hibernate_sequence'),  0, 0, 0.00, 'EASTERN_SAMAR_PO', 96);
INSERT INTO operating_unit_data (id,  target, output, rate, operating_unit_type, success_indicator_data_id) VALUES (nextval('hibernate_sequence'),  0, 0, 0.00, 'NORTHERN_SAMAR_PO', 96);
INSERT INTO operating_unit_data (id,  target, output, rate, operating_unit_type, success_indicator_data_id) VALUES (nextval('hibernate_sequence'),  0, 0, 0.00, 'TESDA_RO', 96);
INSERT INTO operating_unit_data (id,  target, output, rate, operating_unit_type, success_indicator_data_id) VALUES (nextval('hibernate_sequence'),  1, 0, 0.00, 'TOTAL', 96);


INSERT INTO pap_data (id,  name, pap_group_type) VALUES (47, 'Skills Training Program for Special Clients', 'TESDP');

INSERT INTO success_indicator_data (id,  target, measures, pap_data_id, is_accumulated, is_percentage) VALUES (97,   64, 'Drug Dependents ENROLLEES ', 47, 'Y', 'N');

INSERT INTO operating_unit_data (id,  target, output, rate, operating_unit_type, success_indicator_data_id) VALUES (nextval('hibernate_sequence'),  0, 0, 0.00, 'LEYTE_PO', 97);
INSERT INTO operating_unit_data (id,  target, output, rate, operating_unit_type, success_indicator_data_id) VALUES (nextval('hibernate_sequence'),  0, 0, 0.00, 'BILIRAN_PO', 97);
INSERT INTO operating_unit_data (id,  target, output, rate, operating_unit_type, success_indicator_data_id) VALUES (nextval('hibernate_sequence'),  0, 0, 0.00, 'SOUTHERN_LEYTE_PO', 97);
INSERT INTO operating_unit_data (id,  target, output, rate, operating_unit_type, success_indicator_data_id) VALUES (nextval('hibernate_sequence'),  0, 0, 0.00, 'SAMAR_PO', 97);
INSERT INTO operating_unit_data (id,  target, output, rate, operating_unit_type, success_indicator_data_id) VALUES (nextval('hibernate_sequence'),  0, 0, 0.00, 'EASTERN_SAMAR_PO', 97);
INSERT INTO operating_unit_data (id,  target, output, rate, operating_unit_type, success_indicator_data_id) VALUES (nextval('hibernate_sequence'),  0, 0, 0.00, 'NORTHERN_SAMAR_PO', 97);
INSERT INTO operating_unit_data (id,  target, output, rate, operating_unit_type, success_indicator_data_id) VALUES (nextval('hibernate_sequence'),  0, 0, 0.00, 'TESDA_RO', 97);
INSERT INTO operating_unit_data (id,  target, output, rate, operating_unit_type, success_indicator_data_id) VALUES (nextval('hibernate_sequence'),  1, 0, 0.00, 'TOTAL', 97);


INSERT INTO success_indicator_data (id,  target, measures, pap_data_id, is_accumulated, is_percentage) VALUES (98,   58, 'Drug Dependents GRADUATES ', 47, 'Y', 'N');

INSERT INTO operating_unit_data (id,  target, output, rate, operating_unit_type, success_indicator_data_id) VALUES (nextval('hibernate_sequence'),  0, 0, 0.00, 'LEYTE_PO', 98);
INSERT INTO operating_unit_data (id,  target, output, rate, operating_unit_type, success_indicator_data_id) VALUES (nextval('hibernate_sequence'),  0, 0, 0.00, 'BILIRAN_PO', 98);
INSERT INTO operating_unit_data (id,  target, output, rate, operating_unit_type, success_indicator_data_id) VALUES (nextval('hibernate_sequence'),  0, 0, 0.00, 'SOUTHERN_LEYTE_PO', 98);
INSERT INTO operating_unit_data (id,  target, output, rate, operating_unit_type, success_indicator_data_id) VALUES (nextval('hibernate_sequence'),  0, 0, 0.00, 'SAMAR_PO', 98);
INSERT INTO operating_unit_data (id,  target, output, rate, operating_unit_type, success_indicator_data_id) VALUES (nextval('hibernate_sequence'),  0, 0, 0.00, 'EASTERN_SAMAR_PO', 98);
INSERT INTO operating_unit_data (id,  target, output, rate, operating_unit_type, success_indicator_data_id) VALUES (nextval('hibernate_sequence'),  0, 0, 0.00, 'NORTHERN_SAMAR_PO', 98);
INSERT INTO operating_unit_data (id,  target, output, rate, operating_unit_type, success_indicator_data_id) VALUES (nextval('hibernate_sequence'),  0, 0, 0.00, 'TESDA_RO', 98);
INSERT INTO operating_unit_data (id,  target, output, rate, operating_unit_type, success_indicator_data_id) VALUES (nextval('hibernate_sequence'),  1, 0, 0.00, 'TOTAL', 98);


INSERT INTO success_indicator_data (id,  target, measures, pap_data_id, is_accumulated, is_percentage) VALUES (99,   52, 'Drug Dependents ASSESSED ', 47, 'Y', 'N');

INSERT INTO operating_unit_data (id,  target, output, rate, operating_unit_type, success_indicator_data_id) VALUES (nextval('hibernate_sequence'),  0, 0, 0.00, 'LEYTE_PO', 99);
INSERT INTO operating_unit_data (id,  target, output, rate, operating_unit_type, success_indicator_data_id) VALUES (nextval('hibernate_sequence'),  0, 0, 0.00, 'BILIRAN_PO', 99);
INSERT INTO operating_unit_data (id,  target, output, rate, operating_unit_type, success_indicator_data_id) VALUES (nextval('hibernate_sequence'),  0, 0, 0.00, 'SOUTHERN_LEYTE_PO', 99);
INSERT INTO operating_unit_data (id,  target, output, rate, operating_unit_type, success_indicator_data_id) VALUES (nextval('hibernate_sequence'),  0, 0, 0.00, 'SAMAR_PO', 99);
INSERT INTO operating_unit_data (id,  target, output, rate, operating_unit_type, success_indicator_data_id) VALUES (nextval('hibernate_sequence'),  0, 0, 0.00, 'EASTERN_SAMAR_PO', 99);
INSERT INTO operating_unit_data (id,  target, output, rate, operating_unit_type, success_indicator_data_id) VALUES (nextval('hibernate_sequence'),  0, 0, 0.00, 'NORTHERN_SAMAR_PO', 99);
INSERT INTO operating_unit_data (id,  target, output, rate, operating_unit_type, success_indicator_data_id) VALUES (nextval('hibernate_sequence'),  0, 0, 0.00, 'TESDA_RO', 99);
INSERT INTO operating_unit_data (id,  target, output, rate, operating_unit_type, success_indicator_data_id) VALUES (nextval('hibernate_sequence'),  1, 0, 0.00, 'TOTAL', 99);



INSERT INTO success_indicator_data (id,  target, measures, pap_data_id, is_accumulated, is_percentage) VALUES (100,   48, 'Drug Dependents CERTIFIED ', 47, 'Y', 'N');

INSERT INTO operating_unit_data (id,  target, output, rate, operating_unit_type, success_indicator_data_id) VALUES (nextval('hibernate_sequence'),  0, 0, 0.00, 'LEYTE_PO', 100);
INSERT INTO operating_unit_data (id,  target, output, rate, operating_unit_type, success_indicator_data_id) VALUES (nextval('hibernate_sequence'),  0, 0, 0.00, 'BILIRAN_PO', 100);
INSERT INTO operating_unit_data (id,  target, output, rate, operating_unit_type, success_indicator_data_id) VALUES (nextval('hibernate_sequence'),  0, 0, 0.00, 'SOUTHERN_LEYTE_PO', 100);
INSERT INTO operating_unit_data (id,  target, output, rate, operating_unit_type, success_indicator_data_id) VALUES (nextval('hibernate_sequence'),  0, 0, 0.00, 'SAMAR_PO', 100);
INSERT INTO operating_unit_data (id,  target, output, rate, operating_unit_type, success_indicator_data_id) VALUES (nextval('hibernate_sequence'),  0, 0, 0.00, 'EASTERN_SAMAR_PO', 100);
INSERT INTO operating_unit_data (id,  target, output, rate, operating_unit_type, success_indicator_data_id) VALUES (nextval('hibernate_sequence'),  0, 0, 0.00, 'NORTHERN_SAMAR_PO', 100);
INSERT INTO operating_unit_data (id,  target, output, rate, operating_unit_type, success_indicator_data_id) VALUES (nextval('hibernate_sequence'),  0, 0, 0.00, 'TESDA_RO', 100);
INSERT INTO operating_unit_data (id,  target, output, rate, operating_unit_type, success_indicator_data_id) VALUES (nextval('hibernate_sequence'),  1, 0, 0.00, 'TOTAL', 100);



INSERT INTO success_indicator_data (id,  target, measures, pap_data_id, is_accumulated, is_percentage) VALUES (101,   60, 'Rebel Returnees ENROLLEES ', 47, 'Y', 'N');

INSERT INTO operating_unit_data (id,  target, output, rate, operating_unit_type, success_indicator_data_id) VALUES (nextval('hibernate_sequence'),  0, 0, 0.00, 'LEYTE_PO', 101);
INSERT INTO operating_unit_data (id,  target, output, rate, operating_unit_type, success_indicator_data_id) VALUES (nextval('hibernate_sequence'),  0, 0, 0.00, 'BILIRAN_PO', 101);
INSERT INTO operating_unit_data (id,  target, output, rate, operating_unit_type, success_indicator_data_id) VALUES (nextval('hibernate_sequence'),  0, 0, 0.00, 'SOUTHERN_LEYTE_PO', 101);
INSERT INTO operating_unit_data (id,  target, output, rate, operating_unit_type, success_indicator_data_id) VALUES (nextval('hibernate_sequence'),  0, 0, 0.00, 'SAMAR_PO', 101);
INSERT INTO operating_unit_data (id,  target, output, rate, operating_unit_type, success_indicator_data_id) VALUES (nextval('hibernate_sequence'),  0, 0, 0.00, 'EASTERN_SAMAR_PO', 101);
INSERT INTO operating_unit_data (id,  target, output, rate, operating_unit_type, success_indicator_data_id) VALUES (nextval('hibernate_sequence'),  0, 0, 0.00, 'NORTHERN_SAMAR_PO', 101);
INSERT INTO operating_unit_data (id,  target, output, rate, operating_unit_type, success_indicator_data_id) VALUES (nextval('hibernate_sequence'),  0, 0, 0.00, 'TESDA_RO', 101);
INSERT INTO operating_unit_data (id,  target, output, rate, operating_unit_type, success_indicator_data_id) VALUES (nextval('hibernate_sequence'),  1, 0, 0.00, 'TOTAL', 101);



INSERT INTO success_indicator_data (id,  target, measures, pap_data_id, is_accumulated, is_percentage) VALUES (102,   54, 'Rebel Returnees GRADUATES ', 47, 'Y', 'N');

INSERT INTO operating_unit_data (id,  target, output, rate, operating_unit_type, success_indicator_data_id) VALUES (nextval('hibernate_sequence'),  0, 0, 0.00, 'LEYTE_PO', 102);
INSERT INTO operating_unit_data (id,  target, output, rate, operating_unit_type, success_indicator_data_id) VALUES (nextval('hibernate_sequence'),  0, 0, 0.00, 'BILIRAN_PO', 102);
INSERT INTO operating_unit_data (id,  target, output, rate, operating_unit_type, success_indicator_data_id) VALUES (nextval('hibernate_sequence'),  0, 0, 0.00, 'SOUTHERN_LEYTE_PO', 102);
INSERT INTO operating_unit_data (id,  target, output, rate, operating_unit_type, success_indicator_data_id) VALUES (nextval('hibernate_sequence'),  0, 0, 0.00, 'SAMAR_PO', 102);
INSERT INTO operating_unit_data (id,  target, output, rate, operating_unit_type, success_indicator_data_id) VALUES (nextval('hibernate_sequence'),  0, 0, 0.00, 'EASTERN_SAMAR_PO', 102);
INSERT INTO operating_unit_data (id,  target, output, rate, operating_unit_type, success_indicator_data_id) VALUES (nextval('hibernate_sequence'),  0, 0, 0.00, 'NORTHERN_SAMAR_PO', 102);
INSERT INTO operating_unit_data (id,  target, output, rate, operating_unit_type, success_indicator_data_id) VALUES (nextval('hibernate_sequence'),  0, 0, 0.00, 'TESDA_RO', 102);
INSERT INTO operating_unit_data (id,  target, output, rate, operating_unit_type, success_indicator_data_id) VALUES (nextval('hibernate_sequence'),  1, 0, 0.00, 'TOTAL', 102);




INSERT INTO success_indicator_data (id,  target, measures, pap_data_id, is_accumulated, is_percentage) VALUES (103,   49, 'Rebel Returnees ASSESSED ', 47, 'Y', 'N');

INSERT INTO operating_unit_data (id,  target, output, rate, operating_unit_type, success_indicator_data_id) VALUES (nextval('hibernate_sequence'),  0, 0, 0.00, 'LEYTE_PO', 103);
INSERT INTO operating_unit_data (id,  target, output, rate, operating_unit_type, success_indicator_data_id) VALUES (nextval('hibernate_sequence'),  0, 0, 0.00, 'BILIRAN_PO', 103);
INSERT INTO operating_unit_data (id,  target, output, rate, operating_unit_type, success_indicator_data_id) VALUES (nextval('hibernate_sequence'),  0, 0, 0.00, 'SOUTHERN_LEYTE_PO', 103);
INSERT INTO operating_unit_data (id,  target, output, rate, operating_unit_type, success_indicator_data_id) VALUES (nextval('hibernate_sequence'),  0, 0, 0.00, 'SAMAR_PO', 103);
INSERT INTO operating_unit_data (id,  target, output, rate, operating_unit_type, success_indicator_data_id) VALUES (nextval('hibernate_sequence'),  0, 0, 0.00, 'EASTERN_SAMAR_PO', 103);
INSERT INTO operating_unit_data (id,  target, output, rate, operating_unit_type, success_indicator_data_id) VALUES (nextval('hibernate_sequence'),  0, 0, 0.00, 'NORTHERN_SAMAR_PO', 103);
INSERT INTO operating_unit_data (id,  target, output, rate, operating_unit_type, success_indicator_data_id) VALUES (nextval('hibernate_sequence'),  0, 0, 0.00, 'TESDA_RO', 103);
INSERT INTO operating_unit_data (id,  target, output, rate, operating_unit_type, success_indicator_data_id) VALUES (nextval('hibernate_sequence'),  1, 0, 0.00, 'TOTAL', 103);


INSERT INTO success_indicator_data (id,  target, measures, pap_data_id, is_accumulated, is_percentage) VALUES (104,   45, 'Rebel Returnees CERTIFIED ', 47, 'Y', 'N');

INSERT INTO operating_unit_data (id,  target, output, rate, operating_unit_type, success_indicator_data_id) VALUES (nextval('hibernate_sequence'),  0, 0, 0.00, 'LEYTE_PO', 104);
INSERT INTO operating_unit_data (id,  target, output, rate, operating_unit_type, success_indicator_data_id) VALUES (nextval('hibernate_sequence'),  0, 0, 0.00, 'BILIRAN_PO', 104);
INSERT INTO operating_unit_data (id,  target, output, rate, operating_unit_type, success_indicator_data_id) VALUES (nextval('hibernate_sequence'),  0, 0, 0.00, 'SOUTHERN_LEYTE_PO', 104);
INSERT INTO operating_unit_data (id,  target, output, rate, operating_unit_type, success_indicator_data_id) VALUES (nextval('hibernate_sequence'),  0, 0, 0.00, 'SAMAR_PO', 104);
INSERT INTO operating_unit_data (id,  target, output, rate, operating_unit_type, success_indicator_data_id) VALUES (nextval('hibernate_sequence'),  0, 0, 0.00, 'EASTERN_SAMAR_PO', 104);
INSERT INTO operating_unit_data (id,  target, output, rate, operating_unit_type, success_indicator_data_id) VALUES (nextval('hibernate_sequence'),  0, 0, 0.00, 'NORTHERN_SAMAR_PO', 104);
INSERT INTO operating_unit_data (id,  target, output, rate, operating_unit_type, success_indicator_data_id) VALUES (nextval('hibernate_sequence'),  0, 0, 0.00, 'TESDA_RO', 104);
INSERT INTO operating_unit_data (id,  target, output, rate, operating_unit_type, success_indicator_data_id) VALUES (nextval('hibernate_sequence'),  1, 0, 0.00, 'TOTAL', 104);


INSERT INTO success_indicator_data (id,  target, measures, pap_data_id, is_accumulated, is_percentage) VALUES (105,   9, 'Dependents of Killed-in-action (KIA)/ Wounded-in-action ENROLLEES ', 47, 'Y', 'N');

INSERT INTO operating_unit_data (id,  target, output, rate, operating_unit_type, success_indicator_data_id) VALUES (nextval('hibernate_sequence'),  0, 0, 0.00, 'LEYTE_PO', 105);
INSERT INTO operating_unit_data (id,  target, output, rate, operating_unit_type, success_indicator_data_id) VALUES (nextval('hibernate_sequence'),  0, 0, 0.00, 'BILIRAN_PO', 105);
INSERT INTO operating_unit_data (id,  target, output, rate, operating_unit_type, success_indicator_data_id) VALUES (nextval('hibernate_sequence'),  0, 0, 0.00, 'SOUTHERN_LEYTE_PO', 105);
INSERT INTO operating_unit_data (id,  target, output, rate, operating_unit_type, success_indicator_data_id) VALUES (nextval('hibernate_sequence'),  0, 0, 0.00, 'SAMAR_PO', 105);
INSERT INTO operating_unit_data (id,  target, output, rate, operating_unit_type, success_indicator_data_id) VALUES (nextval('hibernate_sequence'),  0, 0, 0.00, 'EASTERN_SAMAR_PO', 105);
INSERT INTO operating_unit_data (id,  target, output, rate, operating_unit_type, success_indicator_data_id) VALUES (nextval('hibernate_sequence'),  0, 0, 0.00, 'NORTHERN_SAMAR_PO', 105);
INSERT INTO operating_unit_data (id,  target, output, rate, operating_unit_type, success_indicator_data_id) VALUES (nextval('hibernate_sequence'),  0, 0, 0.00, 'TESDA_RO', 105);
INSERT INTO operating_unit_data (id,  target, output, rate, operating_unit_type, success_indicator_data_id) VALUES (nextval('hibernate_sequence'),  1, 0, 0.00, 'TOTAL', 105);


INSERT INTO success_indicator_data (id,  target, measures, pap_data_id, is_accumulated, is_percentage) VALUES (106,   8, 'Dependents of Killed-in-action (KIA)/ Wounded-in-action GRADUATES ', 47, 'Y', 'N');

INSERT INTO operating_unit_data (id,  target, output, rate, operating_unit_type, success_indicator_data_id) VALUES (nextval('hibernate_sequence'),  0, 0, 0.00, 'LEYTE_PO', 106);
INSERT INTO operating_unit_data (id,  target, output, rate, operating_unit_type, success_indicator_data_id) VALUES (nextval('hibernate_sequence'),  0, 0, 0.00, 'BILIRAN_PO', 106);
INSERT INTO operating_unit_data (id,  target, output, rate, operating_unit_type, success_indicator_data_id) VALUES (nextval('hibernate_sequence'),  0, 0, 0.00, 'SOUTHERN_LEYTE_PO', 106);
INSERT INTO operating_unit_data (id,  target, output, rate, operating_unit_type, success_indicator_data_id) VALUES (nextval('hibernate_sequence'),  0, 0, 0.00, 'SAMAR_PO', 106);
INSERT INTO operating_unit_data (id,  target, output, rate, operating_unit_type, success_indicator_data_id) VALUES (nextval('hibernate_sequence'),  0, 0, 0.00, 'EASTERN_SAMAR_PO', 106);
INSERT INTO operating_unit_data (id,  target, output, rate, operating_unit_type, success_indicator_data_id) VALUES (nextval('hibernate_sequence'),  0, 0, 0.00, 'NORTHERN_SAMAR_PO', 106);
INSERT INTO operating_unit_data (id,  target, output, rate, operating_unit_type, success_indicator_data_id) VALUES (nextval('hibernate_sequence'),  0, 0, 0.00, 'TESDA_RO', 106);
INSERT INTO operating_unit_data (id,  target, output, rate, operating_unit_type, success_indicator_data_id) VALUES (nextval('hibernate_sequence'),  1, 0, 0.00, 'TOTAL', 106);



INSERT INTO success_indicator_data (id,  target, measures, pap_data_id, is_accumulated, is_percentage) VALUES (107,   7, 'Dependents of Killed-in-action (KIA)/ Wounded-in-action ASSESSED ', 47, 'Y', 'N');

INSERT INTO operating_unit_data (id,  target, output, rate, operating_unit_type, success_indicator_data_id) VALUES (nextval('hibernate_sequence'),  0, 0, 0.00, 'LEYTE_PO', 107);
INSERT INTO operating_unit_data (id,  target, output, rate, operating_unit_type, success_indicator_data_id) VALUES (nextval('hibernate_sequence'),  0, 0, 0.00, 'BILIRAN_PO', 107);
INSERT INTO operating_unit_data (id,  target, output, rate, operating_unit_type, success_indicator_data_id) VALUES (nextval('hibernate_sequence'),  0, 0, 0.00, 'SOUTHERN_LEYTE_PO', 107);
INSERT INTO operating_unit_data (id,  target, output, rate, operating_unit_type, success_indicator_data_id) VALUES (nextval('hibernate_sequence'),  0, 0, 0.00, 'SAMAR_PO', 107);
INSERT INTO operating_unit_data (id,  target, output, rate, operating_unit_type, success_indicator_data_id) VALUES (nextval('hibernate_sequence'),  0, 0, 0.00, 'EASTERN_SAMAR_PO', 107);
INSERT INTO operating_unit_data (id,  target, output, rate, operating_unit_type, success_indicator_data_id) VALUES (nextval('hibernate_sequence'),  0, 0, 0.00, 'NORTHERN_SAMAR_PO', 107);
INSERT INTO operating_unit_data (id,  target, output, rate, operating_unit_type, success_indicator_data_id) VALUES (nextval('hibernate_sequence'),  0, 0, 0.00, 'TESDA_RO', 107);
INSERT INTO operating_unit_data (id,  target, output, rate, operating_unit_type, success_indicator_data_id) VALUES (nextval('hibernate_sequence'),  1, 0, 0.00, 'TOTAL', 107);


INSERT INTO success_indicator_data (id,  target, measures, pap_data_id, is_accumulated, is_percentage) VALUES (108,   6, 'Dependents of Killed-in-action (KIA)/ Wounded-in-action CERTIFIED ', 47, 'Y', 'N');

INSERT INTO operating_unit_data (id,  target, output, rate, operating_unit_type, success_indicator_data_id) VALUES (nextval('hibernate_sequence'),  0, 0, 0.00, 'LEYTE_PO', 108);
INSERT INTO operating_unit_data (id,  target, output, rate, operating_unit_type, success_indicator_data_id) VALUES (nextval('hibernate_sequence'),  0, 0, 0.00, 'BILIRAN_PO', 108);
INSERT INTO operating_unit_data (id,  target, output, rate, operating_unit_type, success_indicator_data_id) VALUES (nextval('hibernate_sequence'),  0, 0, 0.00, 'SOUTHERN_LEYTE_PO', 108);
INSERT INTO operating_unit_data (id,  target, output, rate, operating_unit_type, success_indicator_data_id) VALUES (nextval('hibernate_sequence'),  0, 0, 0.00, 'SAMAR_PO', 108);
INSERT INTO operating_unit_data (id,  target, output, rate, operating_unit_type, success_indicator_data_id) VALUES (nextval('hibernate_sequence'),  0, 0, 0.00, 'EASTERN_SAMAR_PO', 108);
INSERT INTO operating_unit_data (id,  target, output, rate, operating_unit_type, success_indicator_data_id) VALUES (nextval('hibernate_sequence'),  0, 0, 0.00, 'NORTHERN_SAMAR_PO', 108);
INSERT INTO operating_unit_data (id,  target, output, rate, operating_unit_type, success_indicator_data_id) VALUES (nextval('hibernate_sequence'),  0, 0, 0.00, 'TESDA_RO', 108);
INSERT INTO operating_unit_data (id,  target, output, rate, operating_unit_type, success_indicator_data_id) VALUES (nextval('hibernate_sequence'),  1, 0, 0.00, 'TOTAL', 108);



INSERT INTO success_indicator_data (id,  target, measures, pap_data_id, is_accumulated, is_percentage) VALUES (109,   29, 'Inmates and their Families ENROLLEES ', 47, 'Y', 'N');

INSERT INTO operating_unit_data (id,  target, output, rate, operating_unit_type, success_indicator_data_id) VALUES (nextval('hibernate_sequence'),  0, 0, 0.00, 'LEYTE_PO', 109);
INSERT INTO operating_unit_data (id,  target, output, rate, operating_unit_type, success_indicator_data_id) VALUES (nextval('hibernate_sequence'),  0, 0, 0.00, 'BILIRAN_PO', 109);
INSERT INTO operating_unit_data (id,  target, output, rate, operating_unit_type, success_indicator_data_id) VALUES (nextval('hibernate_sequence'),  0, 0, 0.00, 'SOUTHERN_LEYTE_PO', 109);
INSERT INTO operating_unit_data (id,  target, output, rate, operating_unit_type, success_indicator_data_id) VALUES (nextval('hibernate_sequence'),  0, 0, 0.00, 'SAMAR_PO', 109);
INSERT INTO operating_unit_data (id,  target, output, rate, operating_unit_type, success_indicator_data_id) VALUES (nextval('hibernate_sequence'),  0, 0, 0.00, 'EASTERN_SAMAR_PO', 109);
INSERT INTO operating_unit_data (id,  target, output, rate, operating_unit_type, success_indicator_data_id) VALUES (nextval('hibernate_sequence'),  0, 0, 0.00, 'NORTHERN_SAMAR_PO', 109);
INSERT INTO operating_unit_data (id,  target, output, rate, operating_unit_type, success_indicator_data_id) VALUES (nextval('hibernate_sequence'),  0, 0, 0.00, 'TESDA_RO', 109);
INSERT INTO operating_unit_data (id,  target, output, rate, operating_unit_type, success_indicator_data_id) VALUES (nextval('hibernate_sequence'),  1, 0, 0.00, 'TOTAL', 109);


INSERT INTO success_indicator_data (id,  target, measures, pap_data_id, is_accumulated, is_percentage) VALUES (110,   26, 'Inmates and their Families GRADUATES ', 47, 'Y', 'N');

INSERT INTO operating_unit_data (id,  target, output, rate, operating_unit_type, success_indicator_data_id) VALUES (nextval('hibernate_sequence'),  0, 0, 0.00, 'LEYTE_PO', 110);
INSERT INTO operating_unit_data (id,  target, output, rate, operating_unit_type, success_indicator_data_id) VALUES (nextval('hibernate_sequence'),  0, 0, 0.00, 'BILIRAN_PO', 110);
INSERT INTO operating_unit_data (id,  target, output, rate, operating_unit_type, success_indicator_data_id) VALUES (nextval('hibernate_sequence'),  0, 0, 0.00, 'SOUTHERN_LEYTE_PO', 110);
INSERT INTO operating_unit_data (id,  target, output, rate, operating_unit_type, success_indicator_data_id) VALUES (nextval('hibernate_sequence'),  0, 0, 0.00, 'SAMAR_PO', 110);
INSERT INTO operating_unit_data (id,  target, output, rate, operating_unit_type, success_indicator_data_id) VALUES (nextval('hibernate_sequence'),  0, 0, 0.00, 'EASTERN_SAMAR_PO', 110);
INSERT INTO operating_unit_data (id,  target, output, rate, operating_unit_type, success_indicator_data_id) VALUES (nextval('hibernate_sequence'),  0, 0, 0.00, 'NORTHERN_SAMAR_PO', 110);
INSERT INTO operating_unit_data (id,  target, output, rate, operating_unit_type, success_indicator_data_id) VALUES (nextval('hibernate_sequence'),  0, 0, 0.00, 'TESDA_RO', 110);
INSERT INTO operating_unit_data (id,  target, output, rate, operating_unit_type, success_indicator_data_id) VALUES (nextval('hibernate_sequence'),  1, 0, 0.00, 'TOTAL', 110);



INSERT INTO success_indicator_data (id,  target, measures, pap_data_id, is_accumulated, is_percentage) VALUES (111,   23, 'Inmates and their Families ASSESSED ', 47, 'Y', 'N');

INSERT INTO operating_unit_data (id,  target, output, rate, operating_unit_type, success_indicator_data_id) VALUES (nextval('hibernate_sequence'),  0, 0, 0.00, 'LEYTE_PO', 111);
INSERT INTO operating_unit_data (id,  target, output, rate, operating_unit_type, success_indicator_data_id) VALUES (nextval('hibernate_sequence'),  0, 0, 0.00, 'BILIRAN_PO', 111);
INSERT INTO operating_unit_data (id,  target, output, rate, operating_unit_type, success_indicator_data_id) VALUES (nextval('hibernate_sequence'),  0, 0, 0.00, 'SOUTHERN_LEYTE_PO', 111);
INSERT INTO operating_unit_data (id,  target, output, rate, operating_unit_type, success_indicator_data_id) VALUES (nextval('hibernate_sequence'),  0, 0, 0.00, 'SAMAR_PO', 111);
INSERT INTO operating_unit_data (id,  target, output, rate, operating_unit_type, success_indicator_data_id) VALUES (nextval('hibernate_sequence'),  0, 0, 0.00, 'EASTERN_SAMAR_PO', 111);
INSERT INTO operating_unit_data (id,  target, output, rate, operating_unit_type, success_indicator_data_id) VALUES (nextval('hibernate_sequence'),  0, 0, 0.00, 'NORTHERN_SAMAR_PO', 111);
INSERT INTO operating_unit_data (id,  target, output, rate, operating_unit_type, success_indicator_data_id) VALUES (nextval('hibernate_sequence'),  0, 0, 0.00, 'TESDA_RO', 111);
INSERT INTO operating_unit_data (id,  target, output, rate, operating_unit_type, success_indicator_data_id) VALUES (nextval('hibernate_sequence'),  1, 0, 0.00, 'TOTAL', 111);



INSERT INTO success_indicator_data (id,  target, measures, pap_data_id, is_accumulated, is_percentage) VALUES (112,   21, 'Inmates and their Families CERTIFIED ', 47, 'Y', 'N');

INSERT INTO operating_unit_data (id,  target, output, rate, operating_unit_type, success_indicator_data_id) VALUES (nextval('hibernate_sequence'),  0, 0, 0.00, 'LEYTE_PO', 112);
INSERT INTO operating_unit_data (id,  target, output, rate, operating_unit_type, success_indicator_data_id) VALUES (nextval('hibernate_sequence'),  0, 0, 0.00, 'BILIRAN_PO', 112);
INSERT INTO operating_unit_data (id,  target, output, rate, operating_unit_type, success_indicator_data_id) VALUES (nextval('hibernate_sequence'),  0, 0, 0.00, 'SOUTHERN_LEYTE_PO', 112);
INSERT INTO operating_unit_data (id,  target, output, rate, operating_unit_type, success_indicator_data_id) VALUES (nextval('hibernate_sequence'),  0, 0, 0.00, 'SAMAR_PO', 112);
INSERT INTO operating_unit_data (id,  target, output, rate, operating_unit_type, success_indicator_data_id) VALUES (nextval('hibernate_sequence'),  0, 0, 0.00, 'EASTERN_SAMAR_PO', 112);
INSERT INTO operating_unit_data (id,  target, output, rate, operating_unit_type, success_indicator_data_id) VALUES (nextval('hibernate_sequence'),  0, 0, 0.00, 'NORTHERN_SAMAR_PO', 112);
INSERT INTO operating_unit_data (id,  target, output, rate, operating_unit_type, success_indicator_data_id) VALUES (nextval('hibernate_sequence'),  0, 0, 0.00, 'TESDA_RO', 112);
INSERT INTO operating_unit_data (id,  target, output, rate, operating_unit_type, success_indicator_data_id) VALUES (nextval('hibernate_sequence'),  1, 0, 0.00, 'TOTAL', 112);


INSERT INTO success_indicator_data (id,  target, measures, pap_data_id, is_accumulated, is_percentage) VALUES (113,   37, 'Indigenous Peoples and Cultural Communities ENROLLEES ', 47, 'Y', 'N');

INSERT INTO operating_unit_data (id,  target, output, rate, operating_unit_type, success_indicator_data_id) VALUES (nextval('hibernate_sequence'),  0, 0, 0.00, 'LEYTE_PO', 113);
INSERT INTO operating_unit_data (id,  target, output, rate, operating_unit_type, success_indicator_data_id) VALUES (nextval('hibernate_sequence'),  0, 0, 0.00, 'BILIRAN_PO', 113);
INSERT INTO operating_unit_data (id,  target, output, rate, operating_unit_type, success_indicator_data_id) VALUES (nextval('hibernate_sequence'),  0, 0, 0.00, 'SOUTHERN_LEYTE_PO', 113);
INSERT INTO operating_unit_data (id,  target, output, rate, operating_unit_type, success_indicator_data_id) VALUES (nextval('hibernate_sequence'),  0, 0, 0.00, 'SAMAR_PO', 113);
INSERT INTO operating_unit_data (id,  target, output, rate, operating_unit_type, success_indicator_data_id) VALUES (nextval('hibernate_sequence'),  0, 0, 0.00, 'EASTERN_SAMAR_PO', 113);
INSERT INTO operating_unit_data (id,  target, output, rate, operating_unit_type, success_indicator_data_id) VALUES (nextval('hibernate_sequence'),  0, 0, 0.00, 'NORTHERN_SAMAR_PO', 113);
INSERT INTO operating_unit_data (id,  target, output, rate, operating_unit_type, success_indicator_data_id) VALUES (nextval('hibernate_sequence'),  0, 0, 0.00, 'TESDA_RO', 113);
INSERT INTO operating_unit_data (id,  target, output, rate, operating_unit_type, success_indicator_data_id) VALUES (nextval('hibernate_sequence'),  1, 0, 0.00, 'TOTAL', 113);


INSERT INTO success_indicator_data (id,  target, measures, pap_data_id, is_accumulated, is_percentage) VALUES (114,   33, 'Indigenous Peoples and Cultural Communities GRADUATES ', 47, 'Y', 'N');

INSERT INTO operating_unit_data (id,  target, output, rate, operating_unit_type, success_indicator_data_id) VALUES (nextval('hibernate_sequence'),  0, 0, 0.00, 'LEYTE_PO', 114);
INSERT INTO operating_unit_data (id,  target, output, rate, operating_unit_type, success_indicator_data_id) VALUES (nextval('hibernate_sequence'),  0, 0, 0.00, 'BILIRAN_PO', 114);
INSERT INTO operating_unit_data (id,  target, output, rate, operating_unit_type, success_indicator_data_id) VALUES (nextval('hibernate_sequence'),  0, 0, 0.00, 'SOUTHERN_LEYTE_PO', 114);
INSERT INTO operating_unit_data (id,  target, output, rate, operating_unit_type, success_indicator_data_id) VALUES (nextval('hibernate_sequence'),  0, 0, 0.00, 'SAMAR_PO', 114);
INSERT INTO operating_unit_data (id,  target, output, rate, operating_unit_type, success_indicator_data_id) VALUES (nextval('hibernate_sequence'),  0, 0, 0.00, 'EASTERN_SAMAR_PO', 114);
INSERT INTO operating_unit_data (id,  target, output, rate, operating_unit_type, success_indicator_data_id) VALUES (nextval('hibernate_sequence'),  0, 0, 0.00, 'NORTHERN_SAMAR_PO', 114);
INSERT INTO operating_unit_data (id,  target, output, rate, operating_unit_type, success_indicator_data_id) VALUES (nextval('hibernate_sequence'),  0, 0, 0.00, 'TESDA_RO', 114);
INSERT INTO operating_unit_data (id,  target, output, rate, operating_unit_type, success_indicator_data_id) VALUES (nextval('hibernate_sequence'),  1, 0, 0.00, 'TOTAL', 114);



INSERT INTO success_indicator_data (id,  target, measures, pap_data_id, is_accumulated, is_percentage) VALUES (115,   30, 'Indigenous Peoples and Cultural Communities ASSESSED ', 47, 'Y', 'N');

INSERT INTO operating_unit_data (id,  target, output, rate, operating_unit_type, success_indicator_data_id) VALUES (nextval('hibernate_sequence'),  0, 0, 0.00, 'LEYTE_PO', 115);
INSERT INTO operating_unit_data (id,  target, output, rate, operating_unit_type, success_indicator_data_id) VALUES (nextval('hibernate_sequence'),  0, 0, 0.00, 'BILIRAN_PO', 115);
INSERT INTO operating_unit_data (id,  target, output, rate, operating_unit_type, success_indicator_data_id) VALUES (nextval('hibernate_sequence'),  0, 0, 0.00, 'SOUTHERN_LEYTE_PO', 115);
INSERT INTO operating_unit_data (id,  target, output, rate, operating_unit_type, success_indicator_data_id) VALUES (nextval('hibernate_sequence'),  0, 0, 0.00, 'SAMAR_PO', 115);
INSERT INTO operating_unit_data (id,  target, output, rate, operating_unit_type, success_indicator_data_id) VALUES (nextval('hibernate_sequence'),  0, 0, 0.00, 'EASTERN_SAMAR_PO', 115);
INSERT INTO operating_unit_data (id,  target, output, rate, operating_unit_type, success_indicator_data_id) VALUES (nextval('hibernate_sequence'),  0, 0, 0.00, 'NORTHERN_SAMAR_PO', 115);
INSERT INTO operating_unit_data (id,  target, output, rate, operating_unit_type, success_indicator_data_id) VALUES (nextval('hibernate_sequence'),  0, 0, 0.00, 'TESDA_RO', 115);
INSERT INTO operating_unit_data (id,  target, output, rate, operating_unit_type, success_indicator_data_id) VALUES (nextval('hibernate_sequence'),  1, 0, 0.00, 'TOTAL', 115);


INSERT INTO success_indicator_data (id,  target, measures, pap_data_id, is_accumulated, is_percentage) VALUES (116,   28, 'Indigenous Peoples and Cultural Communities CERTIFIED ', 47, 'Y', 'N');

INSERT INTO operating_unit_data (id,  target, output, rate, operating_unit_type, success_indicator_data_id) VALUES (nextval('hibernate_sequence'),  0, 0, 0.00, 'LEYTE_PO', 116);
INSERT INTO operating_unit_data (id,  target, output, rate, operating_unit_type, success_indicator_data_id) VALUES (nextval('hibernate_sequence'),  0, 0, 0.00, 'BILIRAN_PO', 116);
INSERT INTO operating_unit_data (id,  target, output, rate, operating_unit_type, success_indicator_data_id) VALUES (nextval('hibernate_sequence'),  0, 0, 0.00, 'SOUTHERN_LEYTE_PO', 116);
INSERT INTO operating_unit_data (id,  target, output, rate, operating_unit_type, success_indicator_data_id) VALUES (nextval('hibernate_sequence'),  0, 0, 0.00, 'SAMAR_PO', 116);
INSERT INTO operating_unit_data (id,  target, output, rate, operating_unit_type, success_indicator_data_id) VALUES (nextval('hibernate_sequence'),  0, 0, 0.00, 'EASTERN_SAMAR_PO', 116);
INSERT INTO operating_unit_data (id,  target, output, rate, operating_unit_type, success_indicator_data_id) VALUES (nextval('hibernate_sequence'),  0, 0, 0.00, 'NORTHERN_SAMAR_PO', 116);
INSERT INTO operating_unit_data (id,  target, output, rate, operating_unit_type, success_indicator_data_id) VALUES (nextval('hibernate_sequence'),  0, 0, 0.00, 'TESDA_RO', 116);
INSERT INTO operating_unit_data (id,  target, output, rate, operating_unit_type, success_indicator_data_id) VALUES (nextval('hibernate_sequence'),  1, 0, 0.00, 'TOTAL', 116);



INSERT INTO success_indicator_data (id,  target, measures, pap_data_id, is_accumulated, is_percentage) VALUES (117,   12, 'Displaced Women ENROLLEES ', 47, 'Y', 'N');

INSERT INTO operating_unit_data (id,  target, output, rate, operating_unit_type, success_indicator_data_id) VALUES (nextval('hibernate_sequence'),  0, 0, 0.00, 'LEYTE_PO', 117);
INSERT INTO operating_unit_data (id,  target, output, rate, operating_unit_type, success_indicator_data_id) VALUES (nextval('hibernate_sequence'),  0, 0, 0.00, 'BILIRAN_PO', 117);
INSERT INTO operating_unit_data (id,  target, output, rate, operating_unit_type, success_indicator_data_id) VALUES (nextval('hibernate_sequence'),  0, 0, 0.00, 'SOUTHERN_LEYTE_PO', 117);
INSERT INTO operating_unit_data (id,  target, output, rate, operating_unit_type, success_indicator_data_id) VALUES (nextval('hibernate_sequence'),  0, 0, 0.00, 'SAMAR_PO', 117);
INSERT INTO operating_unit_data (id,  target, output, rate, operating_unit_type, success_indicator_data_id) VALUES (nextval('hibernate_sequence'),  0, 0, 0.00, 'EASTERN_SAMAR_PO', 117);
INSERT INTO operating_unit_data (id,  target, output, rate, operating_unit_type, success_indicator_data_id) VALUES (nextval('hibernate_sequence'),  0, 0, 0.00, 'NORTHERN_SAMAR_PO', 117);
INSERT INTO operating_unit_data (id,  target, output, rate, operating_unit_type, success_indicator_data_id) VALUES (nextval('hibernate_sequence'),  0, 0, 0.00, 'TESDA_RO', 117);
INSERT INTO operating_unit_data (id,  target, output, rate, operating_unit_type, success_indicator_data_id) VALUES (nextval('hibernate_sequence'),  1, 0, 0.00, 'TOTAL', 117);


INSERT INTO success_indicator_data (id,  target, measures, pap_data_id, is_accumulated, is_percentage) VALUES (118,   12, 'Displaced Women GRADUATES ', 47, 'Y', 'N');

INSERT INTO operating_unit_data (id,  target, output, rate, operating_unit_type, success_indicator_data_id) VALUES (nextval('hibernate_sequence'),  0, 0, 0.00, 'LEYTE_PO', 118);
INSERT INTO operating_unit_data (id,  target, output, rate, operating_unit_type, success_indicator_data_id) VALUES (nextval('hibernate_sequence'),  0, 0, 0.00, 'BILIRAN_PO', 118);
INSERT INTO operating_unit_data (id,  target, output, rate, operating_unit_type, success_indicator_data_id) VALUES (nextval('hibernate_sequence'),  0, 0, 0.00, 'SOUTHERN_LEYTE_PO', 118);
INSERT INTO operating_unit_data (id,  target, output, rate, operating_unit_type, success_indicator_data_id) VALUES (nextval('hibernate_sequence'),  0, 0, 0.00, 'SAMAR_PO', 118);
INSERT INTO operating_unit_data (id,  target, output, rate, operating_unit_type, success_indicator_data_id) VALUES (nextval('hibernate_sequence'),  0, 0, 0.00, 'EASTERN_SAMAR_PO', 118);
INSERT INTO operating_unit_data (id,  target, output, rate, operating_unit_type, success_indicator_data_id) VALUES (nextval('hibernate_sequence'),  0, 0, 0.00, 'NORTHERN_SAMAR_PO', 118);
INSERT INTO operating_unit_data (id,  target, output, rate, operating_unit_type, success_indicator_data_id) VALUES (nextval('hibernate_sequence'),  0, 0, 0.00, 'TESDA_RO', 118);
INSERT INTO operating_unit_data (id,  target, output, rate, operating_unit_type, success_indicator_data_id) VALUES (nextval('hibernate_sequence'),  1, 0, 0.00, 'TOTAL', 118);



INSERT INTO success_indicator_data (id,  target, measures, pap_data_id, is_accumulated, is_percentage) VALUES (119,   10, 'Displaced Women ASSESSED ', 47, 'Y', 'N');

INSERT INTO operating_unit_data (id,  target, output, rate, operating_unit_type, success_indicator_data_id) VALUES (nextval('hibernate_sequence'),  0, 0, 0.00, 'LEYTE_PO', 119);
INSERT INTO operating_unit_data (id,  target, output, rate, operating_unit_type, success_indicator_data_id) VALUES (nextval('hibernate_sequence'),  0, 0, 0.00, 'BILIRAN_PO', 119);
INSERT INTO operating_unit_data (id,  target, output, rate, operating_unit_type, success_indicator_data_id) VALUES (nextval('hibernate_sequence'),  0, 0, 0.00, 'SOUTHERN_LEYTE_PO', 119);
INSERT INTO operating_unit_data (id,  target, output, rate, operating_unit_type, success_indicator_data_id) VALUES (nextval('hibernate_sequence'),  0, 0, 0.00, 'SAMAR_PO', 119);
INSERT INTO operating_unit_data (id,  target, output, rate, operating_unit_type, success_indicator_data_id) VALUES (nextval('hibernate_sequence'),  0, 0, 0.00, 'EASTERN_SAMAR_PO', 119);
INSERT INTO operating_unit_data (id,  target, output, rate, operating_unit_type, success_indicator_data_id) VALUES (nextval('hibernate_sequence'),  0, 0, 0.00, 'NORTHERN_SAMAR_PO', 119);
INSERT INTO operating_unit_data (id,  target, output, rate, operating_unit_type, success_indicator_data_id) VALUES (nextval('hibernate_sequence'),  0, 0, 0.00, 'TESDA_RO', 119);
INSERT INTO operating_unit_data (id,  target, output, rate, operating_unit_type, success_indicator_data_id) VALUES (nextval('hibernate_sequence'),  1, 0, 0.00, 'TOTAL', 119);




INSERT INTO success_indicator_data (id,  target, measures, pap_data_id, is_accumulated, is_percentage) VALUES (120,   9, 'Displaced Women CERTIFIED ', 47, 'Y', 'N');

INSERT INTO operating_unit_data (id,  target, output, rate, operating_unit_type, success_indicator_data_id) VALUES (nextval('hibernate_sequence'),  0, 0, 0.00, 'LEYTE_PO', 120);
INSERT INTO operating_unit_data (id,  target, output, rate, operating_unit_type, success_indicator_data_id) VALUES (nextval('hibernate_sequence'),  0, 0, 0.00, 'BILIRAN_PO', 120);
INSERT INTO operating_unit_data (id,  target, output, rate, operating_unit_type, success_indicator_data_id) VALUES (nextval('hibernate_sequence'),  0, 0, 0.00, 'SOUTHERN_LEYTE_PO', 120);
INSERT INTO operating_unit_data (id,  target, output, rate, operating_unit_type, success_indicator_data_id) VALUES (nextval('hibernate_sequence'),  0, 0, 0.00, 'SAMAR_PO', 120);
INSERT INTO operating_unit_data (id,  target, output, rate, operating_unit_type, success_indicator_data_id) VALUES (nextval('hibernate_sequence'),  0, 0, 0.00, 'EASTERN_SAMAR_PO', 120);
INSERT INTO operating_unit_data (id,  target, output, rate, operating_unit_type, success_indicator_data_id) VALUES (nextval('hibernate_sequence'),  0, 0, 0.00, 'NORTHERN_SAMAR_PO', 120);
INSERT INTO operating_unit_data (id,  target, output, rate, operating_unit_type, success_indicator_data_id) VALUES (nextval('hibernate_sequence'),  0, 0, 0.00, 'TESDA_RO', 120);
INSERT INTO operating_unit_data (id,  target, output, rate, operating_unit_type, success_indicator_data_id) VALUES (nextval('hibernate_sequence'),  1, 0, 0.00, 'TOTAL', 120);





INSERT INTO success_indicator_data (id,  target, measures, pap_data_id, is_accumulated, is_percentage) VALUES (121,   2, 'PWD ENROLLEES ', 47, 'Y', 'N');

INSERT INTO operating_unit_data (id,  target, output, rate, operating_unit_type, success_indicator_data_id) VALUES (nextval('hibernate_sequence'),  0, 0, 0.00, 'LEYTE_PO', 121);
INSERT INTO operating_unit_data (id,  target, output, rate, operating_unit_type, success_indicator_data_id) VALUES (nextval('hibernate_sequence'),  0, 0, 0.00, 'BILIRAN_PO', 121);
INSERT INTO operating_unit_data (id,  target, output, rate, operating_unit_type, success_indicator_data_id) VALUES (nextval('hibernate_sequence'),  0, 0, 0.00, 'SOUTHERN_LEYTE_PO', 121);
INSERT INTO operating_unit_data (id,  target, output, rate, operating_unit_type, success_indicator_data_id) VALUES (nextval('hibernate_sequence'),  0, 0, 0.00, 'SAMAR_PO', 121);
INSERT INTO operating_unit_data (id,  target, output, rate, operating_unit_type, success_indicator_data_id) VALUES (nextval('hibernate_sequence'),  0, 0, 0.00, 'EASTERN_SAMAR_PO', 121);
INSERT INTO operating_unit_data (id,  target, output, rate, operating_unit_type, success_indicator_data_id) VALUES (nextval('hibernate_sequence'),  0, 0, 0.00, 'NORTHERN_SAMAR_PO', 121);
INSERT INTO operating_unit_data (id,  target, output, rate, operating_unit_type, success_indicator_data_id) VALUES (nextval('hibernate_sequence'),  0, 0, 0.00, 'TESDA_RO', 121);
INSERT INTO operating_unit_data (id,  target, output, rate, operating_unit_type, success_indicator_data_id) VALUES (nextval('hibernate_sequence'),  1, 0, 0.00, 'TOTAL', 121);



INSERT INTO success_indicator_data (id,  target, measures, pap_data_id, is_accumulated, is_percentage) VALUES (122,   2, 'PWD GRADUATES ', 47, 'Y', 'N');

INSERT INTO operating_unit_data (id,  target, output, rate, operating_unit_type, success_indicator_data_id) VALUES (nextval('hibernate_sequence'),  0, 0, 0.00, 'LEYTE_PO', 122);
INSERT INTO operating_unit_data (id,  target, output, rate, operating_unit_type, success_indicator_data_id) VALUES (nextval('hibernate_sequence'),  0, 0, 0.00, 'BILIRAN_PO', 122);
INSERT INTO operating_unit_data (id,  target, output, rate, operating_unit_type, success_indicator_data_id) VALUES (nextval('hibernate_sequence'),  0, 0, 0.00, 'SOUTHERN_LEYTE_PO', 122);
INSERT INTO operating_unit_data (id,  target, output, rate, operating_unit_type, success_indicator_data_id) VALUES (nextval('hibernate_sequence'),  0, 0, 0.00, 'SAMAR_PO', 122);
INSERT INTO operating_unit_data (id,  target, output, rate, operating_unit_type, success_indicator_data_id) VALUES (nextval('hibernate_sequence'),  0, 0, 0.00, 'EASTERN_SAMAR_PO', 122);
INSERT INTO operating_unit_data (id,  target, output, rate, operating_unit_type, success_indicator_data_id) VALUES (nextval('hibernate_sequence'),  0, 0, 0.00, 'NORTHERN_SAMAR_PO', 122);
INSERT INTO operating_unit_data (id,  target, output, rate, operating_unit_type, success_indicator_data_id) VALUES (nextval('hibernate_sequence'),  0, 0, 0.00, 'TESDA_RO', 122);
INSERT INTO operating_unit_data (id,  target, output, rate, operating_unit_type, success_indicator_data_id) VALUES (nextval('hibernate_sequence'),  1, 0, 0.00, 'TOTAL', 122);


INSERT INTO success_indicator_data (id,  target, measures, pap_data_id, is_accumulated, is_percentage) VALUES (123,   1, 'PWD ASSESSED ', 47, 'Y', 'N');

INSERT INTO operating_unit_data (id,  target, output, rate, operating_unit_type, success_indicator_data_id) VALUES (nextval('hibernate_sequence'),  0, 0, 0.00, 'LEYTE_PO', 123);
INSERT INTO operating_unit_data (id,  target, output, rate, operating_unit_type, success_indicator_data_id) VALUES (nextval('hibernate_sequence'),  0, 0, 0.00, 'BILIRAN_PO', 123);
INSERT INTO operating_unit_data (id,  target, output, rate, operating_unit_type, success_indicator_data_id) VALUES (nextval('hibernate_sequence'),  0, 0, 0.00, 'SOUTHERN_LEYTE_PO', 123);
INSERT INTO operating_unit_data (id,  target, output, rate, operating_unit_type, success_indicator_data_id) VALUES (nextval('hibernate_sequence'),  0, 0, 0.00, 'SAMAR_PO', 123);
INSERT INTO operating_unit_data (id,  target, output, rate, operating_unit_type, success_indicator_data_id) VALUES (nextval('hibernate_sequence'),  0, 0, 0.00, 'EASTERN_SAMAR_PO', 123);
INSERT INTO operating_unit_data (id,  target, output, rate, operating_unit_type, success_indicator_data_id) VALUES (nextval('hibernate_sequence'),  0, 0, 0.00, 'NORTHERN_SAMAR_PO', 123);
INSERT INTO operating_unit_data (id,  target, output, rate, operating_unit_type, success_indicator_data_id) VALUES (nextval('hibernate_sequence'),  0, 0, 0.00, 'TESDA_RO', 123);
INSERT INTO operating_unit_data (id,  target, output, rate, operating_unit_type, success_indicator_data_id) VALUES (nextval('hibernate_sequence'),  1, 0, 0.00, 'TOTAL', 123);


INSERT INTO success_indicator_data (id,  target, measures, pap_data_id, is_accumulated, is_percentage) VALUES (124,   1, 'PWD CERTIFIED ', 47, 'Y', 'N');

INSERT INTO operating_unit_data (id,  target, output, rate, operating_unit_type, success_indicator_data_id) VALUES (nextval('hibernate_sequence'),  0, 0, 0.00, 'LEYTE_PO', 124);
INSERT INTO operating_unit_data (id,  target, output, rate, operating_unit_type, success_indicator_data_id) VALUES (nextval('hibernate_sequence'),  0, 0, 0.00, 'BILIRAN_PO', 124);
INSERT INTO operating_unit_data (id,  target, output, rate, operating_unit_type, success_indicator_data_id) VALUES (nextval('hibernate_sequence'),  0, 0, 0.00, 'SOUTHERN_LEYTE_PO', 124);
INSERT INTO operating_unit_data (id,  target, output, rate, operating_unit_type, success_indicator_data_id) VALUES (nextval('hibernate_sequence'),  0, 0, 0.00, 'SAMAR_PO', 124);
INSERT INTO operating_unit_data (id,  target, output, rate, operating_unit_type, success_indicator_data_id) VALUES (nextval('hibernate_sequence'),  0, 0, 0.00, 'EASTERN_SAMAR_PO', 124);
INSERT INTO operating_unit_data (id,  target, output, rate, operating_unit_type, success_indicator_data_id) VALUES (nextval('hibernate_sequence'),  0, 0, 0.00, 'NORTHERN_SAMAR_PO', 124);
INSERT INTO operating_unit_data (id,  target, output, rate, operating_unit_type, success_indicator_data_id) VALUES (nextval('hibernate_sequence'),  0, 0, 0.00, 'TESDA_RO', 124);
INSERT INTO operating_unit_data (id,  target, output, rate, operating_unit_type, success_indicator_data_id) VALUES (nextval('hibernate_sequence'),  1, 0, 0.00, 'TOTAL', 124);



INSERT INTO success_indicator_data (id,  target, measures, pap_data_id, is_accumulated, is_percentage) VALUES (125,   21, 'Senior Citizens ENROLLEES ', 47, 'Y', 'N');

INSERT INTO operating_unit_data (id,  target, output, rate, operating_unit_type, success_indicator_data_id) VALUES (nextval('hibernate_sequence'),  0, 0, 0.00, 'LEYTE_PO', 125);
INSERT INTO operating_unit_data (id,  target, output, rate, operating_unit_type, success_indicator_data_id) VALUES (nextval('hibernate_sequence'),  0, 0, 0.00, 'BILIRAN_PO', 125);
INSERT INTO operating_unit_data (id,  target, output, rate, operating_unit_type, success_indicator_data_id) VALUES (nextval('hibernate_sequence'),  0, 0, 0.00, 'SOUTHERN_LEYTE_PO', 125);
INSERT INTO operating_unit_data (id,  target, output, rate, operating_unit_type, success_indicator_data_id) VALUES (nextval('hibernate_sequence'),  0, 0, 0.00, 'SAMAR_PO', 125);
INSERT INTO operating_unit_data (id,  target, output, rate, operating_unit_type, success_indicator_data_id) VALUES (nextval('hibernate_sequence'),  0, 0, 0.00, 'EASTERN_SAMAR_PO', 125);
INSERT INTO operating_unit_data (id,  target, output, rate, operating_unit_type, success_indicator_data_id) VALUES (nextval('hibernate_sequence'),  0, 0, 0.00, 'NORTHERN_SAMAR_PO', 125);
INSERT INTO operating_unit_data (id,  target, output, rate, operating_unit_type, success_indicator_data_id) VALUES (nextval('hibernate_sequence'),  0, 0, 0.00, 'TESDA_RO', 125);
INSERT INTO operating_unit_data (id,  target, output, rate, operating_unit_type, success_indicator_data_id) VALUES (nextval('hibernate_sequence'),  1, 0, 0.00, 'TOTAL', 125);




INSERT INTO success_indicator_data (id,  target, measures, pap_data_id, is_accumulated, is_percentage) VALUES (126,   19, 'Senior Citizens GRADUATES ', 47, 'Y', 'N');

INSERT INTO operating_unit_data (id,  target, output, rate, operating_unit_type, success_indicator_data_id) VALUES (nextval('hibernate_sequence'),  0, 0, 0.00, 'LEYTE_PO', 126);
INSERT INTO operating_unit_data (id,  target, output, rate, operating_unit_type, success_indicator_data_id) VALUES (nextval('hibernate_sequence'),  0, 0, 0.00, 'BILIRAN_PO', 126);
INSERT INTO operating_unit_data (id,  target, output, rate, operating_unit_type, success_indicator_data_id) VALUES (nextval('hibernate_sequence'),  0, 0, 0.00, 'SOUTHERN_LEYTE_PO', 126);
INSERT INTO operating_unit_data (id,  target, output, rate, operating_unit_type, success_indicator_data_id) VALUES (nextval('hibernate_sequence'),  0, 0, 0.00, 'SAMAR_PO', 126);
INSERT INTO operating_unit_data (id,  target, output, rate, operating_unit_type, success_indicator_data_id) VALUES (nextval('hibernate_sequence'),  0, 0, 0.00, 'EASTERN_SAMAR_PO', 126);
INSERT INTO operating_unit_data (id,  target, output, rate, operating_unit_type, success_indicator_data_id) VALUES (nextval('hibernate_sequence'),  0, 0, 0.00, 'NORTHERN_SAMAR_PO', 126);
INSERT INTO operating_unit_data (id,  target, output, rate, operating_unit_type, success_indicator_data_id) VALUES (nextval('hibernate_sequence'),  0, 0, 0.00, 'TESDA_RO', 126);
INSERT INTO operating_unit_data (id,  target, output, rate, operating_unit_type, success_indicator_data_id) VALUES (nextval('hibernate_sequence'),  1, 0, 0.00, 'TOTAL', 126);




INSERT INTO success_indicator_data (id,  target, measures, pap_data_id, is_accumulated, is_percentage) VALUES (127,   17, 'Senior Citizens ASSESSED ', 47, 'Y', 'N');

INSERT INTO operating_unit_data (id,  target, output, rate, operating_unit_type, success_indicator_data_id) VALUES (nextval('hibernate_sequence'),  0, 0, 0.00, 'LEYTE_PO', 127);
INSERT INTO operating_unit_data (id,  target, output, rate, operating_unit_type, success_indicator_data_id) VALUES (nextval('hibernate_sequence'),  0, 0, 0.00, 'BILIRAN_PO', 127);
INSERT INTO operating_unit_data (id,  target, output, rate, operating_unit_type, success_indicator_data_id) VALUES (nextval('hibernate_sequence'),  0, 0, 0.00, 'SOUTHERN_LEYTE_PO', 127);
INSERT INTO operating_unit_data (id,  target, output, rate, operating_unit_type, success_indicator_data_id) VALUES (nextval('hibernate_sequence'),  0, 0, 0.00, 'SAMAR_PO', 127);
INSERT INTO operating_unit_data (id,  target, output, rate, operating_unit_type, success_indicator_data_id) VALUES (nextval('hibernate_sequence'),  0, 0, 0.00, 'EASTERN_SAMAR_PO', 127);
INSERT INTO operating_unit_data (id,  target, output, rate, operating_unit_type, success_indicator_data_id) VALUES (nextval('hibernate_sequence'),  0, 0, 0.00, 'NORTHERN_SAMAR_PO', 127);
INSERT INTO operating_unit_data (id,  target, output, rate, operating_unit_type, success_indicator_data_id) VALUES (nextval('hibernate_sequence'),  0, 0, 0.00, 'TESDA_RO', 127);
INSERT INTO operating_unit_data (id,  target, output, rate, operating_unit_type, success_indicator_data_id) VALUES (nextval('hibernate_sequence'),  1, 0, 0.00, 'TOTAL', 127);




INSERT INTO success_indicator_data (id,  target, measures, pap_data_id, is_accumulated, is_percentage) VALUES (128,   16, 'Senior Citizens CERTIFIED ', 47, 'Y', 'N');

INSERT INTO operating_unit_data (id,  target, output, rate, operating_unit_type, success_indicator_data_id) VALUES (nextval('hibernate_sequence'),  0, 0, 0.00, 'LEYTE_PO', 128);
INSERT INTO operating_unit_data (id,  target, output, rate, operating_unit_type, success_indicator_data_id) VALUES (nextval('hibernate_sequence'),  0, 0, 0.00, 'BILIRAN_PO', 128);
INSERT INTO operating_unit_data (id,  target, output, rate, operating_unit_type, success_indicator_data_id) VALUES (nextval('hibernate_sequence'),  0, 0, 0.00, 'SOUTHERN_LEYTE_PO', 128);
INSERT INTO operating_unit_data (id,  target, output, rate, operating_unit_type, success_indicator_data_id) VALUES (nextval('hibernate_sequence'),  0, 0, 0.00, 'SAMAR_PO', 128);
INSERT INTO operating_unit_data (id,  target, output, rate, operating_unit_type, success_indicator_data_id) VALUES (nextval('hibernate_sequence'),  0, 0, 0.00, 'EASTERN_SAMAR_PO', 128);
INSERT INTO operating_unit_data (id,  target, output, rate, operating_unit_type, success_indicator_data_id) VALUES (nextval('hibernate_sequence'),  0, 0, 0.00, 'NORTHERN_SAMAR_PO', 128);
INSERT INTO operating_unit_data (id,  target, output, rate, operating_unit_type, success_indicator_data_id) VALUES (nextval('hibernate_sequence'),  0, 0, 0.00, 'TESDA_RO', 128);
INSERT INTO operating_unit_data (id,  target, output, rate, operating_unit_type, success_indicator_data_id) VALUES (nextval('hibernate_sequence'),  1, 0, 0.00, 'TOTAL', 128);




INSERT INTO success_indicator_data (id,  target, measures, pap_data_id, is_accumulated, is_percentage) VALUES (129,   30, 'Victims of disasters and calamities ENROLLEES ', 47, 'Y', 'N');

INSERT INTO operating_unit_data (id,  target, output, rate, operating_unit_type, success_indicator_data_id) VALUES (nextval('hibernate_sequence'),  0, 0, 0.00, 'LEYTE_PO', 129);
INSERT INTO operating_unit_data (id,  target, output, rate, operating_unit_type, success_indicator_data_id) VALUES (nextval('hibernate_sequence'),  0, 0, 0.00, 'BILIRAN_PO', 129);
INSERT INTO operating_unit_data (id,  target, output, rate, operating_unit_type, success_indicator_data_id) VALUES (nextval('hibernate_sequence'),  0, 0, 0.00, 'SOUTHERN_LEYTE_PO', 129);
INSERT INTO operating_unit_data (id,  target, output, rate, operating_unit_type, success_indicator_data_id) VALUES (nextval('hibernate_sequence'),  0, 0, 0.00, 'SAMAR_PO', 129);
INSERT INTO operating_unit_data (id,  target, output, rate, operating_unit_type, success_indicator_data_id) VALUES (nextval('hibernate_sequence'),  0, 0, 0.00, 'EASTERN_SAMAR_PO', 129);
INSERT INTO operating_unit_data (id,  target, output, rate, operating_unit_type, success_indicator_data_id) VALUES (nextval('hibernate_sequence'),  0, 0, 0.00, 'NORTHERN_SAMAR_PO', 129);
INSERT INTO operating_unit_data (id,  target, output, rate, operating_unit_type, success_indicator_data_id) VALUES (nextval('hibernate_sequence'),  0, 0, 0.00, 'TESDA_RO', 129);
INSERT INTO operating_unit_data (id,  target, output, rate, operating_unit_type, success_indicator_data_id) VALUES (nextval('hibernate_sequence'),  1, 0, 0.00, 'TOTAL', 129);



INSERT INTO success_indicator_data (id,  target, measures, pap_data_id, is_accumulated, is_percentage) VALUES (130,   27, 'Victims of disasters and calamities GRADUATES ', 47, 'Y', 'N');

INSERT INTO operating_unit_data (id,  target, output, rate, operating_unit_type, success_indicator_data_id) VALUES (nextval('hibernate_sequence'),  0, 0, 0.00, 'LEYTE_PO', 130);
INSERT INTO operating_unit_data (id,  target, output, rate, operating_unit_type, success_indicator_data_id) VALUES (nextval('hibernate_sequence'),  0, 0, 0.00, 'BILIRAN_PO', 130);
INSERT INTO operating_unit_data (id,  target, output, rate, operating_unit_type, success_indicator_data_id) VALUES (nextval('hibernate_sequence'),  0, 0, 0.00, 'SOUTHERN_LEYTE_PO', 130);
INSERT INTO operating_unit_data (id,  target, output, rate, operating_unit_type, success_indicator_data_id) VALUES (nextval('hibernate_sequence'),  0, 0, 0.00, 'SAMAR_PO', 130);
INSERT INTO operating_unit_data (id,  target, output, rate, operating_unit_type, success_indicator_data_id) VALUES (nextval('hibernate_sequence'),  0, 0, 0.00, 'EASTERN_SAMAR_PO', 130);
INSERT INTO operating_unit_data (id,  target, output, rate, operating_unit_type, success_indicator_data_id) VALUES (nextval('hibernate_sequence'),  0, 0, 0.00, 'NORTHERN_SAMAR_PO', 130);
INSERT INTO operating_unit_data (id,  target, output, rate, operating_unit_type, success_indicator_data_id) VALUES (nextval('hibernate_sequence'),  0, 0, 0.00, 'TESDA_RO', 130);
INSERT INTO operating_unit_data (id,  target, output, rate, operating_unit_type, success_indicator_data_id) VALUES (nextval('hibernate_sequence'),  1, 0, 0.00, 'TOTAL', 130);



INSERT INTO success_indicator_data (id,  target, measures, pap_data_id, is_accumulated, is_percentage) VALUES (131,   24, 'Victims of disasters and calamities ASSESSED ', 47, 'Y', 'N');

INSERT INTO operating_unit_data (id,  target, output, rate, operating_unit_type, success_indicator_data_id) VALUES (nextval('hibernate_sequence'),  0, 0, 0.00, 'LEYTE_PO', 131);
INSERT INTO operating_unit_data (id,  target, output, rate, operating_unit_type, success_indicator_data_id) VALUES (nextval('hibernate_sequence'),  0, 0, 0.00, 'BILIRAN_PO', 131);
INSERT INTO operating_unit_data (id,  target, output, rate, operating_unit_type, success_indicator_data_id) VALUES (nextval('hibernate_sequence'),  0, 0, 0.00, 'SOUTHERN_LEYTE_PO', 131);
INSERT INTO operating_unit_data (id,  target, output, rate, operating_unit_type, success_indicator_data_id) VALUES (nextval('hibernate_sequence'),  0, 0, 0.00, 'SAMAR_PO', 131);
INSERT INTO operating_unit_data (id,  target, output, rate, operating_unit_type, success_indicator_data_id) VALUES (nextval('hibernate_sequence'),  0, 0, 0.00, 'EASTERN_SAMAR_PO', 131);
INSERT INTO operating_unit_data (id,  target, output, rate, operating_unit_type, success_indicator_data_id) VALUES (nextval('hibernate_sequence'),  0, 0, 0.00, 'NORTHERN_SAMAR_PO', 131);
INSERT INTO operating_unit_data (id,  target, output, rate, operating_unit_type, success_indicator_data_id) VALUES (nextval('hibernate_sequence'),  0, 0, 0.00, 'TESDA_RO', 131);
INSERT INTO operating_unit_data (id,  target, output, rate, operating_unit_type, success_indicator_data_id) VALUES (nextval('hibernate_sequence'),  1, 0, 0.00, 'TOTAL', 131);



INSERT INTO success_indicator_data (id,  target, measures, pap_data_id, is_accumulated, is_percentage) VALUES (132,   22, 'Victims of disasters and calamities CERTIFIED ', 47, 'Y', 'N');

INSERT INTO operating_unit_data (id,  target, output, rate, operating_unit_type, success_indicator_data_id) VALUES (nextval('hibernate_sequence'),  0, 0, 0.00, 'LEYTE_PO', 132);
INSERT INTO operating_unit_data (id,  target, output, rate, operating_unit_type, success_indicator_data_id) VALUES (nextval('hibernate_sequence'),  0, 0, 0.00, 'BILIRAN_PO', 132);
INSERT INTO operating_unit_data (id,  target, output, rate, operating_unit_type, success_indicator_data_id) VALUES (nextval('hibernate_sequence'),  0, 0, 0.00, 'SOUTHERN_LEYTE_PO', 132);
INSERT INTO operating_unit_data (id,  target, output, rate, operating_unit_type, success_indicator_data_id) VALUES (nextval('hibernate_sequence'),  0, 0, 0.00, 'SAMAR_PO', 132);
INSERT INTO operating_unit_data (id,  target, output, rate, operating_unit_type, success_indicator_data_id) VALUES (nextval('hibernate_sequence'),  0, 0, 0.00, 'EASTERN_SAMAR_PO', 132);
INSERT INTO operating_unit_data (id,  target, output, rate, operating_unit_type, success_indicator_data_id) VALUES (nextval('hibernate_sequence'),  0, 0, 0.00, 'NORTHERN_SAMAR_PO', 132);
INSERT INTO operating_unit_data (id,  target, output, rate, operating_unit_type, success_indicator_data_id) VALUES (nextval('hibernate_sequence'),  0, 0, 0.00, 'TESDA_RO', 132);
INSERT INTO operating_unit_data (id,  target, output, rate, operating_unit_type, success_indicator_data_id) VALUES (nextval('hibernate_sequence'),  1, 0, 0.00, 'TOTAL', 132);



INSERT INTO success_indicator_data (id,  target, measures, pap_data_id, is_accumulated, is_percentage) VALUES (133,   18, 'Comprehensive Agrarian Reform Program beneficiaries/families assisted', 47, 'Y', 'N');

INSERT INTO operating_unit_data (id,  target, output, rate, operating_unit_type, success_indicator_data_id) VALUES (nextval('hibernate_sequence'),  0, 0, 0.00, 'LEYTE_PO', 133);
INSERT INTO operating_unit_data (id,  target, output, rate, operating_unit_type, success_indicator_data_id) VALUES (nextval('hibernate_sequence'),  0, 0, 0.00, 'BILIRAN_PO', 133);
INSERT INTO operating_unit_data (id,  target, output, rate, operating_unit_type, success_indicator_data_id) VALUES (nextval('hibernate_sequence'),  0, 0, 0.00, 'SOUTHERN_LEYTE_PO', 133);
INSERT INTO operating_unit_data (id,  target, output, rate, operating_unit_type, success_indicator_data_id) VALUES (nextval('hibernate_sequence'),  0, 0, 0.00, 'SAMAR_PO', 133);
INSERT INTO operating_unit_data (id,  target, output, rate, operating_unit_type, success_indicator_data_id) VALUES (nextval('hibernate_sequence'),  0, 0, 0.00, 'EASTERN_SAMAR_PO', 133);
INSERT INTO operating_unit_data (id,  target, output, rate, operating_unit_type, success_indicator_data_id) VALUES (nextval('hibernate_sequence'),  0, 0, 0.00, 'NORTHERN_SAMAR_PO', 133);
INSERT INTO operating_unit_data (id,  target, output, rate, operating_unit_type, success_indicator_data_id) VALUES (nextval('hibernate_sequence'),  0, 0, 0.00, 'TESDA_RO', 133);
INSERT INTO operating_unit_data (id,  target, output, rate, operating_unit_type, success_indicator_data_id) VALUES (nextval('hibernate_sequence'),  1, 0, 0.00, 'TOTAL', 133);


INSERT INTO success_indicator_data (id,  target, measures, pap_data_id, is_accumulated, is_percentage) VALUES (134,   17, 'Comprehensive Agrarian Reform Program affected clients and their beneficiaries/families', 47, 'Y', 'N');

INSERT INTO operating_unit_data (id,  target, output, rate, operating_unit_type, success_indicator_data_id) VALUES (nextval('hibernate_sequence'),  0, 0, 0.00, 'LEYTE_PO', 134);
INSERT INTO operating_unit_data (id,  target, output, rate, operating_unit_type, success_indicator_data_id) VALUES (nextval('hibernate_sequence'),  0, 0, 0.00, 'BILIRAN_PO', 134);
INSERT INTO operating_unit_data (id,  target, output, rate, operating_unit_type, success_indicator_data_id) VALUES (nextval('hibernate_sequence'),  0, 0, 0.00, 'SOUTHERN_LEYTE_PO', 134);
INSERT INTO operating_unit_data (id,  target, output, rate, operating_unit_type, success_indicator_data_id) VALUES (nextval('hibernate_sequence'),  0, 0, 0.00, 'SAMAR_PO', 134);
INSERT INTO operating_unit_data (id,  target, output, rate, operating_unit_type, success_indicator_data_id) VALUES (nextval('hibernate_sequence'),  0, 0, 0.00, 'EASTERN_SAMAR_PO', 134);
INSERT INTO operating_unit_data (id,  target, output, rate, operating_unit_type, success_indicator_data_id) VALUES (nextval('hibernate_sequence'),  0, 0, 0.00, 'NORTHERN_SAMAR_PO', 134);
INSERT INTO operating_unit_data (id,  target, output, rate, operating_unit_type, success_indicator_data_id) VALUES (nextval('hibernate_sequence'),  0, 0, 0.00, 'TESDA_RO', 134);
INSERT INTO operating_unit_data (id,  target, output, rate, operating_unit_type, success_indicator_data_id) VALUES (nextval('hibernate_sequence'),  1, 0, 0.00, 'TOTAL', 134);


INSERT INTO success_indicator_data (id,  target, measures, pap_data_id, is_accumulated, is_percentage) VALUES (135,   20, 'Comprehensive Agrarian Reform Program ENROLLEES', 47, 'Y', 'N');

INSERT INTO operating_unit_data (id,  target, output, rate, operating_unit_type, success_indicator_data_id) VALUES (nextval('hibernate_sequence'),  0, 0, 0.00, 'LEYTE_PO', 135);
INSERT INTO operating_unit_data (id,  target, output, rate, operating_unit_type, success_indicator_data_id) VALUES (nextval('hibernate_sequence'),  0, 0, 0.00, 'BILIRAN_PO', 135);
INSERT INTO operating_unit_data (id,  target, output, rate, operating_unit_type, success_indicator_data_id) VALUES (nextval('hibernate_sequence'),  0, 0, 0.00, 'SOUTHERN_LEYTE_PO', 135);
INSERT INTO operating_unit_data (id,  target, output, rate, operating_unit_type, success_indicator_data_id) VALUES (nextval('hibernate_sequence'),  0, 0, 0.00, 'SAMAR_PO', 135);
INSERT INTO operating_unit_data (id,  target, output, rate, operating_unit_type, success_indicator_data_id) VALUES (nextval('hibernate_sequence'),  0, 0, 0.00, 'EASTERN_SAMAR_PO', 135);
INSERT INTO operating_unit_data (id,  target, output, rate, operating_unit_type, success_indicator_data_id) VALUES (nextval('hibernate_sequence'),  0, 0, 0.00, 'NORTHERN_SAMAR_PO', 135);
INSERT INTO operating_unit_data (id,  target, output, rate, operating_unit_type, success_indicator_data_id) VALUES (nextval('hibernate_sequence'),  0, 0, 0.00, 'TESDA_RO', 135);
INSERT INTO operating_unit_data (id,  target, output, rate, operating_unit_type, success_indicator_data_id) VALUES (nextval('hibernate_sequence'),  1, 0, 0.00, 'TOTAL', 135);


INSERT INTO success_indicator_data (id,  target, measures, pap_data_id, is_accumulated, is_percentage) VALUES (136,   18, 'Comprehensive Agrarian Reform Program GRADUATES', 47, 'Y', 'N');

INSERT INTO operating_unit_data (id,  target, output, rate, operating_unit_type, success_indicator_data_id) VALUES (nextval('hibernate_sequence'),  0, 0, 0.00, 'LEYTE_PO', 136);
INSERT INTO operating_unit_data (id,  target, output, rate, operating_unit_type, success_indicator_data_id) VALUES (nextval('hibernate_sequence'),  0, 0, 0.00, 'BILIRAN_PO', 136);
INSERT INTO operating_unit_data (id,  target, output, rate, operating_unit_type, success_indicator_data_id) VALUES (nextval('hibernate_sequence'),  0, 0, 0.00, 'SOUTHERN_LEYTE_PO', 136);
INSERT INTO operating_unit_data (id,  target, output, rate, operating_unit_type, success_indicator_data_id) VALUES (nextval('hibernate_sequence'),  0, 0, 0.00, 'SAMAR_PO', 136);
INSERT INTO operating_unit_data (id,  target, output, rate, operating_unit_type, success_indicator_data_id) VALUES (nextval('hibernate_sequence'),  0, 0, 0.00, 'EASTERN_SAMAR_PO', 136);
INSERT INTO operating_unit_data (id,  target, output, rate, operating_unit_type, success_indicator_data_id) VALUES (nextval('hibernate_sequence'),  0, 0, 0.00, 'NORTHERN_SAMAR_PO', 136);
INSERT INTO operating_unit_data (id,  target, output, rate, operating_unit_type, success_indicator_data_id) VALUES (nextval('hibernate_sequence'),  0, 0, 0.00, 'TESDA_RO', 136);
INSERT INTO operating_unit_data (id,  target, output, rate, operating_unit_type, success_indicator_data_id) VALUES (nextval('hibernate_sequence'),  1, 0, 0.00, 'TOTAL', 136);


INSERT INTO success_indicator_data (id,  target, measures, pap_data_id, is_accumulated, is_percentage) VALUES (137,   16, 'Comprehensive Agrarian Reform Program ASSESSED', 47, 'Y', 'N');

INSERT INTO operating_unit_data (id,  target, output, rate, operating_unit_type, success_indicator_data_id) VALUES (nextval('hibernate_sequence'),  0, 0, 0.00, 'LEYTE_PO', 137);
INSERT INTO operating_unit_data (id,  target, output, rate, operating_unit_type, success_indicator_data_id) VALUES (nextval('hibernate_sequence'),  0, 0, 0.00, 'BILIRAN_PO', 137);
INSERT INTO operating_unit_data (id,  target, output, rate, operating_unit_type, success_indicator_data_id) VALUES (nextval('hibernate_sequence'),  0, 0, 0.00, 'SOUTHERN_LEYTE_PO', 137);
INSERT INTO operating_unit_data (id,  target, output, rate, operating_unit_type, success_indicator_data_id) VALUES (nextval('hibernate_sequence'),  0, 0, 0.00, 'SAMAR_PO', 137);
INSERT INTO operating_unit_data (id,  target, output, rate, operating_unit_type, success_indicator_data_id) VALUES (nextval('hibernate_sequence'),  0, 0, 0.00, 'EASTERN_SAMAR_PO', 137);
INSERT INTO operating_unit_data (id,  target, output, rate, operating_unit_type, success_indicator_data_id) VALUES (nextval('hibernate_sequence'),  0, 0, 0.00, 'NORTHERN_SAMAR_PO', 137);
INSERT INTO operating_unit_data (id,  target, output, rate, operating_unit_type, success_indicator_data_id) VALUES (nextval('hibernate_sequence'),  0, 0, 0.00, 'TESDA_RO', 137);
INSERT INTO operating_unit_data (id,  target, output, rate, operating_unit_type, success_indicator_data_id) VALUES (nextval('hibernate_sequence'),  1, 0, 0.00, 'TOTAL', 137);


INSERT INTO success_indicator_data (id,  target, measures, pap_data_id, is_accumulated, is_percentage) VALUES (138,   15, 'Comprehensive Agrarian Reform Program CERTIFIED', 47, 'Y', 'N');

INSERT INTO operating_unit_data (id,  target, output, rate, operating_unit_type, success_indicator_data_id) VALUES (nextval('hibernate_sequence'),  0, 0, 0.00, 'LEYTE_PO', 138);
INSERT INTO operating_unit_data (id,  target, output, rate, operating_unit_type, success_indicator_data_id) VALUES (nextval('hibernate_sequence'),  0, 0, 0.00, 'BILIRAN_PO', 138);
INSERT INTO operating_unit_data (id,  target, output, rate, operating_unit_type, success_indicator_data_id) VALUES (nextval('hibernate_sequence'),  0, 0, 0.00, 'SOUTHERN_LEYTE_PO', 138);
INSERT INTO operating_unit_data (id,  target, output, rate, operating_unit_type, success_indicator_data_id) VALUES (nextval('hibernate_sequence'),  0, 0, 0.00, 'SAMAR_PO', 138);
INSERT INTO operating_unit_data (id,  target, output, rate, operating_unit_type, success_indicator_data_id) VALUES (nextval('hibernate_sequence'),  0, 0, 0.00, 'EASTERN_SAMAR_PO', 138);
INSERT INTO operating_unit_data (id,  target, output, rate, operating_unit_type, success_indicator_data_id) VALUES (nextval('hibernate_sequence'),  0, 0, 0.00, 'NORTHERN_SAMAR_PO', 138);
INSERT INTO operating_unit_data (id,  target, output, rate, operating_unit_type, success_indicator_data_id) VALUES (nextval('hibernate_sequence'),  0, 0, 0.00, 'TESDA_RO', 138);
INSERT INTO operating_unit_data (id,  target, output, rate, operating_unit_type, success_indicator_data_id) VALUES (nextval('hibernate_sequence'),  1, 0, 0.00, 'TOTAL', 138);


INSERT INTO success_indicator_data (id,  target, measures, pap_data_id, is_accumulated, is_percentage) VALUES (139,   1, 'Build, Build, Build Program meeting attended', 47, 'Y', 'N');

INSERT INTO operating_unit_data (id,  target, output, rate, operating_unit_type, success_indicator_data_id) VALUES (nextval('hibernate_sequence'),  0, 0, 0.00, 'LEYTE_PO', 139);
INSERT INTO operating_unit_data (id,  target, output, rate, operating_unit_type, success_indicator_data_id) VALUES (nextval('hibernate_sequence'),  0, 0, 0.00, 'BILIRAN_PO', 139);
INSERT INTO operating_unit_data (id,  target, output, rate, operating_unit_type, success_indicator_data_id) VALUES (nextval('hibernate_sequence'),  0, 0, 0.00, 'SOUTHERN_LEYTE_PO', 139);
INSERT INTO operating_unit_data (id,  target, output, rate, operating_unit_type, success_indicator_data_id) VALUES (nextval('hibernate_sequence'),  0, 0, 0.00, 'SAMAR_PO', 139);
INSERT INTO operating_unit_data (id,  target, output, rate, operating_unit_type, success_indicator_data_id) VALUES (nextval('hibernate_sequence'),  0, 0, 0.00, 'EASTERN_SAMAR_PO', 139);
INSERT INTO operating_unit_data (id,  target, output, rate, operating_unit_type, success_indicator_data_id) VALUES (nextval('hibernate_sequence'),  0, 0, 0.00, 'NORTHERN_SAMAR_PO', 139);
INSERT INTO operating_unit_data (id,  target, output, rate, operating_unit_type, success_indicator_data_id) VALUES (nextval('hibernate_sequence'),  0, 0, 0.00, 'TESDA_RO', 139);
INSERT INTO operating_unit_data (id,  target, output, rate, operating_unit_type, success_indicator_data_id) VALUES (nextval('hibernate_sequence'),  1, 0, 0.00, 'TOTAL', 139);



INSERT INTO success_indicator_data (id,  target, measures, pap_data_id, is_accumulated, is_percentage) VALUES (140,   1, 'Build, Build, Build Program partnership forged', 47, 'Y', 'N');

INSERT INTO operating_unit_data (id,  target, output, rate, operating_unit_type, success_indicator_data_id) VALUES (nextval('hibernate_sequence'),  0, 0, 0.00, 'LEYTE_PO', 140);
INSERT INTO operating_unit_data (id,  target, output, rate, operating_unit_type, success_indicator_data_id) VALUES (nextval('hibernate_sequence'),  0, 0, 0.00, 'BILIRAN_PO', 140);
INSERT INTO operating_unit_data (id,  target, output, rate, operating_unit_type, success_indicator_data_id) VALUES (nextval('hibernate_sequence'),  0, 0, 0.00, 'SOUTHERN_LEYTE_PO', 140);
INSERT INTO operating_unit_data (id,  target, output, rate, operating_unit_type, success_indicator_data_id) VALUES (nextval('hibernate_sequence'),  0, 0, 0.00, 'SAMAR_PO', 140);
INSERT INTO operating_unit_data (id,  target, output, rate, operating_unit_type, success_indicator_data_id) VALUES (nextval('hibernate_sequence'),  0, 0, 0.00, 'EASTERN_SAMAR_PO', 140);
INSERT INTO operating_unit_data (id,  target, output, rate, operating_unit_type, success_indicator_data_id) VALUES (nextval('hibernate_sequence'),  0, 0, 0.00, 'NORTHERN_SAMAR_PO', 140);
INSERT INTO operating_unit_data (id,  target, output, rate, operating_unit_type, success_indicator_data_id) VALUES (nextval('hibernate_sequence'),  0, 0, 0.00, 'TESDA_RO', 140);
INSERT INTO operating_unit_data (id,  target, output, rate, operating_unit_type, success_indicator_data_id) VALUES (nextval('hibernate_sequence'),  1, 0, 0.00, 'TOTAL', 140);



INSERT INTO success_indicator_data (id,  target, measures, pap_data_id, is_accumulated, is_percentage) VALUES (141,   2, 'Build, Build, Build Program enterprises/contractors/DPWH projects tapped/assisted', 47, 'Y', 'N');

INSERT INTO operating_unit_data (id,  target, output, rate, operating_unit_type, success_indicator_data_id) VALUES (nextval('hibernate_sequence'),  0, 0, 0.00, 'LEYTE_PO', 141);
INSERT INTO operating_unit_data (id,  target, output, rate, operating_unit_type, success_indicator_data_id) VALUES (nextval('hibernate_sequence'),  0, 0, 0.00, 'BILIRAN_PO', 141);
INSERT INTO operating_unit_data (id,  target, output, rate, operating_unit_type, success_indicator_data_id) VALUES (nextval('hibernate_sequence'),  0, 0, 0.00, 'SOUTHERN_LEYTE_PO', 141);
INSERT INTO operating_unit_data (id,  target, output, rate, operating_unit_type, success_indicator_data_id) VALUES (nextval('hibernate_sequence'),  0, 0, 0.00, 'SAMAR_PO', 141);
INSERT INTO operating_unit_data (id,  target, output, rate, operating_unit_type, success_indicator_data_id) VALUES (nextval('hibernate_sequence'),  0, 0, 0.00, 'EASTERN_SAMAR_PO', 141);
INSERT INTO operating_unit_data (id,  target, output, rate, operating_unit_type, success_indicator_data_id) VALUES (nextval('hibernate_sequence'),  0, 0, 0.00, 'NORTHERN_SAMAR_PO', 141);
INSERT INTO operating_unit_data (id,  target, output, rate, operating_unit_type, success_indicator_data_id) VALUES (nextval('hibernate_sequence'),  0, 0, 0.00, 'TESDA_RO', 141);
INSERT INTO operating_unit_data (id,  target, output, rate, operating_unit_type, success_indicator_data_id) VALUES (nextval('hibernate_sequence'),  1, 0, 0.00, 'TOTAL', 141);



INSERT INTO success_indicator_data (id,  target, measures, pap_data_id, is_accumulated, is_percentage) VALUES (142,   100, 'Build, Build, Build Program, construction related EGACE - ENROLLEES', 47, 'Y', 'N');

INSERT INTO operating_unit_data (id,  target, output, rate, operating_unit_type, success_indicator_data_id) VALUES (nextval('hibernate_sequence'),  0, 0, 0.00, 'LEYTE_PO', 142);
INSERT INTO operating_unit_data (id,  target, output, rate, operating_unit_type, success_indicator_data_id) VALUES (nextval('hibernate_sequence'),  0, 0, 0.00, 'BILIRAN_PO', 142);
INSERT INTO operating_unit_data (id,  target, output, rate, operating_unit_type, success_indicator_data_id) VALUES (nextval('hibernate_sequence'),  0, 0, 0.00, 'SOUTHERN_LEYTE_PO', 142);
INSERT INTO operating_unit_data (id,  target, output, rate, operating_unit_type, success_indicator_data_id) VALUES (nextval('hibernate_sequence'),  0, 0, 0.00, 'SAMAR_PO', 142);
INSERT INTO operating_unit_data (id,  target, output, rate, operating_unit_type, success_indicator_data_id) VALUES (nextval('hibernate_sequence'),  0, 0, 0.00, 'EASTERN_SAMAR_PO', 142);
INSERT INTO operating_unit_data (id,  target, output, rate, operating_unit_type, success_indicator_data_id) VALUES (nextval('hibernate_sequence'),  0, 0, 0.00, 'NORTHERN_SAMAR_PO', 142);
INSERT INTO operating_unit_data (id,  target, output, rate, operating_unit_type, success_indicator_data_id) VALUES (nextval('hibernate_sequence'),  0, 0, 0.00, 'TESDA_RO', 142);
INSERT INTO operating_unit_data (id,  target, output, rate, operating_unit_type, success_indicator_data_id) VALUES (nextval('hibernate_sequence'),  1, 0, 0.00, 'TOTAL', 142);


INSERT INTO success_indicator_data (id,  target, measures, pap_data_id, is_accumulated, is_percentage) VALUES (143,   90, 'Build, Build, Build Program, construction related EGACE - GRADUATES', 47, 'Y', 'N');

INSERT INTO operating_unit_data (id,  target, output, rate, operating_unit_type, success_indicator_data_id) VALUES (nextval('hibernate_sequence'),  0, 0, 0.00, 'LEYTE_PO', 143);
INSERT INTO operating_unit_data (id,  target, output, rate, operating_unit_type, success_indicator_data_id) VALUES (nextval('hibernate_sequence'),  0, 0, 0.00, 'BILIRAN_PO', 143);
INSERT INTO operating_unit_data (id,  target, output, rate, operating_unit_type, success_indicator_data_id) VALUES (nextval('hibernate_sequence'),  0, 0, 0.00, 'SOUTHERN_LEYTE_PO', 143);
INSERT INTO operating_unit_data (id,  target, output, rate, operating_unit_type, success_indicator_data_id) VALUES (nextval('hibernate_sequence'),  0, 0, 0.00, 'SAMAR_PO', 143);
INSERT INTO operating_unit_data (id,  target, output, rate, operating_unit_type, success_indicator_data_id) VALUES (nextval('hibernate_sequence'),  0, 0, 0.00, 'EASTERN_SAMAR_PO', 143);
INSERT INTO operating_unit_data (id,  target, output, rate, operating_unit_type, success_indicator_data_id) VALUES (nextval('hibernate_sequence'),  0, 0, 0.00, 'NORTHERN_SAMAR_PO', 143);
INSERT INTO operating_unit_data (id,  target, output, rate, operating_unit_type, success_indicator_data_id) VALUES (nextval('hibernate_sequence'),  0, 0, 0.00, 'TESDA_RO', 143);
INSERT INTO operating_unit_data (id,  target, output, rate, operating_unit_type, success_indicator_data_id) VALUES (nextval('hibernate_sequence'),  1, 0, 0.00, 'TOTAL', 143);



INSERT INTO success_indicator_data (id,  target, measures, pap_data_id, is_accumulated, is_percentage) VALUES (144,   81, 'Build, Build, Build Program, construction related EGACE - ASSESSED', 47, 'Y', 'N');

INSERT INTO operating_unit_data (id,  target, output, rate, operating_unit_type, success_indicator_data_id) VALUES (nextval('hibernate_sequence'),  0, 0, 0.00, 'LEYTE_PO', 144);
INSERT INTO operating_unit_data (id,  target, output, rate, operating_unit_type, success_indicator_data_id) VALUES (nextval('hibernate_sequence'),  0, 0, 0.00, 'BILIRAN_PO', 144);
INSERT INTO operating_unit_data (id,  target, output, rate, operating_unit_type, success_indicator_data_id) VALUES (nextval('hibernate_sequence'),  0, 0, 0.00, 'SOUTHERN_LEYTE_PO', 144);
INSERT INTO operating_unit_data (id,  target, output, rate, operating_unit_type, success_indicator_data_id) VALUES (nextval('hibernate_sequence'),  0, 0, 0.00, 'SAMAR_PO', 144);
INSERT INTO operating_unit_data (id,  target, output, rate, operating_unit_type, success_indicator_data_id) VALUES (nextval('hibernate_sequence'),  0, 0, 0.00, 'EASTERN_SAMAR_PO', 144);
INSERT INTO operating_unit_data (id,  target, output, rate, operating_unit_type, success_indicator_data_id) VALUES (nextval('hibernate_sequence'),  0, 0, 0.00, 'NORTHERN_SAMAR_PO', 144);
INSERT INTO operating_unit_data (id,  target, output, rate, operating_unit_type, success_indicator_data_id) VALUES (nextval('hibernate_sequence'),  0, 0, 0.00, 'TESDA_RO', 144);
INSERT INTO operating_unit_data (id,  target, output, rate, operating_unit_type, success_indicator_data_id) VALUES (nextval('hibernate_sequence'),  1, 0, 0.00, 'TOTAL', 144);



INSERT INTO success_indicator_data (id,  target, measures, pap_data_id, is_accumulated, is_percentage) VALUES (145,   75, 'Build, Build, Build Program, construction related EGACE - CERTIFIED', 47, 'Y', 'N');

INSERT INTO operating_unit_data (id,  target, output, rate, operating_unit_type, success_indicator_data_id) VALUES (nextval('hibernate_sequence'),  0, 0, 0.00, 'LEYTE_PO', 145);
INSERT INTO operating_unit_data (id,  target, output, rate, operating_unit_type, success_indicator_data_id) VALUES (nextval('hibernate_sequence'),  0, 0, 0.00, 'BILIRAN_PO', 145);
INSERT INTO operating_unit_data (id,  target, output, rate, operating_unit_type, success_indicator_data_id) VALUES (nextval('hibernate_sequence'),  0, 0, 0.00, 'SOUTHERN_LEYTE_PO', 145);
INSERT INTO operating_unit_data (id,  target, output, rate, operating_unit_type, success_indicator_data_id) VALUES (nextval('hibernate_sequence'),  0, 0, 0.00, 'SAMAR_PO', 145);
INSERT INTO operating_unit_data (id,  target, output, rate, operating_unit_type, success_indicator_data_id) VALUES (nextval('hibernate_sequence'),  0, 0, 0.00, 'EASTERN_SAMAR_PO', 145);
INSERT INTO operating_unit_data (id,  target, output, rate, operating_unit_type, success_indicator_data_id) VALUES (nextval('hibernate_sequence'),  0, 0, 0.00, 'NORTHERN_SAMAR_PO', 145);
INSERT INTO operating_unit_data (id,  target, output, rate, operating_unit_type, success_indicator_data_id) VALUES (nextval('hibernate_sequence'),  0, 0, 0.00, 'TESDA_RO', 145);
INSERT INTO operating_unit_data (id,  target, output, rate, operating_unit_type, success_indicator_data_id) VALUES (nextval('hibernate_sequence'),  1, 0, 0.00, 'TOTAL', 145);




INSERT INTO success_indicator_data (id,  target, measures, pap_data_id, is_accumulated, is_percentage) VALUES (146,   68, 'Build, Build, Build Program, construction related EGACE - EMPLOYED GRADUATES', 47, 'Y', 'N');

INSERT INTO operating_unit_data (id,  target, output, rate, operating_unit_type, success_indicator_data_id) VALUES (nextval('hibernate_sequence'),  0, 0, 0.00, 'LEYTE_PO', 146);
INSERT INTO operating_unit_data (id,  target, output, rate, operating_unit_type, success_indicator_data_id) VALUES (nextval('hibernate_sequence'),  0, 0, 0.00, 'BILIRAN_PO', 146);
INSERT INTO operating_unit_data (id,  target, output, rate, operating_unit_type, success_indicator_data_id) VALUES (nextval('hibernate_sequence'),  0, 0, 0.00, 'SOUTHERN_LEYTE_PO', 146);
INSERT INTO operating_unit_data (id,  target, output, rate, operating_unit_type, success_indicator_data_id) VALUES (nextval('hibernate_sequence'),  0, 0, 0.00, 'SAMAR_PO', 146);
INSERT INTO operating_unit_data (id,  target, output, rate, operating_unit_type, success_indicator_data_id) VALUES (nextval('hibernate_sequence'),  0, 0, 0.00, 'EASTERN_SAMAR_PO', 146);
INSERT INTO operating_unit_data (id,  target, output, rate, operating_unit_type, success_indicator_data_id) VALUES (nextval('hibernate_sequence'),  0, 0, 0.00, 'NORTHERN_SAMAR_PO', 146);
INSERT INTO operating_unit_data (id,  target, output, rate, operating_unit_type, success_indicator_data_id) VALUES (nextval('hibernate_sequence'),  0, 0, 0.00, 'TESDA_RO', 146);
INSERT INTO operating_unit_data (id,  target, output, rate, operating_unit_type, success_indicator_data_id) VALUES (nextval('hibernate_sequence'),  1, 0, 0.00, 'TOTAL', 146);



INSERT INTO success_indicator_data (id,  target, measures, pap_data_id, is_accumulated, is_percentage) VALUES (147,   17, 'OFW Repatriation - affected clients and their beneficiaries/families assisted', 47, 'Y', 'N');

INSERT INTO operating_unit_data (id,  target, output, rate, operating_unit_type, success_indicator_data_id) VALUES (nextval('hibernate_sequence'),  0, 0, 0.00, 'LEYTE_PO', 147);
INSERT INTO operating_unit_data (id,  target, output, rate, operating_unit_type, success_indicator_data_id) VALUES (nextval('hibernate_sequence'),  0, 0, 0.00, 'BILIRAN_PO', 147);
INSERT INTO operating_unit_data (id,  target, output, rate, operating_unit_type, success_indicator_data_id) VALUES (nextval('hibernate_sequence'),  0, 0, 0.00, 'SOUTHERN_LEYTE_PO', 147);
INSERT INTO operating_unit_data (id,  target, output, rate, operating_unit_type, success_indicator_data_id) VALUES (nextval('hibernate_sequence'),  0, 0, 0.00, 'SAMAR_PO', 147);
INSERT INTO operating_unit_data (id,  target, output, rate, operating_unit_type, success_indicator_data_id) VALUES (nextval('hibernate_sequence'),  0, 0, 0.00, 'EASTERN_SAMAR_PO', 147);
INSERT INTO operating_unit_data (id,  target, output, rate, operating_unit_type, success_indicator_data_id) VALUES (nextval('hibernate_sequence'),  0, 0, 0.00, 'NORTHERN_SAMAR_PO', 147);
INSERT INTO operating_unit_data (id,  target, output, rate, operating_unit_type, success_indicator_data_id) VALUES (nextval('hibernate_sequence'),  0, 0, 0.00, 'TESDA_RO', 147);
INSERT INTO operating_unit_data (id,  target, output, rate, operating_unit_type, success_indicator_data_id) VALUES (nextval('hibernate_sequence'),  1, 0, 0.00, 'TOTAL', 147);


INSERT INTO success_indicator_data (id,  target, measures, pap_data_id, is_accumulated, is_percentage) VALUES (148,   14, 'OFW Repatriation - affected clients and their beneficiaries/families assisted', 47, 'Y', 'N');

INSERT INTO operating_unit_data (id,  target, output, rate, operating_unit_type, success_indicator_data_id) VALUES (nextval('hibernate_sequence'),  0, 0, 0.00, 'LEYTE_PO', 148);
INSERT INTO operating_unit_data (id,  target, output, rate, operating_unit_type, success_indicator_data_id) VALUES (nextval('hibernate_sequence'),  0, 0, 0.00, 'BILIRAN_PO', 148);
INSERT INTO operating_unit_data (id,  target, output, rate, operating_unit_type, success_indicator_data_id) VALUES (nextval('hibernate_sequence'),  0, 0, 0.00, 'SOUTHERN_LEYTE_PO', 148);
INSERT INTO operating_unit_data (id,  target, output, rate, operating_unit_type, success_indicator_data_id) VALUES (nextval('hibernate_sequence'),  0, 0, 0.00, 'SAMAR_PO', 148);
INSERT INTO operating_unit_data (id,  target, output, rate, operating_unit_type, success_indicator_data_id) VALUES (nextval('hibernate_sequence'),  0, 0, 0.00, 'EASTERN_SAMAR_PO', 148);
INSERT INTO operating_unit_data (id,  target, output, rate, operating_unit_type, success_indicator_data_id) VALUES (nextval('hibernate_sequence'),  0, 0, 0.00, 'NORTHERN_SAMAR_PO', 148);
INSERT INTO operating_unit_data (id,  target, output, rate, operating_unit_type, success_indicator_data_id) VALUES (nextval('hibernate_sequence'),  0, 0, 0.00, 'TESDA_RO', 148);
INSERT INTO operating_unit_data (id,  target, output, rate, operating_unit_type, success_indicator_data_id) VALUES (nextval('hibernate_sequence'),  1, 0, 0.00, 'TOTAL', 148);


INSERT INTO success_indicator_data (id,  target, measures, pap_data_id, is_accumulated, is_percentage) VALUES (149,   33, 'OFW Repatriation - ENROLLEES', 47, 'Y', 'N');

INSERT INTO operating_unit_data (id,  target, output, rate, operating_unit_type, success_indicator_data_id) VALUES (nextval('hibernate_sequence'),  0, 0, 0.00, 'LEYTE_PO', 149);
INSERT INTO operating_unit_data (id,  target, output, rate, operating_unit_type, success_indicator_data_id) VALUES (nextval('hibernate_sequence'),  0, 0, 0.00, 'BILIRAN_PO', 149);
INSERT INTO operating_unit_data (id,  target, output, rate, operating_unit_type, success_indicator_data_id) VALUES (nextval('hibernate_sequence'),  0, 0, 0.00, 'SOUTHERN_LEYTE_PO', 149);
INSERT INTO operating_unit_data (id,  target, output, rate, operating_unit_type, success_indicator_data_id) VALUES (nextval('hibernate_sequence'),  0, 0, 0.00, 'SAMAR_PO', 149);
INSERT INTO operating_unit_data (id,  target, output, rate, operating_unit_type, success_indicator_data_id) VALUES (nextval('hibernate_sequence'),  0, 0, 0.00, 'EASTERN_SAMAR_PO', 149);
INSERT INTO operating_unit_data (id,  target, output, rate, operating_unit_type, success_indicator_data_id) VALUES (nextval('hibernate_sequence'),  0, 0, 0.00, 'NORTHERN_SAMAR_PO', 149);
INSERT INTO operating_unit_data (id,  target, output, rate, operating_unit_type, success_indicator_data_id) VALUES (nextval('hibernate_sequence'),  0, 0, 0.00, 'TESDA_RO', 149);
INSERT INTO operating_unit_data (id,  target, output, rate, operating_unit_type, success_indicator_data_id) VALUES (nextval('hibernate_sequence'),  1, 0, 0.00, 'TOTAL', 149);


INSERT INTO success_indicator_data (id,  target, measures, pap_data_id, is_accumulated, is_percentage) VALUES (150,   30, 'OFW Repatriation - GRADUATES', 47, 'Y', 'N');

INSERT INTO operating_unit_data (id,  target, output, rate, operating_unit_type, success_indicator_data_id) VALUES (nextval('hibernate_sequence'),  0, 0, 0.00, 'LEYTE_PO', 150);
INSERT INTO operating_unit_data (id,  target, output, rate, operating_unit_type, success_indicator_data_id) VALUES (nextval('hibernate_sequence'),  0, 0, 0.00, 'BILIRAN_PO', 150);
INSERT INTO operating_unit_data (id,  target, output, rate, operating_unit_type, success_indicator_data_id) VALUES (nextval('hibernate_sequence'),  0, 0, 0.00, 'SOUTHERN_LEYTE_PO', 150);
INSERT INTO operating_unit_data (id,  target, output, rate, operating_unit_type, success_indicator_data_id) VALUES (nextval('hibernate_sequence'),  0, 0, 0.00, 'SAMAR_PO', 150);
INSERT INTO operating_unit_data (id,  target, output, rate, operating_unit_type, success_indicator_data_id) VALUES (nextval('hibernate_sequence'),  0, 0, 0.00, 'EASTERN_SAMAR_PO', 150);
INSERT INTO operating_unit_data (id,  target, output, rate, operating_unit_type, success_indicator_data_id) VALUES (nextval('hibernate_sequence'),  0, 0, 0.00, 'NORTHERN_SAMAR_PO', 150);
INSERT INTO operating_unit_data (id,  target, output, rate, operating_unit_type, success_indicator_data_id) VALUES (nextval('hibernate_sequence'),  0, 0, 0.00, 'TESDA_RO', 150);
INSERT INTO operating_unit_data (id,  target, output, rate, operating_unit_type, success_indicator_data_id) VALUES (nextval('hibernate_sequence'),  1, 0, 0.00, 'TOTAL', 150);



INSERT INTO success_indicator_data (id,  target, measures, pap_data_id, is_accumulated, is_percentage) VALUES (151,   30, 'OFW Repatriation - ASSESSED', 47, 'Y', 'N');

INSERT INTO operating_unit_data (id,  target, output, rate, operating_unit_type, success_indicator_data_id) VALUES (nextval('hibernate_sequence'),  0, 0, 0.00, 'LEYTE_PO', 151);
INSERT INTO operating_unit_data (id,  target, output, rate, operating_unit_type, success_indicator_data_id) VALUES (nextval('hibernate_sequence'),  0, 0, 0.00, 'BILIRAN_PO', 151);
INSERT INTO operating_unit_data (id,  target, output, rate, operating_unit_type, success_indicator_data_id) VALUES (nextval('hibernate_sequence'),  0, 0, 0.00, 'SOUTHERN_LEYTE_PO', 151);
INSERT INTO operating_unit_data (id,  target, output, rate, operating_unit_type, success_indicator_data_id) VALUES (nextval('hibernate_sequence'),  0, 0, 0.00, 'SAMAR_PO', 151);
INSERT INTO operating_unit_data (id,  target, output, rate, operating_unit_type, success_indicator_data_id) VALUES (nextval('hibernate_sequence'),  0, 0, 0.00, 'EASTERN_SAMAR_PO', 151);
INSERT INTO operating_unit_data (id,  target, output, rate, operating_unit_type, success_indicator_data_id) VALUES (nextval('hibernate_sequence'),  0, 0, 0.00, 'NORTHERN_SAMAR_PO', 151);
INSERT INTO operating_unit_data (id,  target, output, rate, operating_unit_type, success_indicator_data_id) VALUES (nextval('hibernate_sequence'),  0, 0, 0.00, 'TESDA_RO', 151);
INSERT INTO operating_unit_data (id,  target, output, rate, operating_unit_type, success_indicator_data_id) VALUES (nextval('hibernate_sequence'),  1, 0, 0.00, 'TOTAL', 151);


INSERT INTO success_indicator_data (id,  target, measures, pap_data_id, is_accumulated, is_percentage) VALUES (152,   25, 'OFW Repatriation - CERTIFIED', 47, 'Y', 'N');

INSERT INTO operating_unit_data (id,  target, output, rate, operating_unit_type, success_indicator_data_id) VALUES (nextval('hibernate_sequence'),  0, 0, 0.00, 'LEYTE_PO', 152);
INSERT INTO operating_unit_data (id,  target, output, rate, operating_unit_type, success_indicator_data_id) VALUES (nextval('hibernate_sequence'),  0, 0, 0.00, 'BILIRAN_PO', 152);
INSERT INTO operating_unit_data (id,  target, output, rate, operating_unit_type, success_indicator_data_id) VALUES (nextval('hibernate_sequence'),  0, 0, 0.00, 'SOUTHERN_LEYTE_PO', 152);
INSERT INTO operating_unit_data (id,  target, output, rate, operating_unit_type, success_indicator_data_id) VALUES (nextval('hibernate_sequence'),  0, 0, 0.00, 'SAMAR_PO', 152);
INSERT INTO operating_unit_data (id,  target, output, rate, operating_unit_type, success_indicator_data_id) VALUES (nextval('hibernate_sequence'),  0, 0, 0.00, 'EASTERN_SAMAR_PO', 152);
INSERT INTO operating_unit_data (id,  target, output, rate, operating_unit_type, success_indicator_data_id) VALUES (nextval('hibernate_sequence'),  0, 0, 0.00, 'NORTHERN_SAMAR_PO', 152);
INSERT INTO operating_unit_data (id,  target, output, rate, operating_unit_type, success_indicator_data_id) VALUES (nextval('hibernate_sequence'),  0, 0, 0.00, 'TESDA_RO', 152);
INSERT INTO operating_unit_data (id,  target, output, rate, operating_unit_type, success_indicator_data_id) VALUES (nextval('hibernate_sequence'),  1, 0, 0.00, 'TOTAL', 152);


/* Support to Operations */


INSERT INTO pap_data (id,  name, pap_group_type) VALUES (48, 'Communication Program', 'STO');

INSERT INTO success_indicator_data (id,  target, measures, pap_data_id, is_accumulated, is_percentage) VALUES (153,   1, 'Number of press briefings with media members or dialogue with stakeholders conducted and covered ', 48, 'Y', 'N');

INSERT INTO operating_unit_data (id,  target, output, rate, operating_unit_type, success_indicator_data_id) VALUES (nextval('hibernate_sequence'),  0, 0, 0.00, 'LEYTE_PO', 153);
INSERT INTO operating_unit_data (id,  target, output, rate, operating_unit_type, success_indicator_data_id) VALUES (nextval('hibernate_sequence'),  0, 0, 0.00, 'BILIRAN_PO', 153);
INSERT INTO operating_unit_data (id,  target, output, rate, operating_unit_type, success_indicator_data_id) VALUES (nextval('hibernate_sequence'),  0, 0, 0.00, 'SOUTHERN_LEYTE_PO', 153);
INSERT INTO operating_unit_data (id,  target, output, rate, operating_unit_type, success_indicator_data_id) VALUES (nextval('hibernate_sequence'),  0, 0, 0.00, 'SAMAR_PO', 153);
INSERT INTO operating_unit_data (id,  target, output, rate, operating_unit_type, success_indicator_data_id) VALUES (nextval('hibernate_sequence'),  0, 0, 0.00, 'EASTERN_SAMAR_PO', 153);
INSERT INTO operating_unit_data (id,  target, output, rate, operating_unit_type, success_indicator_data_id) VALUES (nextval('hibernate_sequence'),  0, 0, 0.00, 'NORTHERN_SAMAR_PO', 153);
INSERT INTO operating_unit_data (id,  target, output, rate, operating_unit_type, success_indicator_data_id) VALUES (nextval('hibernate_sequence'),  0, 0, 0.00, 'TESDA_RO', 153);
INSERT INTO operating_unit_data (id,  target, output, rate, operating_unit_type, success_indicator_data_id) VALUES (nextval('hibernate_sequence'),  1, 0, 0.00, 'TOTAL', 153);


INSERT INTO success_indicator_data (id,  target, measures, pap_data_id, is_accumulated, is_percentage) VALUES (154,   1, 'Number of press releases about TESDA''s programs and success stories drafted, edited, published and monitored ', 48, 'Y', 'N');

INSERT INTO operating_unit_data (id,  target, output, rate, operating_unit_type, success_indicator_data_id) VALUES (nextval('hibernate_sequence'),  0, 0, 0.00, 'LEYTE_PO', 154);
INSERT INTO operating_unit_data (id,  target, output, rate, operating_unit_type, success_indicator_data_id) VALUES (nextval('hibernate_sequence'),  0, 0, 0.00, 'BILIRAN_PO', 154);
INSERT INTO operating_unit_data (id,  target, output, rate, operating_unit_type, success_indicator_data_id) VALUES (nextval('hibernate_sequence'),  0, 0, 0.00, 'SOUTHERN_LEYTE_PO', 154);
INSERT INTO operating_unit_data (id,  target, output, rate, operating_unit_type, success_indicator_data_id) VALUES (nextval('hibernate_sequence'),  0, 0, 0.00, 'SAMAR_PO', 154);
INSERT INTO operating_unit_data (id,  target, output, rate, operating_unit_type, success_indicator_data_id) VALUES (nextval('hibernate_sequence'),  0, 0, 0.00, 'EASTERN_SAMAR_PO', 154);
INSERT INTO operating_unit_data (id,  target, output, rate, operating_unit_type, success_indicator_data_id) VALUES (nextval('hibernate_sequence'),  0, 0, 0.00, 'NORTHERN_SAMAR_PO', 154);
INSERT INTO operating_unit_data (id,  target, output, rate, operating_unit_type, success_indicator_data_id) VALUES (nextval('hibernate_sequence'),  0, 0, 0.00, 'TESDA_RO', 154);
INSERT INTO operating_unit_data (id,  target, output, rate, operating_unit_type, success_indicator_data_id) VALUES (nextval('hibernate_sequence'),  1, 0, 0.00, 'TOTAL', 154);



INSERT INTO success_indicator_data (id,  target, measures, pap_data_id, is_accumulated, is_percentage) VALUES (155,   1, 'Number of postings (news release, photo release, shared articles) posted each day Mondays to Fridays on TESDA Official FB page', 48, 'Y', 'N');

INSERT INTO operating_unit_data (id,  target, output, rate, operating_unit_type, success_indicator_data_id) VALUES (nextval('hibernate_sequence'),  0, 0, 0.00, 'LEYTE_PO', 155);
INSERT INTO operating_unit_data (id,  target, output, rate, operating_unit_type, success_indicator_data_id) VALUES (nextval('hibernate_sequence'),  0, 0, 0.00, 'BILIRAN_PO', 155);
INSERT INTO operating_unit_data (id,  target, output, rate, operating_unit_type, success_indicator_data_id) VALUES (nextval('hibernate_sequence'),  0, 0, 0.00, 'SOUTHERN_LEYTE_PO', 155);
INSERT INTO operating_unit_data (id,  target, output, rate, operating_unit_type, success_indicator_data_id) VALUES (nextval('hibernate_sequence'),  0, 0, 0.00, 'SAMAR_PO', 155);
INSERT INTO operating_unit_data (id,  target, output, rate, operating_unit_type, success_indicator_data_id) VALUES (nextval('hibernate_sequence'),  0, 0, 0.00, 'EASTERN_SAMAR_PO', 155);
INSERT INTO operating_unit_data (id,  target, output, rate, operating_unit_type, success_indicator_data_id) VALUES (nextval('hibernate_sequence'),  0, 0, 0.00, 'NORTHERN_SAMAR_PO', 155);
INSERT INTO operating_unit_data (id,  target, output, rate, operating_unit_type, success_indicator_data_id) VALUES (nextval('hibernate_sequence'),  0, 0, 0.00, 'TESDA_RO', 155);
INSERT INTO operating_unit_data (id,  target, output, rate, operating_unit_type, success_indicator_data_id) VALUES (nextval('hibernate_sequence'),  1, 0, 0.00, 'TOTAL', 155);


INSERT INTO success_indicator_data (id,  target, measures, pap_data_id, is_accumulated, is_percentage) VALUES (156,   1, 'Advocacy/information materials developed/provided/disseminated', 48, 'Y', 'N');

INSERT INTO operating_unit_data (id,  target, output, rate, operating_unit_type, success_indicator_data_id) VALUES (nextval('hibernate_sequence'),  0, 0, 0.00, 'LEYTE_PO', 156);
INSERT INTO operating_unit_data (id,  target, output, rate, operating_unit_type, success_indicator_data_id) VALUES (nextval('hibernate_sequence'),  0, 0, 0.00, 'BILIRAN_PO', 156);
INSERT INTO operating_unit_data (id,  target, output, rate, operating_unit_type, success_indicator_data_id) VALUES (nextval('hibernate_sequence'),  0, 0, 0.00, 'SOUTHERN_LEYTE_PO', 156);
INSERT INTO operating_unit_data (id,  target, output, rate, operating_unit_type, success_indicator_data_id) VALUES (nextval('hibernate_sequence'),  0, 0, 0.00, 'SAMAR_PO', 156);
INSERT INTO operating_unit_data (id,  target, output, rate, operating_unit_type, success_indicator_data_id) VALUES (nextval('hibernate_sequence'),  0, 0, 0.00, 'EASTERN_SAMAR_PO', 156);
INSERT INTO operating_unit_data (id,  target, output, rate, operating_unit_type, success_indicator_data_id) VALUES (nextval('hibernate_sequence'),  0, 0, 0.00, 'NORTHERN_SAMAR_PO', 156);
INSERT INTO operating_unit_data (id,  target, output, rate, operating_unit_type, success_indicator_data_id) VALUES (nextval('hibernate_sequence'),  0, 0, 0.00, 'TESDA_RO', 156);
INSERT INTO operating_unit_data (id,  target, output, rate, operating_unit_type, success_indicator_data_id) VALUES (nextval('hibernate_sequence'),  1, 0, 0.00, 'TOTAL', 156);



INSERT INTO pap_data (id,  name, pap_group_type) VALUES (49, '2020 Annual Report', 'STO');

INSERT INTO success_indicator_data (id,  target, measures, pap_data_id, is_accumulated, is_percentage) VALUES (157,   1, '2020 Annual Report prepared, submitted and disseminated', 49, 'Y', 'N');

INSERT INTO operating_unit_data (id,  target, output, rate, operating_unit_type, success_indicator_data_id) VALUES (nextval('hibernate_sequence'),  0, 0, 0.00, 'LEYTE_PO', 157);
INSERT INTO operating_unit_data (id,  target, output, rate, operating_unit_type, success_indicator_data_id) VALUES (nextval('hibernate_sequence'),  0, 0, 0.00, 'BILIRAN_PO', 157);
INSERT INTO operating_unit_data (id,  target, output, rate, operating_unit_type, success_indicator_data_id) VALUES (nextval('hibernate_sequence'),  0, 0, 0.00, 'SOUTHERN_LEYTE_PO', 157);
INSERT INTO operating_unit_data (id,  target, output, rate, operating_unit_type, success_indicator_data_id) VALUES (nextval('hibernate_sequence'),  0, 0, 0.00, 'SAMAR_PO', 157);
INSERT INTO operating_unit_data (id,  target, output, rate, operating_unit_type, success_indicator_data_id) VALUES (nextval('hibernate_sequence'),  0, 0, 0.00, 'EASTERN_SAMAR_PO', 157);
INSERT INTO operating_unit_data (id,  target, output, rate, operating_unit_type, success_indicator_data_id) VALUES (nextval('hibernate_sequence'),  0, 0, 0.00, 'NORTHERN_SAMAR_PO', 157);
INSERT INTO operating_unit_data (id,  target, output, rate, operating_unit_type, success_indicator_data_id) VALUES (nextval('hibernate_sequence'),  0, 0, 0.00, 'TESDA_RO', 157);
INSERT INTO operating_unit_data (id,  target, output, rate, operating_unit_type, success_indicator_data_id) VALUES (nextval('hibernate_sequence'),  1, 0, 0.00, 'TOTAL', 157);


INSERT INTO pap_data (id,  name, pap_group_type) VALUES (50, 'Gender and Development ', 'STO');

INSERT INTO success_indicator_data (id,  target, measures, pap_data_id, is_accumulated, is_percentage) VALUES (158,   1, '3% increase in number of women enrolled in non-traditional sector', 50, 'Y', 'N');

INSERT INTO operating_unit_data (id,  target, output, rate, operating_unit_type, success_indicator_data_id) VALUES (nextval('hibernate_sequence'),  0, 0, 0.00, 'LEYTE_PO', 158);
INSERT INTO operating_unit_data (id,  target, output, rate, operating_unit_type, success_indicator_data_id) VALUES (nextval('hibernate_sequence'),  0, 0, 0.00, 'BILIRAN_PO', 158);
INSERT INTO operating_unit_data (id,  target, output, rate, operating_unit_type, success_indicator_data_id) VALUES (nextval('hibernate_sequence'),  0, 0, 0.00, 'SOUTHERN_LEYTE_PO', 158);
INSERT INTO operating_unit_data (id,  target, output, rate, operating_unit_type, success_indicator_data_id) VALUES (nextval('hibernate_sequence'),  0, 0, 0.00, 'SAMAR_PO', 158);
INSERT INTO operating_unit_data (id,  target, output, rate, operating_unit_type, success_indicator_data_id) VALUES (nextval('hibernate_sequence'),  0, 0, 0.00, 'EASTERN_SAMAR_PO', 158);
INSERT INTO operating_unit_data (id,  target, output, rate, operating_unit_type, success_indicator_data_id) VALUES (nextval('hibernate_sequence'),  0, 0, 0.00, 'NORTHERN_SAMAR_PO', 158);
INSERT INTO operating_unit_data (id,  target, output, rate, operating_unit_type, success_indicator_data_id) VALUES (nextval('hibernate_sequence'),  0, 0, 0.00, 'TESDA_RO', 158);
INSERT INTO operating_unit_data (id,  target, output, rate, operating_unit_type, success_indicator_data_id) VALUES (nextval('hibernate_sequence'),  1, 0, 0.00, 'TOTAL', 158);


INSERT INTO success_indicator_data (id,  target, measures, pap_data_id, is_accumulated, is_percentage) VALUES (159,   1, 'Ratio of men and women in TESD', 50, 'Y', 'N');

INSERT INTO operating_unit_data (id,  target, output, rate, operating_unit_type, success_indicator_data_id) VALUES (nextval('hibernate_sequence'),  0, 0, 0.00, 'LEYTE_PO', 159);
INSERT INTO operating_unit_data (id,  target, output, rate, operating_unit_type, success_indicator_data_id) VALUES (nextval('hibernate_sequence'),  0, 0, 0.00, 'BILIRAN_PO', 159);
INSERT INTO operating_unit_data (id,  target, output, rate, operating_unit_type, success_indicator_data_id) VALUES (nextval('hibernate_sequence'),  0, 0, 0.00, 'SOUTHERN_LEYTE_PO', 159);
INSERT INTO operating_unit_data (id,  target, output, rate, operating_unit_type, success_indicator_data_id) VALUES (nextval('hibernate_sequence'),  0, 0, 0.00, 'SAMAR_PO', 159);
INSERT INTO operating_unit_data (id,  target, output, rate, operating_unit_type, success_indicator_data_id) VALUES (nextval('hibernate_sequence'),  0, 0, 0.00, 'EASTERN_SAMAR_PO', 159);
INSERT INTO operating_unit_data (id,  target, output, rate, operating_unit_type, success_indicator_data_id) VALUES (nextval('hibernate_sequence'),  0, 0, 0.00, 'NORTHERN_SAMAR_PO', 159);
INSERT INTO operating_unit_data (id,  target, output, rate, operating_unit_type, success_indicator_data_id) VALUES (nextval('hibernate_sequence'),  0, 0, 0.00, 'TESDA_RO', 159);
INSERT INTO operating_unit_data (id,  target, output, rate, operating_unit_type, success_indicator_data_id) VALUES (nextval('hibernate_sequence'),  1, 0, 0.00, 'TOTAL', 159);


INSERT INTO success_indicator_data (id,  target, measures, pap_data_id, is_accumulated, is_percentage) VALUES (160,   1, '2021 GAD Plan and Budget prepared by TWG, reviewed, consolidated and submitted by TWC, and endorsed to PCW thru GMMS not later than end of December 2020', 50, 'Y', 'N');

INSERT INTO operating_unit_data (id,  target, output, rate, operating_unit_type, success_indicator_data_id) VALUES (nextval('hibernate_sequence'),  0, 0, 0.00, 'LEYTE_PO', 160);
INSERT INTO operating_unit_data (id,  target, output, rate, operating_unit_type, success_indicator_data_id) VALUES (nextval('hibernate_sequence'),  0, 0, 0.00, 'BILIRAN_PO', 160);
INSERT INTO operating_unit_data (id,  target, output, rate, operating_unit_type, success_indicator_data_id) VALUES (nextval('hibernate_sequence'),  0, 0, 0.00, 'SOUTHERN_LEYTE_PO', 160);
INSERT INTO operating_unit_data (id,  target, output, rate, operating_unit_type, success_indicator_data_id) VALUES (nextval('hibernate_sequence'),  0, 0, 0.00, 'SAMAR_PO', 160);
INSERT INTO operating_unit_data (id,  target, output, rate, operating_unit_type, success_indicator_data_id) VALUES (nextval('hibernate_sequence'),  0, 0, 0.00, 'EASTERN_SAMAR_PO', 160);
INSERT INTO operating_unit_data (id,  target, output, rate, operating_unit_type, success_indicator_data_id) VALUES (nextval('hibernate_sequence'),  0, 0, 0.00, 'NORTHERN_SAMAR_PO', 160);
INSERT INTO operating_unit_data (id,  target, output, rate, operating_unit_type, success_indicator_data_id) VALUES (nextval('hibernate_sequence'),  0, 0, 0.00, 'TESDA_RO', 160);
INSERT INTO operating_unit_data (id,  target, output, rate, operating_unit_type, success_indicator_data_id) VALUES (nextval('hibernate_sequence'),  1, 0, 0.00, 'TOTAL', 160);


INSERT INTO success_indicator_data (id,  target, measures, pap_data_id, is_accumulated, is_percentage) VALUES (161,   1, '2020 GAD Accomplishment Report of Regional Offices prepared by TWG, reviewed by TWC, and endorsed to PCW thru GMMS not later than end of April 2021', 50, 'Y', 'N');

INSERT INTO operating_unit_data (id,  target, output, rate, operating_unit_type, success_indicator_data_id) VALUES (nextval('hibernate_sequence'),  0, 0, 0.00, 'LEYTE_PO', 161);
INSERT INTO operating_unit_data (id,  target, output, rate, operating_unit_type, success_indicator_data_id) VALUES (nextval('hibernate_sequence'),  0, 0, 0.00, 'BILIRAN_PO', 161);
INSERT INTO operating_unit_data (id,  target, output, rate, operating_unit_type, success_indicator_data_id) VALUES (nextval('hibernate_sequence'),  0, 0, 0.00, 'SOUTHERN_LEYTE_PO', 161);
INSERT INTO operating_unit_data (id,  target, output, rate, operating_unit_type, success_indicator_data_id) VALUES (nextval('hibernate_sequence'),  0, 0, 0.00, 'SAMAR_PO', 161);
INSERT INTO operating_unit_data (id,  target, output, rate, operating_unit_type, success_indicator_data_id) VALUES (nextval('hibernate_sequence'),  0, 0, 0.00, 'EASTERN_SAMAR_PO', 161);
INSERT INTO operating_unit_data (id,  target, output, rate, operating_unit_type, success_indicator_data_id) VALUES (nextval('hibernate_sequence'),  0, 0, 0.00, 'NORTHERN_SAMAR_PO', 161);
INSERT INTO operating_unit_data (id,  target, output, rate, operating_unit_type, success_indicator_data_id) VALUES (nextval('hibernate_sequence'),  0, 0, 0.00, 'TESDA_RO', 161);
INSERT INTO operating_unit_data (id,  target, output, rate, operating_unit_type, success_indicator_data_id) VALUES (nextval('hibernate_sequence'),  1, 0, 0.00, 'TOTAL', 161);


INSERT INTO pap_data (id,  name, pap_group_type) VALUES (51, 'Maintenance of TESDA Quality Management System (QMS)', 'STO');

INSERT INTO success_indicator_data (id,  target, measures, pap_data_id, is_accumulated, is_percentage) VALUES (162,   1, 'ISO certification sustained and/or upgraded/expanded', 51, 'Y', 'N');

INSERT INTO operating_unit_data (id,  target, output, rate, operating_unit_type, success_indicator_data_id) VALUES (nextval('hibernate_sequence'),  0, 0, 0.00, 'LEYTE_PO', 162);
INSERT INTO operating_unit_data (id,  target, output, rate, operating_unit_type, success_indicator_data_id) VALUES (nextval('hibernate_sequence'),  0, 0, 0.00, 'BILIRAN_PO', 162);
INSERT INTO operating_unit_data (id,  target, output, rate, operating_unit_type, success_indicator_data_id) VALUES (nextval('hibernate_sequence'),  0, 0, 0.00, 'SOUTHERN_LEYTE_PO', 162);
INSERT INTO operating_unit_data (id,  target, output, rate, operating_unit_type, success_indicator_data_id) VALUES (nextval('hibernate_sequence'),  0, 0, 0.00, 'SAMAR_PO', 162);
INSERT INTO operating_unit_data (id,  target, output, rate, operating_unit_type, success_indicator_data_id) VALUES (nextval('hibernate_sequence'),  0, 0, 0.00, 'EASTERN_SAMAR_PO', 162);
INSERT INTO operating_unit_data (id,  target, output, rate, operating_unit_type, success_indicator_data_id) VALUES (nextval('hibernate_sequence'),  0, 0, 0.00, 'NORTHERN_SAMAR_PO', 162);
INSERT INTO operating_unit_data (id,  target, output, rate, operating_unit_type, success_indicator_data_id) VALUES (nextval('hibernate_sequence'),  0, 0, 0.00, 'TESDA_RO', 162);
INSERT INTO operating_unit_data (id,  target, output, rate, operating_unit_type, success_indicator_data_id) VALUES (nextval('hibernate_sequence'),  1, 0, 0.00, 'TOTAL', 162);


INSERT INTO success_indicator_data (id,  target, measures, pap_data_id, is_accumulated, is_percentage) VALUES (163,   1, 'One (1) Regional /Provincial Quality Management Committee Meeting conducted', 51, 'Y', 'N');

INSERT INTO operating_unit_data (id,  target, output, rate, operating_unit_type, success_indicator_data_id) VALUES (nextval('hibernate_sequence'),  0, 0, 0.00, 'LEYTE_PO', 163);
INSERT INTO operating_unit_data (id,  target, output, rate, operating_unit_type, success_indicator_data_id) VALUES (nextval('hibernate_sequence'),  0, 0, 0.00, 'BILIRAN_PO', 163);
INSERT INTO operating_unit_data (id,  target, output, rate, operating_unit_type, success_indicator_data_id) VALUES (nextval('hibernate_sequence'),  0, 0, 0.00, 'SOUTHERN_LEYTE_PO', 163);
INSERT INTO operating_unit_data (id,  target, output, rate, operating_unit_type, success_indicator_data_id) VALUES (nextval('hibernate_sequence'),  0, 0, 0.00, 'SAMAR_PO', 163);
INSERT INTO operating_unit_data (id,  target, output, rate, operating_unit_type, success_indicator_data_id) VALUES (nextval('hibernate_sequence'),  0, 0, 0.00, 'EASTERN_SAMAR_PO', 163);
INSERT INTO operating_unit_data (id,  target, output, rate, operating_unit_type, success_indicator_data_id) VALUES (nextval('hibernate_sequence'),  0, 0, 0.00, 'NORTHERN_SAMAR_PO', 163);
INSERT INTO operating_unit_data (id,  target, output, rate, operating_unit_type, success_indicator_data_id) VALUES (nextval('hibernate_sequence'),  0, 0, 0.00, 'TESDA_RO', 163);
INSERT INTO operating_unit_data (id,  target, output, rate, operating_unit_type, success_indicator_data_id) VALUES (nextval('hibernate_sequence'),  1, 0, 0.00, 'TOTAL', 163);


INSERT INTO success_indicator_data (id,  target, measures, pap_data_id, is_accumulated, is_percentage) VALUES (164,   1, 'Capability-building programs on Quality Management System conducted (ROPO inititiated)', 51, 'Y', 'N');

INSERT INTO operating_unit_data (id,  target, output, rate, operating_unit_type, success_indicator_data_id) VALUES (nextval('hibernate_sequence'),  0, 0, 0.00, 'LEYTE_PO', 164);
INSERT INTO operating_unit_data (id,  target, output, rate, operating_unit_type, success_indicator_data_id) VALUES (nextval('hibernate_sequence'),  0, 0, 0.00, 'BILIRAN_PO', 164);
INSERT INTO operating_unit_data (id,  target, output, rate, operating_unit_type, success_indicator_data_id) VALUES (nextval('hibernate_sequence'),  0, 0, 0.00, 'SOUTHERN_LEYTE_PO', 164);
INSERT INTO operating_unit_data (id,  target, output, rate, operating_unit_type, success_indicator_data_id) VALUES (nextval('hibernate_sequence'),  0, 0, 0.00, 'SAMAR_PO', 164);
INSERT INTO operating_unit_data (id,  target, output, rate, operating_unit_type, success_indicator_data_id) VALUES (nextval('hibernate_sequence'),  0, 0, 0.00, 'EASTERN_SAMAR_PO', 164);
INSERT INTO operating_unit_data (id,  target, output, rate, operating_unit_type, success_indicator_data_id) VALUES (nextval('hibernate_sequence'),  0, 0, 0.00, 'NORTHERN_SAMAR_PO', 164);
INSERT INTO operating_unit_data (id,  target, output, rate, operating_unit_type, success_indicator_data_id) VALUES (nextval('hibernate_sequence'),  0, 0, 0.00, 'TESDA_RO', 164);
INSERT INTO operating_unit_data (id,  target, output, rate, operating_unit_type, success_indicator_data_id) VALUES (nextval('hibernate_sequence'),  1, 0, 0.00, 'TOTAL', 164);


INSERT INTO success_indicator_data (id,  target, measures, pap_data_id, is_accumulated, is_percentage) VALUES (165,   1, 'Quarterly monitoring of the Corporate Registry of Relevant Risks and Opportunities (RRRO)', 51, 'Y', 'N');

INSERT INTO operating_unit_data (id,  target, output, rate, operating_unit_type, success_indicator_data_id) VALUES (nextval('hibernate_sequence'),  0, 0, 0.00, 'LEYTE_PO', 165);
INSERT INTO operating_unit_data (id,  target, output, rate, operating_unit_type, success_indicator_data_id) VALUES (nextval('hibernate_sequence'),  0, 0, 0.00, 'BILIRAN_PO', 165);
INSERT INTO operating_unit_data (id,  target, output, rate, operating_unit_type, success_indicator_data_id) VALUES (nextval('hibernate_sequence'),  0, 0, 0.00, 'SOUTHERN_LEYTE_PO', 165);
INSERT INTO operating_unit_data (id,  target, output, rate, operating_unit_type, success_indicator_data_id) VALUES (nextval('hibernate_sequence'),  0, 0, 0.00, 'SAMAR_PO', 165);
INSERT INTO operating_unit_data (id,  target, output, rate, operating_unit_type, success_indicator_data_id) VALUES (nextval('hibernate_sequence'),  0, 0, 0.00, 'EASTERN_SAMAR_PO', 165);
INSERT INTO operating_unit_data (id,  target, output, rate, operating_unit_type, success_indicator_data_id) VALUES (nextval('hibernate_sequence'),  0, 0, 0.00, 'NORTHERN_SAMAR_PO', 165);
INSERT INTO operating_unit_data (id,  target, output, rate, operating_unit_type, success_indicator_data_id) VALUES (nextval('hibernate_sequence'),  0, 0, 0.00, 'TESDA_RO', 165);
INSERT INTO operating_unit_data (id,  target, output, rate, operating_unit_type, success_indicator_data_id) VALUES (nextval('hibernate_sequence'),  1, 0, 0.00, 'TOTAL', 165);



INSERT INTO pap_data (id,  name, pap_group_type) VALUES (52, 'Deployment of OPs and calibration on enhanced OPs and work instruction', 'STO');

INSERT INTO success_indicator_data (id,  target, measures, pap_data_id, is_accumulated, is_percentage) VALUES (166,   1, 'Enhanced OPs and/or work instructions deployed ', 52, 'Y', 'N');

INSERT INTO operating_unit_data (id,  target, output, rate, operating_unit_type, success_indicator_data_id) VALUES (nextval('hibernate_sequence'),  0, 0, 0.00, 'LEYTE_PO', 166);
INSERT INTO operating_unit_data (id,  target, output, rate, operating_unit_type, success_indicator_data_id) VALUES (nextval('hibernate_sequence'),  0, 0, 0.00, 'BILIRAN_PO', 166);
INSERT INTO operating_unit_data (id,  target, output, rate, operating_unit_type, success_indicator_data_id) VALUES (nextval('hibernate_sequence'),  0, 0, 0.00, 'SOUTHERN_LEYTE_PO', 166);
INSERT INTO operating_unit_data (id,  target, output, rate, operating_unit_type, success_indicator_data_id) VALUES (nextval('hibernate_sequence'),  0, 0, 0.00, 'SAMAR_PO', 166);
INSERT INTO operating_unit_data (id,  target, output, rate, operating_unit_type, success_indicator_data_id) VALUES (nextval('hibernate_sequence'),  0, 0, 0.00, 'EASTERN_SAMAR_PO', 166);
INSERT INTO operating_unit_data (id,  target, output, rate, operating_unit_type, success_indicator_data_id) VALUES (nextval('hibernate_sequence'),  0, 0, 0.00, 'NORTHERN_SAMAR_PO', 166);
INSERT INTO operating_unit_data (id,  target, output, rate, operating_unit_type, success_indicator_data_id) VALUES (nextval('hibernate_sequence'),  0, 0, 0.00, 'TESDA_RO', 166);
INSERT INTO operating_unit_data (id,  target, output, rate, operating_unit_type, success_indicator_data_id) VALUES (nextval('hibernate_sequence'),  1, 0, 0.00, 'TOTAL', 166);




INSERT INTO pap_data (id,  name, pap_group_type) VALUES (53, 'Information and Knowledge', 'STO');

INSERT INTO success_indicator_data (id,  target, measures, pap_data_id, is_accumulated, is_percentage) VALUES (167,   1, 'KM portal deployed', 53, 'Y', 'N');

INSERT INTO operating_unit_data (id,  target, output, rate, operating_unit_type, success_indicator_data_id) VALUES (nextval('hibernate_sequence'),  0, 0, 0.00, 'LEYTE_PO', 167);
INSERT INTO operating_unit_data (id,  target, output, rate, operating_unit_type, success_indicator_data_id) VALUES (nextval('hibernate_sequence'),  0, 0, 0.00, 'BILIRAN_PO', 167);
INSERT INTO operating_unit_data (id,  target, output, rate, operating_unit_type, success_indicator_data_id) VALUES (nextval('hibernate_sequence'),  0, 0, 0.00, 'SOUTHERN_LEYTE_PO', 167);
INSERT INTO operating_unit_data (id,  target, output, rate, operating_unit_type, success_indicator_data_id) VALUES (nextval('hibernate_sequence'),  0, 0, 0.00, 'SAMAR_PO', 167);
INSERT INTO operating_unit_data (id,  target, output, rate, operating_unit_type, success_indicator_data_id) VALUES (nextval('hibernate_sequence'),  0, 0, 0.00, 'EASTERN_SAMAR_PO', 167);
INSERT INTO operating_unit_data (id,  target, output, rate, operating_unit_type, success_indicator_data_id) VALUES (nextval('hibernate_sequence'),  0, 0, 0.00, 'NORTHERN_SAMAR_PO', 167);
INSERT INTO operating_unit_data (id,  target, output, rate, operating_unit_type, success_indicator_data_id) VALUES (nextval('hibernate_sequence'),  0, 0, 0.00, 'TESDA_RO', 167);
INSERT INTO operating_unit_data (id,  target, output, rate, operating_unit_type, success_indicator_data_id) VALUES (nextval('hibernate_sequence'),  1, 0, 0.00, 'TOTAL', 167);



INSERT INTO pap_data (id,  name, pap_group_type) VALUES (54, 'Management System ', 'STO');

INSERT INTO success_indicator_data (id,  target, measures, pap_data_id, is_accumulated, is_percentage) VALUES (168,   1, 'Number of KM Tools developed and installed ', 54, 'Y', 'N');

INSERT INTO operating_unit_data (id,  target, output, rate, operating_unit_type, success_indicator_data_id) VALUES (nextval('hibernate_sequence'),  0, 0, 0.00, 'LEYTE_PO', 168);
INSERT INTO operating_unit_data (id,  target, output, rate, operating_unit_type, success_indicator_data_id) VALUES (nextval('hibernate_sequence'),  0, 0, 0.00, 'BILIRAN_PO', 168);
INSERT INTO operating_unit_data (id,  target, output, rate, operating_unit_type, success_indicator_data_id) VALUES (nextval('hibernate_sequence'),  0, 0, 0.00, 'SOUTHERN_LEYTE_PO', 168);
INSERT INTO operating_unit_data (id,  target, output, rate, operating_unit_type, success_indicator_data_id) VALUES (nextval('hibernate_sequence'),  0, 0, 0.00, 'SAMAR_PO', 168);
INSERT INTO operating_unit_data (id,  target, output, rate, operating_unit_type, success_indicator_data_id) VALUES (nextval('hibernate_sequence'),  0, 0, 0.00, 'EASTERN_SAMAR_PO', 168);
INSERT INTO operating_unit_data (id,  target, output, rate, operating_unit_type, success_indicator_data_id) VALUES (nextval('hibernate_sequence'),  0, 0, 0.00, 'NORTHERN_SAMAR_PO', 168);
INSERT INTO operating_unit_data (id,  target, output, rate, operating_unit_type, success_indicator_data_id) VALUES (nextval('hibernate_sequence'),  0, 0, 0.00, 'TESDA_RO', 168);
INSERT INTO operating_unit_data (id,  target, output, rate, operating_unit_type, success_indicator_data_id) VALUES (nextval('hibernate_sequence'),  1, 0, 0.00, 'TOTAL', 168);


INSERT INTO success_indicator_data (id,  target, measures, pap_data_id, is_accumulated, is_percentage) VALUES (169,   1, 'Number of KM systems developed and installed ', 54, 'Y', 'N');

INSERT INTO operating_unit_data (id,  target, output, rate, operating_unit_type, success_indicator_data_id) VALUES (nextval('hibernate_sequence'),  0, 0, 0.00, 'LEYTE_PO', 169);
INSERT INTO operating_unit_data (id,  target, output, rate, operating_unit_type, success_indicator_data_id) VALUES (nextval('hibernate_sequence'),  0, 0, 0.00, 'BILIRAN_PO', 169);
INSERT INTO operating_unit_data (id,  target, output, rate, operating_unit_type, success_indicator_data_id) VALUES (nextval('hibernate_sequence'),  0, 0, 0.00, 'SOUTHERN_LEYTE_PO', 169);
INSERT INTO operating_unit_data (id,  target, output, rate, operating_unit_type, success_indicator_data_id) VALUES (nextval('hibernate_sequence'),  0, 0, 0.00, 'SAMAR_PO', 169);
INSERT INTO operating_unit_data (id,  target, output, rate, operating_unit_type, success_indicator_data_id) VALUES (nextval('hibernate_sequence'),  0, 0, 0.00, 'EASTERN_SAMAR_PO', 169);
INSERT INTO operating_unit_data (id,  target, output, rate, operating_unit_type, success_indicator_data_id) VALUES (nextval('hibernate_sequence'),  0, 0, 0.00, 'NORTHERN_SAMAR_PO', 169);
INSERT INTO operating_unit_data (id,  target, output, rate, operating_unit_type, success_indicator_data_id) VALUES (nextval('hibernate_sequence'),  0, 0, 0.00, 'TESDA_RO', 169);
INSERT INTO operating_unit_data (id,  target, output, rate, operating_unit_type, success_indicator_data_id) VALUES (nextval('hibernate_sequence'),  1, 0, 0.00, 'TOTAL', 169);


INSERT INTO success_indicator_data (id,  target, measures, pap_data_id, is_accumulated, is_percentage) VALUES (170,   1, 'Number of Information Systems designed and developed', 54, 'Y', 'N');

INSERT INTO operating_unit_data (id,  target, output, rate, operating_unit_type, success_indicator_data_id) VALUES (nextval('hibernate_sequence'),  0, 0, 0.00, 'LEYTE_PO', 170);
INSERT INTO operating_unit_data (id,  target, output, rate, operating_unit_type, success_indicator_data_id) VALUES (nextval('hibernate_sequence'),  0, 0, 0.00, 'BILIRAN_PO', 170);
INSERT INTO operating_unit_data (id,  target, output, rate, operating_unit_type, success_indicator_data_id) VALUES (nextval('hibernate_sequence'),  0, 0, 0.00, 'SOUTHERN_LEYTE_PO', 170);
INSERT INTO operating_unit_data (id,  target, output, rate, operating_unit_type, success_indicator_data_id) VALUES (nextval('hibernate_sequence'),  0, 0, 0.00, 'SAMAR_PO', 170);
INSERT INTO operating_unit_data (id,  target, output, rate, operating_unit_type, success_indicator_data_id) VALUES (nextval('hibernate_sequence'),  0, 0, 0.00, 'EASTERN_SAMAR_PO', 170);
INSERT INTO operating_unit_data (id,  target, output, rate, operating_unit_type, success_indicator_data_id) VALUES (nextval('hibernate_sequence'),  0, 0, 0.00, 'NORTHERN_SAMAR_PO', 170);
INSERT INTO operating_unit_data (id,  target, output, rate, operating_unit_type, success_indicator_data_id) VALUES (nextval('hibernate_sequence'),  0, 0, 0.00, 'TESDA_RO', 170);
INSERT INTO operating_unit_data (id,  target, output, rate, operating_unit_type, success_indicator_data_id) VALUES (nextval('hibernate_sequence'),  1, 0, 0.00, 'TOTAL', 170);


INSERT INTO success_indicator_data (id,  target, measures, pap_data_id, is_accumulated, is_percentage) VALUES (171,   1, 'Information Technology (IT) infrastructure enhanced/maintained', 54, 'Y', 'N');

INSERT INTO operating_unit_data (id,  target, output, rate, operating_unit_type, success_indicator_data_id) VALUES (nextval('hibernate_sequence'),  0, 0, 0.00, 'LEYTE_PO', 171);
INSERT INTO operating_unit_data (id,  target, output, rate, operating_unit_type, success_indicator_data_id) VALUES (nextval('hibernate_sequence'),  0, 0, 0.00, 'BILIRAN_PO', 171);
INSERT INTO operating_unit_data (id,  target, output, rate, operating_unit_type, success_indicator_data_id) VALUES (nextval('hibernate_sequence'),  0, 0, 0.00, 'SOUTHERN_LEYTE_PO', 171);
INSERT INTO operating_unit_data (id,  target, output, rate, operating_unit_type, success_indicator_data_id) VALUES (nextval('hibernate_sequence'),  0, 0, 0.00, 'SAMAR_PO', 171);
INSERT INTO operating_unit_data (id,  target, output, rate, operating_unit_type, success_indicator_data_id) VALUES (nextval('hibernate_sequence'),  0, 0, 0.00, 'EASTERN_SAMAR_PO', 171);
INSERT INTO operating_unit_data (id,  target, output, rate, operating_unit_type, success_indicator_data_id) VALUES (nextval('hibernate_sequence'),  0, 0, 0.00, 'NORTHERN_SAMAR_PO', 171);
INSERT INTO operating_unit_data (id,  target, output, rate, operating_unit_type, success_indicator_data_id) VALUES (nextval('hibernate_sequence'),  0, 0, 0.00, 'TESDA_RO', 171);
INSERT INTO operating_unit_data (id,  target, output, rate, operating_unit_type, success_indicator_data_id) VALUES (nextval('hibernate_sequence'),  1, 0, 0.00, 'TOTAL', 171);



INSERT INTO success_indicator_data (id,  target, measures, pap_data_id, is_accumulated, is_percentage) VALUES (172,   1, 'Quality systems installed/ maintained', 54, 'Y', 'N');

INSERT INTO operating_unit_data (id,  target, output, rate, operating_unit_type, success_indicator_data_id) VALUES (nextval('hibernate_sequence'),  0, 0, 0.00, 'LEYTE_PO', 172);
INSERT INTO operating_unit_data (id,  target, output, rate, operating_unit_type, success_indicator_data_id) VALUES (nextval('hibernate_sequence'),  0, 0, 0.00, 'BILIRAN_PO', 172);
INSERT INTO operating_unit_data (id,  target, output, rate, operating_unit_type, success_indicator_data_id) VALUES (nextval('hibernate_sequence'),  0, 0, 0.00, 'SOUTHERN_LEYTE_PO', 172);
INSERT INTO operating_unit_data (id,  target, output, rate, operating_unit_type, success_indicator_data_id) VALUES (nextval('hibernate_sequence'),  0, 0, 0.00, 'SAMAR_PO', 172);
INSERT INTO operating_unit_data (id,  target, output, rate, operating_unit_type, success_indicator_data_id) VALUES (nextval('hibernate_sequence'),  0, 0, 0.00, 'EASTERN_SAMAR_PO', 172);
INSERT INTO operating_unit_data (id,  target, output, rate, operating_unit_type, success_indicator_data_id) VALUES (nextval('hibernate_sequence'),  0, 0, 0.00, 'NORTHERN_SAMAR_PO', 172);
INSERT INTO operating_unit_data (id,  target, output, rate, operating_unit_type, success_indicator_data_id) VALUES (nextval('hibernate_sequence'),  0, 0, 0.00, 'TESDA_RO', 172);
INSERT INTO operating_unit_data (id,  target, output, rate, operating_unit_type, success_indicator_data_id) VALUES (nextval('hibernate_sequence'),  1, 0, 0.00, 'TOTAL', 172);



INSERT INTO success_indicator_data (id,  target, measures, pap_data_id, is_accumulated, is_percentage) VALUES (173,   1, 'Coaching and mentoring system strengthened and deployed', 54, 'Y', 'N');

INSERT INTO operating_unit_data (id,  target, output, rate, operating_unit_type, success_indicator_data_id) VALUES (nextval('hibernate_sequence'),  0, 0, 0.00, 'LEYTE_PO', 173);
INSERT INTO operating_unit_data (id,  target, output, rate, operating_unit_type, success_indicator_data_id) VALUES (nextval('hibernate_sequence'),  0, 0, 0.00, 'BILIRAN_PO', 173);
INSERT INTO operating_unit_data (id,  target, output, rate, operating_unit_type, success_indicator_data_id) VALUES (nextval('hibernate_sequence'),  0, 0, 0.00, 'SOUTHERN_LEYTE_PO', 173);
INSERT INTO operating_unit_data (id,  target, output, rate, operating_unit_type, success_indicator_data_id) VALUES (nextval('hibernate_sequence'),  0, 0, 0.00, 'SAMAR_PO', 173);
INSERT INTO operating_unit_data (id,  target, output, rate, operating_unit_type, success_indicator_data_id) VALUES (nextval('hibernate_sequence'),  0, 0, 0.00, 'EASTERN_SAMAR_PO', 173);
INSERT INTO operating_unit_data (id,  target, output, rate, operating_unit_type, success_indicator_data_id) VALUES (nextval('hibernate_sequence'),  0, 0, 0.00, 'NORTHERN_SAMAR_PO', 173);
INSERT INTO operating_unit_data (id,  target, output, rate, operating_unit_type, success_indicator_data_id) VALUES (nextval('hibernate_sequence'),  0, 0, 0.00, 'TESDA_RO', 173);
INSERT INTO operating_unit_data (id,  target, output, rate, operating_unit_type, success_indicator_data_id) VALUES (nextval('hibernate_sequence'),  1, 0, 0.00, 'TOTAL', 173);




INSERT INTO pap_data (id,  name, pap_group_type) VALUES (55, 'Information System Management', 'STO');

INSERT INTO success_indicator_data (id,  target, measures, pap_data_id, is_accumulated, is_percentage) VALUES (174,   1, 'PO/TTI website maintained and updated', 55, 'Y', 'N');

INSERT INTO operating_unit_data (id,  target, output, rate, operating_unit_type, success_indicator_data_id) VALUES (nextval('hibernate_sequence'),  0, 0, 0.00, 'LEYTE_PO', 174);
INSERT INTO operating_unit_data (id,  target, output, rate, operating_unit_type, success_indicator_data_id) VALUES (nextval('hibernate_sequence'),  0, 0, 0.00, 'BILIRAN_PO', 174);
INSERT INTO operating_unit_data (id,  target, output, rate, operating_unit_type, success_indicator_data_id) VALUES (nextval('hibernate_sequence'),  0, 0, 0.00, 'SOUTHERN_LEYTE_PO', 174);
INSERT INTO operating_unit_data (id,  target, output, rate, operating_unit_type, success_indicator_data_id) VALUES (nextval('hibernate_sequence'),  0, 0, 0.00, 'SAMAR_PO', 174);
INSERT INTO operating_unit_data (id,  target, output, rate, operating_unit_type, success_indicator_data_id) VALUES (nextval('hibernate_sequence'),  0, 0, 0.00, 'EASTERN_SAMAR_PO', 174);
INSERT INTO operating_unit_data (id,  target, output, rate, operating_unit_type, success_indicator_data_id) VALUES (nextval('hibernate_sequence'),  0, 0, 0.00, 'NORTHERN_SAMAR_PO', 174);
INSERT INTO operating_unit_data (id,  target, output, rate, operating_unit_type, success_indicator_data_id) VALUES (nextval('hibernate_sequence'),  0, 0, 0.00, 'TESDA_RO', 174);
INSERT INTO operating_unit_data (id,  target, output, rate, operating_unit_type, success_indicator_data_id) VALUES (nextval('hibernate_sequence'),  1, 0, 0.00, 'TOTAL', 174);



INSERT INTO pap_data (id,  name, pap_group_type) VALUES (56, 'T2MIS Implementation ', 'STO');

INSERT INTO success_indicator_data (id,  target, measures, pap_data_id, is_accumulated, is_percentage) VALUES (175,   1, 'T2MIS Implementation Database Build-up', 56, 'Y', 'N');

INSERT INTO operating_unit_data (id,  target, output, rate, operating_unit_type, success_indicator_data_id) VALUES (nextval('hibernate_sequence'),  0, 0, 0.00, 'LEYTE_PO', 175);
INSERT INTO operating_unit_data (id,  target, output, rate, operating_unit_type, success_indicator_data_id) VALUES (nextval('hibernate_sequence'),  0, 0, 0.00, 'BILIRAN_PO', 175);
INSERT INTO operating_unit_data (id,  target, output, rate, operating_unit_type, success_indicator_data_id) VALUES (nextval('hibernate_sequence'),  0, 0, 0.00, 'SOUTHERN_LEYTE_PO', 175);
INSERT INTO operating_unit_data (id,  target, output, rate, operating_unit_type, success_indicator_data_id) VALUES (nextval('hibernate_sequence'),  0, 0, 0.00, 'SAMAR_PO', 175);
INSERT INTO operating_unit_data (id,  target, output, rate, operating_unit_type, success_indicator_data_id) VALUES (nextval('hibernate_sequence'),  0, 0, 0.00, 'EASTERN_SAMAR_PO', 175);
INSERT INTO operating_unit_data (id,  target, output, rate, operating_unit_type, success_indicator_data_id) VALUES (nextval('hibernate_sequence'),  0, 0, 0.00, 'NORTHERN_SAMAR_PO', 175);
INSERT INTO operating_unit_data (id,  target, output, rate, operating_unit_type, success_indicator_data_id) VALUES (nextval('hibernate_sequence'),  0, 0, 0.00, 'TESDA_RO', 175);
INSERT INTO operating_unit_data (id,  target, output, rate, operating_unit_type, success_indicator_data_id) VALUES (nextval('hibernate_sequence'),  1, 0, 0.00, 'TOTAL', 175);



INSERT INTO pap_data (id,  name, pap_group_type) VALUES (57, 'Citizen''s Charter/Anti-Red Tape Act (ARTA) Implementation ', 'STO');

INSERT INTO success_indicator_data (id,  target, measures, pap_data_id, is_accumulated, is_percentage) VALUES (176,   1, 'At least 95% client satisfaction rate on Quality of Services and Quality of Facilities achieved', 57, 'Y', 'N');

INSERT INTO operating_unit_data (id,  target, output, rate, operating_unit_type, success_indicator_data_id) VALUES (nextval('hibernate_sequence'),  0, 0, 0.00, 'LEYTE_PO', 176);
INSERT INTO operating_unit_data (id,  target, output, rate, operating_unit_type, success_indicator_data_id) VALUES (nextval('hibernate_sequence'),  0, 0, 0.00, 'BILIRAN_PO', 176);
INSERT INTO operating_unit_data (id,  target, output, rate, operating_unit_type, success_indicator_data_id) VALUES (nextval('hibernate_sequence'),  0, 0, 0.00, 'SOUTHERN_LEYTE_PO', 176);
INSERT INTO operating_unit_data (id,  target, output, rate, operating_unit_type, success_indicator_data_id) VALUES (nextval('hibernate_sequence'),  0, 0, 0.00, 'SAMAR_PO', 176);
INSERT INTO operating_unit_data (id,  target, output, rate, operating_unit_type, success_indicator_data_id) VALUES (nextval('hibernate_sequence'),  0, 0, 0.00, 'EASTERN_SAMAR_PO', 176);
INSERT INTO operating_unit_data (id,  target, output, rate, operating_unit_type, success_indicator_data_id) VALUES (nextval('hibernate_sequence'),  0, 0, 0.00, 'NORTHERN_SAMAR_PO', 176);
INSERT INTO operating_unit_data (id,  target, output, rate, operating_unit_type, success_indicator_data_id) VALUES (nextval('hibernate_sequence'),  0, 0, 0.00, 'TESDA_RO', 176);
INSERT INTO operating_unit_data (id,  target, output, rate, operating_unit_type, success_indicator_data_id) VALUES (nextval('hibernate_sequence'),  1, 0, 0.00, 'TOTAL', 176);


INSERT INTO success_indicator_data (id,  target, measures, pap_data_id, is_accumulated, is_percentage) VALUES (177,   1, '100% of client satisfaction feedback / complaints / recommendations acted upon as prescribed per process', 57, 'Y', 'N');

INSERT INTO operating_unit_data (id,  target, output, rate, operating_unit_type, success_indicator_data_id) VALUES (nextval('hibernate_sequence'),  0, 0, 0.00, 'LEYTE_PO', 177);
INSERT INTO operating_unit_data (id,  target, output, rate, operating_unit_type, success_indicator_data_id) VALUES (nextval('hibernate_sequence'),  0, 0, 0.00, 'BILIRAN_PO', 177);
INSERT INTO operating_unit_data (id,  target, output, rate, operating_unit_type, success_indicator_data_id) VALUES (nextval('hibernate_sequence'),  0, 0, 0.00, 'SOUTHERN_LEYTE_PO', 177);
INSERT INTO operating_unit_data (id,  target, output, rate, operating_unit_type, success_indicator_data_id) VALUES (nextval('hibernate_sequence'),  0, 0, 0.00, 'SAMAR_PO', 177);
INSERT INTO operating_unit_data (id,  target, output, rate, operating_unit_type, success_indicator_data_id) VALUES (nextval('hibernate_sequence'),  0, 0, 0.00, 'EASTERN_SAMAR_PO', 177);
INSERT INTO operating_unit_data (id,  target, output, rate, operating_unit_type, success_indicator_data_id) VALUES (nextval('hibernate_sequence'),  0, 0, 0.00, 'NORTHERN_SAMAR_PO', 177);
INSERT INTO operating_unit_data (id,  target, output, rate, operating_unit_type, success_indicator_data_id) VALUES (nextval('hibernate_sequence'),  0, 0, 0.00, 'TESDA_RO', 177);
INSERT INTO operating_unit_data (id,  target, output, rate, operating_unit_type, success_indicator_data_id) VALUES (nextval('hibernate_sequence'),  1, 0, 0.00, 'TOTAL', 177);



INSERT INTO success_indicator_data (id,  target, measures, pap_data_id, is_accumulated, is_percentage) VALUES (178,   1, 'Percent reduction/improvement in the PCT per core process', 57, 'Y', 'N');

INSERT INTO operating_unit_data (id,  target, output, rate, operating_unit_type, success_indicator_data_id) VALUES (nextval('hibernate_sequence'),  0, 0, 0.00, 'LEYTE_PO', 178);
INSERT INTO operating_unit_data (id,  target, output, rate, operating_unit_type, success_indicator_data_id) VALUES (nextval('hibernate_sequence'),  0, 0, 0.00, 'BILIRAN_PO', 178);
INSERT INTO operating_unit_data (id,  target, output, rate, operating_unit_type, success_indicator_data_id) VALUES (nextval('hibernate_sequence'),  0, 0, 0.00, 'SOUTHERN_LEYTE_PO', 178);
INSERT INTO operating_unit_data (id,  target, output, rate, operating_unit_type, success_indicator_data_id) VALUES (nextval('hibernate_sequence'),  0, 0, 0.00, 'SAMAR_PO', 178);
INSERT INTO operating_unit_data (id,  target, output, rate, operating_unit_type, success_indicator_data_id) VALUES (nextval('hibernate_sequence'),  0, 0, 0.00, 'EASTERN_SAMAR_PO', 178);
INSERT INTO operating_unit_data (id,  target, output, rate, operating_unit_type, success_indicator_data_id) VALUES (nextval('hibernate_sequence'),  0, 0, 0.00, 'NORTHERN_SAMAR_PO', 178);
INSERT INTO operating_unit_data (id,  target, output, rate, operating_unit_type, success_indicator_data_id) VALUES (nextval('hibernate_sequence'),  0, 0, 0.00, 'TESDA_RO', 178);
INSERT INTO operating_unit_data (id,  target, output, rate, operating_unit_type, success_indicator_data_id) VALUES (nextval('hibernate_sequence'),  1, 0, 0.00, 'TOTAL', 178);




INSERT INTO pap_data (id,  name, pap_group_type) VALUES (58, 'ARTA Requirements', 'STO');

INSERT INTO success_indicator_data (id,  target, measures, pap_data_id, is_accumulated, is_percentage) VALUES (179,   1, 'Posting of conspicuous places and on TESDA website of Citizen''s Charter for frontline services', 58, 'Y', 'N');

INSERT INTO operating_unit_data (id,  target, output, rate, operating_unit_type, success_indicator_data_id) VALUES (nextval('hibernate_sequence'),  0, 0, 0.00, 'LEYTE_PO', 179);
INSERT INTO operating_unit_data (id,  target, output, rate, operating_unit_type, success_indicator_data_id) VALUES (nextval('hibernate_sequence'),  0, 0, 0.00, 'BILIRAN_PO', 179);
INSERT INTO operating_unit_data (id,  target, output, rate, operating_unit_type, success_indicator_data_id) VALUES (nextval('hibernate_sequence'),  0, 0, 0.00, 'SOUTHERN_LEYTE_PO', 179);
INSERT INTO operating_unit_data (id,  target, output, rate, operating_unit_type, success_indicator_data_id) VALUES (nextval('hibernate_sequence'),  0, 0, 0.00, 'SAMAR_PO', 179);
INSERT INTO operating_unit_data (id,  target, output, rate, operating_unit_type, success_indicator_data_id) VALUES (nextval('hibernate_sequence'),  0, 0, 0.00, 'EASTERN_SAMAR_PO', 179);
INSERT INTO operating_unit_data (id,  target, output, rate, operating_unit_type, success_indicator_data_id) VALUES (nextval('hibernate_sequence'),  0, 0, 0.00, 'NORTHERN_SAMAR_PO', 179);
INSERT INTO operating_unit_data (id,  target, output, rate, operating_unit_type, success_indicator_data_id) VALUES (nextval('hibernate_sequence'),  0, 0, 0.00, 'TESDA_RO', 179);
INSERT INTO operating_unit_data (id,  target, output, rate, operating_unit_type, success_indicator_data_id) VALUES (nextval('hibernate_sequence'),  1, 0, 0.00, 'TOTAL', 179);


INSERT INTO success_indicator_data (id,  target, measures, pap_data_id, is_accumulated, is_percentage) VALUES (180,   1, 'Presence of the following: - Anti-fixer poster - Manned Public Assistance Counter - Courtesy lanes for elderly, differently-abled and pregnant women - No noon break poster - Smoke-free poster - Designated smoking areas', 58, 'Y', 'N');

INSERT INTO operating_unit_data (id,  target, output, rate, operating_unit_type, success_indicator_data_id) VALUES (nextval('hibernate_sequence'),  0, 0, 0.00, 'LEYTE_PO', 180);
INSERT INTO operating_unit_data (id,  target, output, rate, operating_unit_type, success_indicator_data_id) VALUES (nextval('hibernate_sequence'),  0, 0, 0.00, 'BILIRAN_PO', 180);
INSERT INTO operating_unit_data (id,  target, output, rate, operating_unit_type, success_indicator_data_id) VALUES (nextval('hibernate_sequence'),  0, 0, 0.00, 'SOUTHERN_LEYTE_PO', 180);
INSERT INTO operating_unit_data (id,  target, output, rate, operating_unit_type, success_indicator_data_id) VALUES (nextval('hibernate_sequence'),  0, 0, 0.00, 'SAMAR_PO', 180);
INSERT INTO operating_unit_data (id,  target, output, rate, operating_unit_type, success_indicator_data_id) VALUES (nextval('hibernate_sequence'),  0, 0, 0.00, 'EASTERN_SAMAR_PO', 180);
INSERT INTO operating_unit_data (id,  target, output, rate, operating_unit_type, success_indicator_data_id) VALUES (nextval('hibernate_sequence'),  0, 0, 0.00, 'NORTHERN_SAMAR_PO', 180);
INSERT INTO operating_unit_data (id,  target, output, rate, operating_unit_type, success_indicator_data_id) VALUES (nextval('hibernate_sequence'),  0, 0, 0.00, 'TESDA_RO', 180);
INSERT INTO operating_unit_data (id,  target, output, rate, operating_unit_type, success_indicator_data_id) VALUES (nextval('hibernate_sequence'),  1, 0, 0.00, 'TOTAL', 180);


INSERT INTO pap_data (id,  name, pap_group_type) VALUES (59, 'Conduct of Data Privacy Act awareness program', 'STO');

INSERT INTO success_indicator_data (id,  target, measures, pap_data_id, is_accumulated, is_percentage) VALUES (181,   1, 'DPA seminar/awareness program 90% rated of the participants', 59, 'Y', 'N');

INSERT INTO operating_unit_data (id,  target, output, rate, operating_unit_type, success_indicator_data_id) VALUES (nextval('hibernate_sequence'),  0, 0, 0.00, 'LEYTE_PO', 181);
INSERT INTO operating_unit_data (id,  target, output, rate, operating_unit_type, success_indicator_data_id) VALUES (nextval('hibernate_sequence'),  0, 0, 0.00, 'BILIRAN_PO', 181);
INSERT INTO operating_unit_data (id,  target, output, rate, operating_unit_type, success_indicator_data_id) VALUES (nextval('hibernate_sequence'),  0, 0, 0.00, 'SOUTHERN_LEYTE_PO', 181);
INSERT INTO operating_unit_data (id,  target, output, rate, operating_unit_type, success_indicator_data_id) VALUES (nextval('hibernate_sequence'),  0, 0, 0.00, 'SAMAR_PO', 181);
INSERT INTO operating_unit_data (id,  target, output, rate, operating_unit_type, success_indicator_data_id) VALUES (nextval('hibernate_sequence'),  0, 0, 0.00, 'EASTERN_SAMAR_PO', 181);
INSERT INTO operating_unit_data (id,  target, output, rate, operating_unit_type, success_indicator_data_id) VALUES (nextval('hibernate_sequence'),  0, 0, 0.00, 'NORTHERN_SAMAR_PO', 181);
INSERT INTO operating_unit_data (id,  target, output, rate, operating_unit_type, success_indicator_data_id) VALUES (nextval('hibernate_sequence'),  0, 0, 0.00, 'TESDA_RO', 181);
INSERT INTO operating_unit_data (id,  target, output, rate, operating_unit_type, success_indicator_data_id) VALUES (nextval('hibernate_sequence'),  1, 0, 0.00, 'TOTAL', 181);


/* General Administrative Support Services */


INSERT INTO pap_data (id,  name, pap_group_type) VALUES (60, 'Efficiency and Integrity Development Plan  (EIDP)', 'GASS');

INSERT INTO success_indicator_data (id,  target, measures, pap_data_id, is_accumulated, is_percentage) VALUES (182,   1, 'Posted at the TESDA website the latest status of complaints and cases filed against officials and employees of the agency on or before the 5th day of the month after the end of the reference quarter', 60, 'Y', 'N');

INSERT INTO operating_unit_data (id,  target, output, rate, operating_unit_type, success_indicator_data_id) VALUES (nextval('hibernate_sequence'),  0, 0, 0.00, 'LEYTE_PO', 182);
INSERT INTO operating_unit_data (id,  target, output, rate, operating_unit_type, success_indicator_data_id) VALUES (nextval('hibernate_sequence'),  0, 0, 0.00, 'BILIRAN_PO', 182);
INSERT INTO operating_unit_data (id,  target, output, rate, operating_unit_type, success_indicator_data_id) VALUES (nextval('hibernate_sequence'),  0, 0, 0.00, 'SOUTHERN_LEYTE_PO', 182);
INSERT INTO operating_unit_data (id,  target, output, rate, operating_unit_type, success_indicator_data_id) VALUES (nextval('hibernate_sequence'),  0, 0, 0.00, 'SAMAR_PO', 182);
INSERT INTO operating_unit_data (id,  target, output, rate, operating_unit_type, success_indicator_data_id) VALUES (nextval('hibernate_sequence'),  0, 0, 0.00, 'EASTERN_SAMAR_PO', 182);
INSERT INTO operating_unit_data (id,  target, output, rate, operating_unit_type, success_indicator_data_id) VALUES (nextval('hibernate_sequence'),  0, 0, 0.00, 'NORTHERN_SAMAR_PO', 182);
INSERT INTO operating_unit_data (id,  target, output, rate, operating_unit_type, success_indicator_data_id) VALUES (nextval('hibernate_sequence'),  0, 0, 0.00, 'TESDA_RO', 182);
INSERT INTO operating_unit_data (id,  target, output, rate, operating_unit_type, success_indicator_data_id) VALUES (nextval('hibernate_sequence'),  1, 0, 0.00, 'TOTAL', 182);



INSERT INTO success_indicator_data (id,  target, measures, pap_data_id, is_accumulated, is_percentage) VALUES (183,   1, '100% the EIDP programs/projects implemented as scheduled', 60, 'Y', 'N');

INSERT INTO operating_unit_data (id,  target, output, rate, operating_unit_type, success_indicator_data_id) VALUES (nextval('hibernate_sequence'),  0, 0, 0.00, 'LEYTE_PO', 183);
INSERT INTO operating_unit_data (id,  target, output, rate, operating_unit_type, success_indicator_data_id) VALUES (nextval('hibernate_sequence'),  0, 0, 0.00, 'BILIRAN_PO', 183);
INSERT INTO operating_unit_data (id,  target, output, rate, operating_unit_type, success_indicator_data_id) VALUES (nextval('hibernate_sequence'),  0, 0, 0.00, 'SOUTHERN_LEYTE_PO', 183);
INSERT INTO operating_unit_data (id,  target, output, rate, operating_unit_type, success_indicator_data_id) VALUES (nextval('hibernate_sequence'),  0, 0, 0.00, 'SAMAR_PO', 183);
INSERT INTO operating_unit_data (id,  target, output, rate, operating_unit_type, success_indicator_data_id) VALUES (nextval('hibernate_sequence'),  0, 0, 0.00, 'EASTERN_SAMAR_PO', 183);
INSERT INTO operating_unit_data (id,  target, output, rate, operating_unit_type, success_indicator_data_id) VALUES (nextval('hibernate_sequence'),  0, 0, 0.00, 'NORTHERN_SAMAR_PO', 183);
INSERT INTO operating_unit_data (id,  target, output, rate, operating_unit_type, success_indicator_data_id) VALUES (nextval('hibernate_sequence'),  0, 0, 0.00, 'TESDA_RO', 183);
INSERT INTO operating_unit_data (id,  target, output, rate, operating_unit_type, success_indicator_data_id) VALUES (nextval('hibernate_sequence'),  1, 0, 0.00, 'TOTAL', 183);




INSERT INTO success_indicator_data (id,  target, measures, pap_data_id, is_accumulated, is_percentage) VALUES (184,   1, '100% of Statement of Assets, Liabilities, and Net Worth (SALN) of all staff and officials submitted to oversight agencies by 30 April 2020', 60, 'Y', 'N');

INSERT INTO operating_unit_data (id,  target, output, rate, operating_unit_type, success_indicator_data_id) VALUES (nextval('hibernate_sequence'),  0, 0, 0.00, 'LEYTE_PO', 184);
INSERT INTO operating_unit_data (id,  target, output, rate, operating_unit_type, success_indicator_data_id) VALUES (nextval('hibernate_sequence'),  0, 0, 0.00, 'BILIRAN_PO', 184);
INSERT INTO operating_unit_data (id,  target, output, rate, operating_unit_type, success_indicator_data_id) VALUES (nextval('hibernate_sequence'),  0, 0, 0.00, 'SOUTHERN_LEYTE_PO', 184);
INSERT INTO operating_unit_data (id,  target, output, rate, operating_unit_type, success_indicator_data_id) VALUES (nextval('hibernate_sequence'),  0, 0, 0.00, 'SAMAR_PO', 184);
INSERT INTO operating_unit_data (id,  target, output, rate, operating_unit_type, success_indicator_data_id) VALUES (nextval('hibernate_sequence'),  0, 0, 0.00, 'EASTERN_SAMAR_PO', 184);
INSERT INTO operating_unit_data (id,  target, output, rate, operating_unit_type, success_indicator_data_id) VALUES (nextval('hibernate_sequence'),  0, 0, 0.00, 'NORTHERN_SAMAR_PO', 184);
INSERT INTO operating_unit_data (id,  target, output, rate, operating_unit_type, success_indicator_data_id) VALUES (nextval('hibernate_sequence'),  0, 0, 0.00, 'TESDA_RO', 184);
INSERT INTO operating_unit_data (id,  target, output, rate, operating_unit_type, success_indicator_data_id) VALUES (nextval('hibernate_sequence'),  1, 0, 0.00, 'TOTAL', 184);





INSERT INTO pap_data (id,  name, pap_group_type) VALUES (61, 'Strategic Performance Management System', 'GASS');

INSERT INTO success_indicator_data (id,  target, measures, pap_data_id, is_accumulated, is_percentage) VALUES (185,   1, '2020 Office Performance Commitment and Review (OPCR) prepared and submitted', 61, 'Y', 'N');

INSERT INTO operating_unit_data (id,  target, output, rate, operating_unit_type, success_indicator_data_id) VALUES (nextval('hibernate_sequence'),  0, 0, 0.00, 'LEYTE_PO', 185);
INSERT INTO operating_unit_data (id,  target, output, rate, operating_unit_type, success_indicator_data_id) VALUES (nextval('hibernate_sequence'),  0, 0, 0.00, 'BILIRAN_PO', 185);
INSERT INTO operating_unit_data (id,  target, output, rate, operating_unit_type, success_indicator_data_id) VALUES (nextval('hibernate_sequence'),  0, 0, 0.00, 'SOUTHERN_LEYTE_PO', 185);
INSERT INTO operating_unit_data (id,  target, output, rate, operating_unit_type, success_indicator_data_id) VALUES (nextval('hibernate_sequence'),  0, 0, 0.00, 'SAMAR_PO', 185);
INSERT INTO operating_unit_data (id,  target, output, rate, operating_unit_type, success_indicator_data_id) VALUES (nextval('hibernate_sequence'),  0, 0, 0.00, 'EASTERN_SAMAR_PO', 185);
INSERT INTO operating_unit_data (id,  target, output, rate, operating_unit_type, success_indicator_data_id) VALUES (nextval('hibernate_sequence'),  0, 0, 0.00, 'NORTHERN_SAMAR_PO', 185);
INSERT INTO operating_unit_data (id,  target, output, rate, operating_unit_type, success_indicator_data_id) VALUES (nextval('hibernate_sequence'),  0, 0, 0.00, 'TESDA_RO', 185);
INSERT INTO operating_unit_data (id,  target, output, rate, operating_unit_type, success_indicator_data_id) VALUES (nextval('hibernate_sequence'),  1, 0, 0.00, 'TOTAL', 185);

INSERT INTO success_indicator_data (id,  target, measures, pap_data_id, is_accumulated, is_percentage) VALUES (186,   1, 'Annual OPCR Accomplishments with self-ratings submitted to the Office PMT', 61, 'Y', 'N');

INSERT INTO operating_unit_data (id,  target, output, rate, operating_unit_type, success_indicator_data_id) VALUES (nextval('hibernate_sequence'),  0, 0, 0.00, 'LEYTE_PO', 186);
INSERT INTO operating_unit_data (id,  target, output, rate, operating_unit_type, success_indicator_data_id) VALUES (nextval('hibernate_sequence'),  0, 0, 0.00, 'BILIRAN_PO', 186);
INSERT INTO operating_unit_data (id,  target, output, rate, operating_unit_type, success_indicator_data_id) VALUES (nextval('hibernate_sequence'),  0, 0, 0.00, 'SOUTHERN_LEYTE_PO', 186);
INSERT INTO operating_unit_data (id,  target, output, rate, operating_unit_type, success_indicator_data_id) VALUES (nextval('hibernate_sequence'),  0, 0, 0.00, 'SAMAR_PO', 186);
INSERT INTO operating_unit_data (id,  target, output, rate, operating_unit_type, success_indicator_data_id) VALUES (nextval('hibernate_sequence'),  0, 0, 0.00, 'EASTERN_SAMAR_PO', 186);
INSERT INTO operating_unit_data (id,  target, output, rate, operating_unit_type, success_indicator_data_id) VALUES (nextval('hibernate_sequence'),  0, 0, 0.00, 'NORTHERN_SAMAR_PO', 186);
INSERT INTO operating_unit_data (id,  target, output, rate, operating_unit_type, success_indicator_data_id) VALUES (nextval('hibernate_sequence'),  0, 0, 0.00, 'TESDA_RO', 186);
INSERT INTO operating_unit_data (id,  target, output, rate, operating_unit_type, success_indicator_data_id) VALUES (nextval('hibernate_sequence'),  1, 0, 0.00, 'TOTAL', 186);


INSERT INTO success_indicator_data (id,  target, measures, pap_data_id, is_accumulated, is_percentage) VALUES (187,   1, 'IPCR 2020 (commitments) submitted to the office PMT 30 calendar days after receipt of approved OPCR commitments', 61, 'Y', 'N');

INSERT INTO operating_unit_data (id,  target, output, rate, operating_unit_type, success_indicator_data_id) VALUES (nextval('hibernate_sequence'),  0, 0, 0.00, 'LEYTE_PO', 187);
INSERT INTO operating_unit_data (id,  target, output, rate, operating_unit_type, success_indicator_data_id) VALUES (nextval('hibernate_sequence'),  0, 0, 0.00, 'BILIRAN_PO', 187);
INSERT INTO operating_unit_data (id,  target, output, rate, operating_unit_type, success_indicator_data_id) VALUES (nextval('hibernate_sequence'),  0, 0, 0.00, 'SOUTHERN_LEYTE_PO', 187);
INSERT INTO operating_unit_data (id,  target, output, rate, operating_unit_type, success_indicator_data_id) VALUES (nextval('hibernate_sequence'),  0, 0, 0.00, 'SAMAR_PO', 187);
INSERT INTO operating_unit_data (id,  target, output, rate, operating_unit_type, success_indicator_data_id) VALUES (nextval('hibernate_sequence'),  0, 0, 0.00, 'EASTERN_SAMAR_PO', 187);
INSERT INTO operating_unit_data (id,  target, output, rate, operating_unit_type, success_indicator_data_id) VALUES (nextval('hibernate_sequence'),  0, 0, 0.00, 'NORTHERN_SAMAR_PO', 187);
INSERT INTO operating_unit_data (id,  target, output, rate, operating_unit_type, success_indicator_data_id) VALUES (nextval('hibernate_sequence'),  0, 0, 0.00, 'TESDA_RO', 187);
INSERT INTO operating_unit_data (id,  target, output, rate, operating_unit_type, success_indicator_data_id) VALUES (nextval('hibernate_sequence'),  1, 0, 0.00, 'TOTAL', 187);



INSERT INTO success_indicator_data (id,  target, measures, pap_data_id, is_accumulated, is_percentage) VALUES (188,   1, 'IPCR accomplishments submitted to the Office PMT on the 1st week of August for the first semester (evaluation with preliminary rating) and 1st week of February for the second semester (with annual IPCR rating)', 61, 'Y', 'N');

INSERT INTO operating_unit_data (id,  target, output, rate, operating_unit_type, success_indicator_data_id) VALUES (nextval('hibernate_sequence'),  0, 0, 0.00, 'LEYTE_PO', 188);
INSERT INTO operating_unit_data (id,  target, output, rate, operating_unit_type, success_indicator_data_id) VALUES (nextval('hibernate_sequence'),  0, 0, 0.00, 'BILIRAN_PO', 188);
INSERT INTO operating_unit_data (id,  target, output, rate, operating_unit_type, success_indicator_data_id) VALUES (nextval('hibernate_sequence'),  0, 0, 0.00, 'SOUTHERN_LEYTE_PO', 188);
INSERT INTO operating_unit_data (id,  target, output, rate, operating_unit_type, success_indicator_data_id) VALUES (nextval('hibernate_sequence'),  0, 0, 0.00, 'SAMAR_PO', 188);
INSERT INTO operating_unit_data (id,  target, output, rate, operating_unit_type, success_indicator_data_id) VALUES (nextval('hibernate_sequence'),  0, 0, 0.00, 'EASTERN_SAMAR_PO', 188);
INSERT INTO operating_unit_data (id,  target, output, rate, operating_unit_type, success_indicator_data_id) VALUES (nextval('hibernate_sequence'),  0, 0, 0.00, 'NORTHERN_SAMAR_PO', 188);
INSERT INTO operating_unit_data (id,  target, output, rate, operating_unit_type, success_indicator_data_id) VALUES (nextval('hibernate_sequence'),  0, 0, 0.00, 'TESDA_RO', 188);
INSERT INTO operating_unit_data (id,  target, output, rate, operating_unit_type, success_indicator_data_id) VALUES (nextval('hibernate_sequence'),  1, 0, 0.00, 'TOTAL', 188);



INSERT INTO success_indicator_data (id,  target, measures, pap_data_id, is_accumulated, is_percentage) VALUES (189,   1, 'Summary of IPCR ratings submitted within 30 calendar days upon receipt of approved OPCR rating (covering accomplishment in the previous year)', 61, 'Y', 'N');

INSERT INTO operating_unit_data (id,  target, output, rate, operating_unit_type, success_indicator_data_id) VALUES (nextval('hibernate_sequence'),  0, 0, 0.00, 'LEYTE_PO', 189);
INSERT INTO operating_unit_data (id,  target, output, rate, operating_unit_type, success_indicator_data_id) VALUES (nextval('hibernate_sequence'),  0, 0, 0.00, 'BILIRAN_PO', 189);
INSERT INTO operating_unit_data (id,  target, output, rate, operating_unit_type, success_indicator_data_id) VALUES (nextval('hibernate_sequence'),  0, 0, 0.00, 'SOUTHERN_LEYTE_PO', 189);
INSERT INTO operating_unit_data (id,  target, output, rate, operating_unit_type, success_indicator_data_id) VALUES (nextval('hibernate_sequence'),  0, 0, 0.00, 'SAMAR_PO', 189);
INSERT INTO operating_unit_data (id,  target, output, rate, operating_unit_type, success_indicator_data_id) VALUES (nextval('hibernate_sequence'),  0, 0, 0.00, 'EASTERN_SAMAR_PO', 189);
INSERT INTO operating_unit_data (id,  target, output, rate, operating_unit_type, success_indicator_data_id) VALUES (nextval('hibernate_sequence'),  0, 0, 0.00, 'NORTHERN_SAMAR_PO', 189);
INSERT INTO operating_unit_data (id,  target, output, rate, operating_unit_type, success_indicator_data_id) VALUES (nextval('hibernate_sequence'),  0, 0, 0.00, 'TESDA_RO', 189);
INSERT INTO operating_unit_data (id,  target, output, rate, operating_unit_type, success_indicator_data_id) VALUES (nextval('hibernate_sequence'),  1, 0, 0.00, 'TOTAL', 189);


INSERT INTO success_indicator_data (id,  target, measures, pap_data_id, is_accumulated, is_percentage) VALUES (190,   1, 'SPMS Guidelines and Performance Standards revised and submitted to CSC for approval by end of 2nd quarter of CY 2020', 61, 'Y', 'N');

INSERT INTO operating_unit_data (id,  target, output, rate, operating_unit_type, success_indicator_data_id) VALUES (nextval('hibernate_sequence'),  0, 0, 0.00, 'LEYTE_PO', 190);
INSERT INTO operating_unit_data (id,  target, output, rate, operating_unit_type, success_indicator_data_id) VALUES (nextval('hibernate_sequence'),  0, 0, 0.00, 'BILIRAN_PO', 190);
INSERT INTO operating_unit_data (id,  target, output, rate, operating_unit_type, success_indicator_data_id) VALUES (nextval('hibernate_sequence'),  0, 0, 0.00, 'SOUTHERN_LEYTE_PO', 190);
INSERT INTO operating_unit_data (id,  target, output, rate, operating_unit_type, success_indicator_data_id) VALUES (nextval('hibernate_sequence'),  0, 0, 0.00, 'SAMAR_PO', 190);
INSERT INTO operating_unit_data (id,  target, output, rate, operating_unit_type, success_indicator_data_id) VALUES (nextval('hibernate_sequence'),  0, 0, 0.00, 'EASTERN_SAMAR_PO', 190);
INSERT INTO operating_unit_data (id,  target, output, rate, operating_unit_type, success_indicator_data_id) VALUES (nextval('hibernate_sequence'),  0, 0, 0.00, 'NORTHERN_SAMAR_PO', 190);
INSERT INTO operating_unit_data (id,  target, output, rate, operating_unit_type, success_indicator_data_id) VALUES (nextval('hibernate_sequence'),  0, 0, 0.00, 'TESDA_RO', 190);
INSERT INTO operating_unit_data (id,  target, output, rate, operating_unit_type, success_indicator_data_id) VALUES (nextval('hibernate_sequence'),  1, 0, 0.00, 'TOTAL', 190);



INSERT INTO pap_data (id,  name, pap_group_type) VALUES (62, 'Budget Preparation', 'GASS');

INSERT INTO success_indicator_data (id,  target, measures, pap_data_id, is_accumulated, is_percentage) VALUES (191,   1, 'Budget Proposals in accordance with the Budget Preparation Guidelines prepared', 62, 'Y', 'N');

INSERT INTO operating_unit_data (id,  target, output, rate, operating_unit_type, success_indicator_data_id) VALUES (nextval('hibernate_sequence'),  0, 0, 0.00, 'LEYTE_PO', 191);
INSERT INTO operating_unit_data (id,  target, output, rate, operating_unit_type, success_indicator_data_id) VALUES (nextval('hibernate_sequence'),  0, 0, 0.00, 'BILIRAN_PO', 191);
INSERT INTO operating_unit_data (id,  target, output, rate, operating_unit_type, success_indicator_data_id) VALUES (nextval('hibernate_sequence'),  0, 0, 0.00, 'SOUTHERN_LEYTE_PO', 191);
INSERT INTO operating_unit_data (id,  target, output, rate, operating_unit_type, success_indicator_data_id) VALUES (nextval('hibernate_sequence'),  0, 0, 0.00, 'SAMAR_PO', 191);
INSERT INTO operating_unit_data (id,  target, output, rate, operating_unit_type, success_indicator_data_id) VALUES (nextval('hibernate_sequence'),  0, 0, 0.00, 'EASTERN_SAMAR_PO', 191);
INSERT INTO operating_unit_data (id,  target, output, rate, operating_unit_type, success_indicator_data_id) VALUES (nextval('hibernate_sequence'),  0, 0, 0.00, 'NORTHERN_SAMAR_PO', 191);
INSERT INTO operating_unit_data (id,  target, output, rate, operating_unit_type, success_indicator_data_id) VALUES (nextval('hibernate_sequence'),  0, 0, 0.00, 'TESDA_RO', 191);
INSERT INTO operating_unit_data (id,  target, output, rate, operating_unit_type, success_indicator_data_id) VALUES (nextval('hibernate_sequence'),  1, 0, 0.00, 'TOTAL', 191);

UPDATE success_indicator_data SET is_deleted = 'N';





