/* Initial Data for Certification Rate Report */

INSERT INTO certification_rate_report (id, created_date, updated_date, created_by, updated_by, assessed, certified, rate, operating_unit) VALUES (1, now(), now(), 'SYSTEM', 'SYSTEM', 9827, 9591, 98.00, 'LEYTE');
INSERT INTO certification_rate_report (id, created_date, updated_date, created_by, updated_by, assessed, certified, rate, operating_unit) VALUES (2, now(), now(), 'SYSTEM', 'SYSTEM', 1274, 1268, 100.00, 'SOUTHERN_LEYTE');
INSERT INTO certification_rate_report (id, created_date, updated_date, created_by, updated_by, assessed, certified, rate, operating_unit) VALUES (3, now(), now(), 'SYSTEM', 'SYSTEM', 1428, 1423, 100.00, 'BILIRAN');
INSERT INTO certification_rate_report (id, created_date, updated_date, created_by, updated_by, assessed, certified, rate, operating_unit) VALUES (4, now(), now(), 'SYSTEM', 'SYSTEM', 2355, 2317, 98.00, 'SAMAR');
INSERT INTO certification_rate_report (id, created_date, updated_date, created_by, updated_by, assessed, certified, rate, operating_unit) VALUES (5, now(), now(), 'SYSTEM', 'SYSTEM', 3175, 3069, 97.00, 'EASTERN_SAMAR');
INSERT INTO certification_rate_report (id, created_date, updated_date, created_by, updated_by, assessed, certified, rate, operating_unit) VALUES (6, now(), now(), 'SYSTEM', 'SYSTEM', 2809, 2651, 94.00, 'NORTHERN_SAMAR');


/* Initial Data for PO Report */

INSERT INTO general_report (id, created_date, updated_date, created_by, updated_by, target, output, rate, operating_unit, egac_type, daily_report_type, report_source_type) VALUES (1, now(), now(), 'SYSTEM', 'SYSTEM', 27549, 12174, 44.00, 'LEYTE', 'ENROLLED', 'PO_REPORT', 'T2MIS');
INSERT INTO general_report (id, created_date, updated_date, created_by, updated_by, target, output, rate, operating_unit, egac_type, daily_report_type, report_source_type) VALUES (2, now(), now(), 'SYSTEM', 'SYSTEM', 4792, 2073, 43.00, 'SOUTHERN_LEYTE', 'ENROLLED', 'PO_REPORT', 'T2MIS');
INSERT INTO general_report (id, created_date, updated_date, created_by, updated_by, target, output, rate, operating_unit, egac_type, daily_report_type, report_source_type) VALUES (3, now(), now(), 'SYSTEM', 'SYSTEM', 2762, 734, 27.00, 'BILIRAN', 'ENROLLED', 'PO_REPORT', 'T2MIS');
INSERT INTO general_report (id, created_date, updated_date, created_by, updated_by, target, output, rate, operating_unit, egac_type, daily_report_type, report_source_type) VALUES (4, now(), now(), 'SYSTEM', 'SYSTEM', 6671, 1531, 23.00, 'SAMAR', 'ENROLLED', 'PO_REPORT', 'T2MIS');
INSERT INTO general_report (id, created_date, updated_date, created_by, updated_by, target, output, rate, operating_unit, egac_type, daily_report_type, report_source_type) VALUES (5, now(), now(), 'SYSTEM', 'SYSTEM', 5671, 2780, 49.00, 'EASTERN_SAMAR', 'ENROLLED', 'PO_REPORT', 'T2MIS');
INSERT INTO general_report (id, created_date, updated_date, created_by, updated_by, target, output, rate, operating_unit, egac_type, daily_report_type, report_source_type) VALUES (6, now(), now(), 'SYSTEM', 'SYSTEM', 8210, 4496, 55.00, 'NORTHERN_SAMAR', 'ENROLLED', 'PO_REPORT', 'T2MIS');

INSERT INTO general_report (id, created_date, updated_date, created_by, updated_by, target, output, rate, operating_unit, egac_type, daily_report_type, report_source_type) VALUES (7, now(), now(), 'SYSTEM', 'SYSTEM', 24794, 13941, 56.00, 'LEYTE', 'GRADUATED', 'PO_REPORT', 'T2MIS');
INSERT INTO general_report (id, created_date, updated_date, created_by, updated_by, target, output, rate, operating_unit, egac_type, daily_report_type, report_source_type) VALUES (8, now(), now(), 'SYSTEM', 'SYSTEM', 4312, 2013, 47.00, 'SOUTHERN_LEYTE', 'GRADUATED', 'PO_REPORT', 'T2MIS');
INSERT INTO general_report (id, created_date, updated_date, created_by, updated_by, target, output, rate, operating_unit, egac_type, daily_report_type, report_source_type) VALUES (9, now(), now(), 'SYSTEM', 'SYSTEM', 2486, 1530, 62.00, 'BILIRAN', 'GRADUATED', 'PO_REPORT', 'T2MIS');
INSERT INTO general_report (id, created_date, updated_date, created_by, updated_by, target, output, rate, operating_unit, egac_type, daily_report_type, report_source_type) VALUES (10, now(), now(), 'SYSTEM', 'SYSTEM', 6004, 2000, 33.00, 'SAMAR', 'GRADUATED', 'PO_REPORT', 'T2MIS');
INSERT INTO general_report (id, created_date, updated_date, created_by, updated_by, target, output, rate, operating_unit, egac_type, daily_report_type, report_source_type) VALUES (11, now(), now(), 'SYSTEM', 'SYSTEM', 5104, 3412, 67.00, 'EASTERN_SAMAR', 'GRADUATED', 'PO_REPORT', 'T2MIS');
INSERT INTO general_report (id, created_date, updated_date, created_by, updated_by, target, output, rate, operating_unit, egac_type, daily_report_type, report_source_type) VALUES (12, now(), now(), 'SYSTEM', 'SYSTEM', 7389, 4534, 61.00, 'NORTHERN_SAMAR', 'GRADUATED', 'PO_REPORT', 'T2MIS');

INSERT INTO general_report (id, created_date, updated_date, created_by, updated_by, target, output, rate, operating_unit, egac_type, daily_report_type, report_source_type) VALUES (13, now(), now(), 'SYSTEM', 'SYSTEM', 10180, 9827, 97.00, 'LEYTE', 'ASSESSED', 'PO_REPORT', 'T2MIS');
INSERT INTO general_report (id, created_date, updated_date, created_by, updated_by, target, output, rate, operating_unit, egac_type, daily_report_type, report_source_type) VALUES (14, now(), now(), 'SYSTEM', 'SYSTEM', 1978, 1274, 64.00, 'SOUTHERN_LEYTE', 'ASSESSED', 'PO_REPORT', 'T2MIS');
INSERT INTO general_report (id, created_date, updated_date, created_by, updated_by, target, output, rate, operating_unit, egac_type, daily_report_type, report_source_type) VALUES (15, now(), now(), 'SYSTEM', 'SYSTEM', 1543, 1428, 93.00, 'BILIRAN', 'ASSESSED', 'PO_REPORT', 'T2MIS');
INSERT INTO general_report (id, created_date, updated_date, created_by, updated_by, target, output, rate, operating_unit, egac_type, daily_report_type, report_source_type) VALUES (16, now(), now(), 'SYSTEM', 'SYSTEM', 3565, 2355, 66.00, 'SAMAR', 'ASSESSED', 'PO_REPORT', 'T2MIS');
INSERT INTO general_report (id, created_date, updated_date, created_by, updated_by, target, output, rate, operating_unit, egac_type, daily_report_type, report_source_type) VALUES (17, now(), now(), 'SYSTEM', 'SYSTEM', 3769, 3175, 84.00, 'EASTERN_SAMAR', 'ASSESSED', 'PO_REPORT', 'T2MIS');
INSERT INTO general_report (id, created_date, updated_date, created_by, updated_by, target, output, rate, operating_unit, egac_type, daily_report_type, report_source_type) VALUES (18, now(), now(), 'SYSTEM', 'SYSTEM', 3533, 2809, 80.00, 'NORTHERN_SAMAR', 'ASSESSED', 'PO_REPORT', 'T2MIS');

INSERT INTO general_report (id, created_date, updated_date, created_by, updated_by, target, output, rate, operating_unit, egac_type, daily_report_type, report_source_type) VALUES (19, now(), now(), 'SYSTEM', 'SYSTEM', 9366, 9591, 102.00, 'LEYTE', 'CERTIFIED', 'PO_REPORT', 'T2MIS');
INSERT INTO general_report (id, created_date, updated_date, created_by, updated_by, target, output, rate, operating_unit, egac_type, daily_report_type, report_source_type) VALUES (20, now(), now(), 'SYSTEM', 'SYSTEM', 1820, 1268, 70.00, 'SOUTHERN_LEYTE', 'CERTIFIED', 'PO_REPORT', 'T2MIS');
INSERT INTO general_report (id, created_date, updated_date, created_by, updated_by, target, output, rate, operating_unit, egac_type, daily_report_type, report_source_type) VALUES (21, now(), now(), 'SYSTEM', 'SYSTEM', 1419, 1423, 100.00, 'BILIRAN', 'CERTIFIED', 'PO_REPORT', 'T2MIS');
INSERT INTO general_report (id, created_date, updated_date, created_by, updated_by, target, output, rate, operating_unit, egac_type, daily_report_type, report_source_type) VALUES (22, now(), now(), 'SYSTEM', 'SYSTEM', 3280, 2317, 71.00, 'SAMAR', 'CERTIFIED', 'PO_REPORT', 'T2MIS');
INSERT INTO general_report (id, created_date, updated_date, created_by, updated_by, target, output, rate, operating_unit, egac_type, daily_report_type, report_source_type) VALUES (23, now(), now(), 'SYSTEM', 'SYSTEM', 3467, 3069, 89.00, 'EASTERN_SAMAR', 'CERTIFIED', 'PO_REPORT', 'T2MIS');
INSERT INTO general_report (id, created_date, updated_date, created_by, updated_by, target, output, rate, operating_unit, egac_type, daily_report_type, report_source_type) VALUES (24, now(), now(), 'SYSTEM', 'SYSTEM', 3250, 2651, 82.00, 'NORTHERN_SAMAR', 'CERTIFIED', 'PO_REPORT', 'T2MIS');


/* Initial Data for Institution Based Report */

INSERT INTO general_report (id, created_date, updated_date, created_by, updated_by, target, output, rate, operating_unit, egac_type, daily_report_type, report_source_type) VALUES (25, now(), now(), 'SYSTEM', 'SYSTEM', 10135, 4739, 47.00, 'LEYTE', 'ENROLLED', 'INSTITUTION_BASED_REPORT', 'T2MIS');
INSERT INTO general_report (id, created_date, updated_date, created_by, updated_by, target, output, rate, operating_unit, egac_type, daily_report_type, report_source_type) VALUES (26, now(), now(), 'SYSTEM', 'SYSTEM', 800, 815, 102.00, 'SOUTHERN_LEYTE', 'ENROLLED', 'INSTITUTION_BASED_REPORT', 'T2MIS');
INSERT INTO general_report (id, created_date, updated_date, created_by, updated_by, target, output, rate, operating_unit, egac_type, daily_report_type, report_source_type) VALUES (27, now(), now(), 'SYSTEM', 'SYSTEM', 1848, 641, 35.00, 'BILIRAN', 'ENROLLED', 'INSTITUTION_BASED_REPORT', 'T2MIS');
INSERT INTO general_report (id, created_date, updated_date, created_by, updated_by, target, output, rate, operating_unit, egac_type, daily_report_type, report_source_type) VALUES (28, now(), now(), 'SYSTEM', 'SYSTEM', 1039, 932, 90.00, 'SAMAR', 'ENROLLED', 'INSTITUTION_BASED_REPORT', 'T2MIS');
INSERT INTO general_report (id, created_date, updated_date, created_by, updated_by, target, output, rate, operating_unit, egac_type, daily_report_type, report_source_type) VALUES (29, now(), now(), 'SYSTEM', 'SYSTEM', 3000, 1695, 57.00, 'EASTERN_SAMAR', 'ENROLLED', 'INSTITUTION_BASED_REPORT', 'T2MIS');
INSERT INTO general_report (id, created_date, updated_date, created_by, updated_by, target, output, rate, operating_unit, egac_type, daily_report_type, report_source_type) VALUES (30, now(), now(), 'SYSTEM', 'SYSTEM', 4768, 1334, 28.00, 'NORTHERN_SAMAR', 'ENROLLED', 'INSTITUTION_BASED_REPORT', 'T2MIS');

INSERT INTO general_report (id, created_date, updated_date, created_by, updated_by, target, output, rate, operating_unit, egac_type, daily_report_type, report_source_type) VALUES (31, now(), now(), 'SYSTEM', 'SYSTEM', 9122, 6560, 72.00, 'LEYTE', 'GRADUATED', 'INSTITUTION_BASED_REPORT', 'T2MIS');
INSERT INTO general_report (id, created_date, updated_date, created_by, updated_by, target, output, rate, operating_unit, egac_type, daily_report_type, report_source_type) VALUES (32, now(), now(), 'SYSTEM', 'SYSTEM', 720, 707, 98.00, 'SOUTHERN_LEYTE', 'GRADUATED', 'INSTITUTION_BASED_REPORT', 'T2MIS');
INSERT INTO general_report (id, created_date, updated_date, created_by, updated_by, target, output, rate, operating_unit, egac_type, daily_report_type, report_source_type) VALUES (33, now(), now(), 'SYSTEM', 'SYSTEM', 1663, 849, 51.00, 'BILIRAN', 'GRADUATED', 'INSTITUTION_BASED_REPORT', 'T2MIS');
INSERT INTO general_report (id, created_date, updated_date, created_by, updated_by, target, output, rate, operating_unit, egac_type, daily_report_type, report_source_type) VALUES (34, now(), now(), 'SYSTEM', 'SYSTEM', 935, 1200, 128.00, 'SAMAR', 'GRADUATED', 'INSTITUTION_BASED_REPORT', 'T2MIS');
INSERT INTO general_report (id, created_date, updated_date, created_by, updated_by, target, output, rate, operating_unit, egac_type, daily_report_type, report_source_type) VALUES (35, now(), now(), 'SYSTEM', 'SYSTEM', 2700, 1606, 59.00, 'EASTERN_SAMAR', 'GRADUATED', 'INSTITUTION_BASED_REPORT', 'T2MIS');
INSERT INTO general_report (id, created_date, updated_date, created_by, updated_by, target, output, rate, operating_unit, egac_type, daily_report_type, report_source_type) VALUES (36, now(), now(), 'SYSTEM', 'SYSTEM', 4291, 1368, 32.00, 'NORTHERN_SAMAR', 'GRADUATED', 'INSTITUTION_BASED_REPORT', 'T2MIS');


/* Initial Data for Enterprise Based Report T2MIS */

INSERT INTO general_report (id, created_date, updated_date, created_by, updated_by, target, output, rate, operating_unit, egac_type, daily_report_type, report_source_type) VALUES (37, now(), now(), 'SYSTEM', 'SYSTEM', 157, 66, 42.00, 'LEYTE', 'ENROLLED', 'ENTERPRISE_BASED_REPORT', 'T2MIS');
INSERT INTO general_report (id, created_date, updated_date, created_by, updated_by, target, output, rate, operating_unit, egac_type, daily_report_type, report_source_type) VALUES (38, now(), now(), 'SYSTEM', 'SYSTEM', 36, 20, 56.00, 'SOUTHERN_LEYTE', 'ENROLLED', 'ENTERPRISE_BASED_REPORT', 'T2MIS');
INSERT INTO general_report (id, created_date, updated_date, created_by, updated_by, target, output, rate, operating_unit, egac_type, daily_report_type, report_source_type) VALUES (39, now(), now(), 'SYSTEM', 'SYSTEM', 71, 0, 0.00, 'BILIRAN', 'ENROLLED', 'ENTERPRISE_BASED_REPORT', 'T2MIS');
INSERT INTO general_report (id, created_date, updated_date, created_by, updated_by, target, output, rate, operating_unit, egac_type, daily_report_type, report_source_type) VALUES (40, now(), now(), 'SYSTEM', 'SYSTEM', 21, 0, 0.00, 'SAMAR', 'ENROLLED', 'ENTERPRISE_BASED_REPORT', 'T2MIS');
INSERT INTO general_report (id, created_date, updated_date, created_by, updated_by, target, output, rate, operating_unit, egac_type, daily_report_type, report_source_type) VALUES (41, now(), now(), 'SYSTEM', 'SYSTEM', 249, 70, 28.00, 'EASTERN_SAMAR', 'ENROLLED', 'ENTERPRISE_BASED_REPORT', 'T2MIS');
INSERT INTO general_report (id, created_date, updated_date, created_by, updated_by, target, output, rate, operating_unit, egac_type, daily_report_type, report_source_type) VALUES (42, now(), now(), 'SYSTEM', 'SYSTEM', 11, 0, 0.00, 'NORTHERN_SAMAR', 'ENROLLED', 'ENTERPRISE_BASED_REPORT', 'T2MIS');

INSERT INTO general_report (id, created_date, updated_date, created_by, updated_by, target, output, rate, operating_unit, egac_type, daily_report_type, report_source_type) VALUES (43, now(), now(), 'SYSTEM', 'SYSTEM', 141, 192, 136.00, 'LEYTE', 'GRADUATED', 'ENTERPRISE_BASED_REPORT', 'T2MIS');
INSERT INTO general_report (id, created_date, updated_date, created_by, updated_by, target, output, rate, operating_unit, egac_type, daily_report_type, report_source_type) VALUES (44, now(), now(), 'SYSTEM', 'SYSTEM', 32, 0, 0.00, 'SOUTHERN_LEYTE', 'GRADUATED', 'ENTERPRISE_BASED_REPORT', 'T2MIS');
INSERT INTO general_report (id, created_date, updated_date, created_by, updated_by, target, output, rate, operating_unit, egac_type, daily_report_type, report_source_type) VALUES (45, now(), now(), 'SYSTEM', 'SYSTEM', 64, 7, 11.00, 'BILIRAN', 'GRADUATED', 'ENTERPRISE_BASED_REPORT', 'T2MIS');
INSERT INTO general_report (id, created_date, updated_date, created_by, updated_by, target, output, rate, operating_unit, egac_type, daily_report_type, report_source_type) VALUES (46, now(), now(), 'SYSTEM', 'SYSTEM', 19, 0, 0.00, 'SAMAR', 'GRADUATED', 'ENTERPRISE_BASED_REPORT', 'T2MIS');
INSERT INTO general_report (id, created_date, updated_date, created_by, updated_by, target, output, rate, operating_unit, egac_type, daily_report_type, report_source_type) VALUES (47, now(), now(), 'SYSTEM', 'SYSTEM', 224, 105, 47.00, 'EASTERN_SAMAR', 'GRADUATED', 'ENTERPRISE_BASED_REPORT', 'T2MIS');
INSERT INTO general_report (id, created_date, updated_date, created_by, updated_by, target, output, rate, operating_unit, egac_type, daily_report_type, report_source_type) VALUES (48, now(), now(), 'SYSTEM', 'SYSTEM', 10, 0, 0.00, 'NORTHERN_SAMAR', 'GRADUATED', 'ENTERPRISE_BASED_REPORT', 'T2MIS');


/* Initial Data for Enterprise Based Report GS */

INSERT INTO general_report (id, created_date, updated_date, created_by, updated_by, target, output, rate, operating_unit, egac_type, daily_report_type, report_source_type) VALUES (49, now(), now(), 'SYSTEM', 'SYSTEM', 157, 0, 0.00, 'LEYTE', 'ENROLLED', 'ENTERPRISE_BASED_REPORT', 'GS');
INSERT INTO general_report (id, created_date, updated_date, created_by, updated_by, target, output, rate, operating_unit, egac_type, daily_report_type, report_source_type) VALUES (50, now(), now(), 'SYSTEM', 'SYSTEM', 36, 490, 1361.00, 'SOUTHERN_LEYTE', 'ENROLLED', 'ENTERPRISE_BASED_REPORT', 'GS');
INSERT INTO general_report (id, created_date, updated_date, created_by, updated_by, target, output, rate, operating_unit, egac_type, daily_report_type, report_source_type) VALUES (51, now(), now(), 'SYSTEM', 'SYSTEM', 71, 0, 0.00, 'BILIRAN', 'ENROLLED', 'ENTERPRISE_BASED_REPORT', 'GS');
INSERT INTO general_report (id, created_date, updated_date, created_by, updated_by, target, output, rate, operating_unit, egac_type, daily_report_type, report_source_type) VALUES (52, now(), now(), 'SYSTEM', 'SYSTEM', 21, 517, 2462.00, 'SAMAR', 'ENROLLED', 'ENTERPRISE_BASED_REPORT', 'GS');
INSERT INTO general_report (id, created_date, updated_date, created_by, updated_by, target, output, rate, operating_unit, egac_type, daily_report_type, report_source_type) VALUES (53, now(), now(), 'SYSTEM', 'SYSTEM', 249, 70, 28.00, 'EASTERN_SAMAR', 'ENROLLED', 'ENTERPRISE_BASED_REPORT', 'GS');
INSERT INTO general_report (id, created_date, updated_date, created_by, updated_by, target, output, rate, operating_unit, egac_type, daily_report_type, report_source_type) VALUES (54, now(), now(), 'SYSTEM', 'SYSTEM', 11, 0, 0.00, 'NORTHERN_SAMAR', 'ENROLLED', 'ENTERPRISE_BASED_REPORT', 'GS');

INSERT INTO general_report (id, created_date, updated_date, created_by, updated_by, target, output, rate, operating_unit, egac_type, daily_report_type, report_source_type) VALUES (55, now(), now(), 'SYSTEM', 'SYSTEM', 141, 0, 0.00, 'LEYTE', 'GRADUATED', 'ENTERPRISE_BASED_REPORT', 'GS');
INSERT INTO general_report (id, created_date, updated_date, created_by, updated_by, target, output, rate, operating_unit, egac_type, daily_report_type, report_source_type) VALUES (56, now(), now(), 'SYSTEM', 'SYSTEM', 32, 108, 338.00, 'SOUTHERN_LEYTE', 'GRADUATED', 'ENTERPRISE_BASED_REPORT', 'GS');
INSERT INTO general_report (id, created_date, updated_date, created_by, updated_by, target, output, rate, operating_unit, egac_type, daily_report_type, report_source_type) VALUES (57, now(), now(), 'SYSTEM', 'SYSTEM', 64, 0, 0.00, 'BILIRAN', 'GRADUATED', 'ENTERPRISE_BASED_REPORT', 'GS');
INSERT INTO general_report (id, created_date, updated_date, created_by, updated_by, target, output, rate, operating_unit, egac_type, daily_report_type, report_source_type) VALUES (58, now(), now(), 'SYSTEM', 'SYSTEM', 19, 517, 2721.00, 'SAMAR', 'GRADUATED', 'ENTERPRISE_BASED_REPORT', 'GS');
INSERT INTO general_report (id, created_date, updated_date, created_by, updated_by, target, output, rate, operating_unit, egac_type, daily_report_type, report_source_type) VALUES (59, now(), now(), 'SYSTEM', 'SYSTEM', 224, 0, 0.00, 'EASTERN_SAMAR', 'GRADUATED', 'ENTERPRISE_BASED_REPORT', 'GS');
INSERT INTO general_report (id, created_date, updated_date, created_by, updated_by, target, output, rate, operating_unit, egac_type, daily_report_type, report_source_type) VALUES (60, now(), now(), 'SYSTEM', 'SYSTEM', 10, 0, 0.00, 'NORTHERN_SAMAR', 'GRADUATED', 'ENTERPRISE_BASED_REPORT', 'GS');


/* Initial Data for Community Based Report */

INSERT INTO general_report (id, created_date, updated_date, created_by, updated_by, target, output, rate, operating_unit, egac_type, daily_report_type, report_source_type) VALUES (61, now(), now(), 'SYSTEM', 'SYSTEM', 17257, 7369, 43.00, 'LEYTE', 'ENROLLED', 'COMMUNITY_BASED_REPORT', 'T2MIS');
INSERT INTO general_report (id, created_date, updated_date, created_by, updated_by, target, output, rate, operating_unit, egac_type, daily_report_type, report_source_type) VALUES (62, now(), now(), 'SYSTEM', 'SYSTEM', 3956, 1238, 31.00, 'SOUTHERN_LEYTE', 'ENROLLED', 'COMMUNITY_BASED_REPORT', 'T2MIS');
INSERT INTO general_report (id, created_date, updated_date, created_by, updated_by, target, output, rate, operating_unit, egac_type, daily_report_type, report_source_type) VALUES (63, now(), now(), 'SYSTEM', 'SYSTEM', 843, 93, 11.00, 'BILIRAN', 'ENROLLED', 'COMMUNITY_BASED_REPORT', 'T2MIS');
INSERT INTO general_report (id, created_date, updated_date, created_by, updated_by, target, output, rate, operating_unit, egac_type, daily_report_type, report_source_type) VALUES (64, now(), now(), 'SYSTEM', 'SYSTEM', 5611, 599, 11.00, 'SAMAR', 'ENROLLED', 'COMMUNITY_BASED_REPORT', 'T2MIS');
INSERT INTO general_report (id, created_date, updated_date, created_by, updated_by, target, output, rate, operating_unit, egac_type, daily_report_type, report_source_type) VALUES (65, now(), now(), 'SYSTEM', 'SYSTEM', 2422, 1015, 42.00, 'EASTERN_SAMAR', 'ENROLLED', 'COMMUNITY_BASED_REPORT', 'T2MIS');
INSERT INTO general_report (id, created_date, updated_date, created_by, updated_by, target, output, rate, operating_unit, egac_type, daily_report_type, report_source_type) VALUES (66, now(), now(), 'SYSTEM', 'SYSTEM', 3431, 3162, 92.00, 'NORTHERN_SAMAR', 'ENROLLED', 'COMMUNITY_BASED_REPORT', 'T2MIS');

INSERT INTO general_report (id, created_date, updated_date, created_by, updated_by, target, output, rate, operating_unit, egac_type, daily_report_type, report_source_type) VALUES (67, now(), now(), 'SYSTEM', 'SYSTEM', 15531, 7189, 46.00, 'LEYTE', 'GRADUATED', 'COMMUNITY_BASED_REPORT', 'T2MIS');
INSERT INTO general_report (id, created_date, updated_date, created_by, updated_by, target, output, rate, operating_unit, egac_type, daily_report_type, report_source_type) VALUES (68, now(), now(), 'SYSTEM', 'SYSTEM', 3560, 1306, 37.00, 'SOUTHERN_LEYTE', 'GRADUATED', 'COMMUNITY_BASED_REPORT', 'T2MIS');
INSERT INTO general_report (id, created_date, updated_date, created_by, updated_by, target, output, rate, operating_unit, egac_type, daily_report_type, report_source_type) VALUES (69, now(), now(), 'SYSTEM', 'SYSTEM', 759, 674, 89.00, 'BILIRAN', 'GRADUATED', 'COMMUNITY_BASED_REPORT', 'T2MIS');
INSERT INTO general_report (id, created_date, updated_date, created_by, updated_by, target, output, rate, operating_unit, egac_type, daily_report_type, report_source_type) VALUES (70, now(), now(), 'SYSTEM', 'SYSTEM', 5050, 800, 16.00, 'SAMAR', 'GRADUATED', 'COMMUNITY_BASED_REPORT', 'T2MIS');
INSERT INTO general_report (id, created_date, updated_date, created_by, updated_by, target, output, rate, operating_unit, egac_type, daily_report_type, report_source_type) VALUES (71, now(), now(), 'SYSTEM', 'SYSTEM', 2180, 1701, 78.00, 'EASTERN_SAMAR', 'GRADUATED', 'COMMUNITY_BASED_REPORT', 'T2MIS');
INSERT INTO general_report (id, created_date, updated_date, created_by, updated_by, target, output, rate, operating_unit, egac_type, daily_report_type, report_source_type) VALUES (72, now(), now(), 'SYSTEM', 'SYSTEM', 3088, 3166, 103.00, 'NORTHERN_SAMAR', 'GRADUATED', 'COMMUNITY_BASED_REPORT', 'T2MIS');


/* Initial Data for TTI REPORT */

INSERT INTO tti_report (id, created_date, updated_date, created_by, updated_by, target, output, rate, tti_type, egac_type, report_source_type) VALUES (1, now(), now(), 'SYSTEM', 'SYSTEM', 920, 662, 72.00, 'CNVS', 'ENROLLED', 'T2MIS');
INSERT INTO tti_report (id, created_date, updated_date, created_by, updated_by, target, output, rate, tti_type, egac_type, report_source_type) VALUES (2, now(), now(), 'SYSTEM', 'SYSTEM', 1240, 1800, 145.00, 'CNSAT', 'ENROLLED', 'T2MIS');
INSERT INTO tti_report (id, created_date, updated_date, created_by, updated_by, target, output, rate, tti_type, egac_type, report_source_type) VALUES (3, now(), now(), 'SYSTEM', 'SYSTEM', 1240, 1237, 100.00, 'ANAS', 'ENROLLED', 'T2MIS');
INSERT INTO tti_report (id, created_date, updated_date, created_by, updated_by, target, output, rate, tti_type, egac_type, report_source_type) VALUES (4, now(), now(), 'SYSTEM', 'SYSTEM', 595, 548, 92.00, 'BNAS', 'ENROLLED', 'T2MIS');
INSERT INTO tti_report (id, created_date, updated_date, created_by, updated_by, target, output, rate, tti_type, egac_type, report_source_type) VALUES (5, now(), now(), 'SYSTEM', 'SYSTEM', 1202, 1150, 96.00, 'SNSAT', 'ENROLLED', 'T2MIS');
INSERT INTO tti_report (id, created_date, updated_date, created_by, updated_by, target, output, rate, tti_type, egac_type, report_source_type) VALUES (6, now(), now(), 'SYSTEM', 'SYSTEM', 1381, 915, 66.00, 'BCAT', 'ENROLLED', 'T2MIS');
INSERT INTO tti_report (id, created_date, updated_date, created_by, updated_by, target, output, rate, tti_type, egac_type, report_source_type) VALUES (7, now(), now(), 'SYSTEM', 'SYSTEM', 943, 963, 102.00, 'LNAIS', 'ENROLLED', 'T2MIS');
INSERT INTO tti_report (id, created_date, updated_date, created_by, updated_by, target, output, rate, tti_type, egac_type, report_source_type) VALUES (8, now(), now(), 'SYSTEM', 'SYSTEM', 480, 458, 95.00, 'PTC_NORTHERN_SAMAR', 'ENROLLED', 'T2MIS');
INSERT INTO tti_report (id, created_date, updated_date, created_by, updated_by, target, output, rate, tti_type, egac_type, report_source_type) VALUES (9, now(), now(), 'SYSTEM', 'SYSTEM', 994, 719, 72.00, 'RTC', 'ENROLLED', 'T2MIS');
INSERT INTO tti_report (id, created_date, updated_date, created_by, updated_by, target, output, rate, tti_type, egac_type, report_source_type) VALUES (10, now(), now(), 'SYSTEM', 'SYSTEM', 0, 0, 0.00, 'PTC_LEYTE', 'ENROLLED', 'T2MIS');
INSERT INTO tti_report (id, created_date, updated_date, created_by, updated_by, target, output, rate, tti_type, egac_type, report_source_type) VALUES (11, now(), now(), 'SYSTEM', 'SYSTEM', 0, 0, 0.00, 'PTC_SOUTHERN_LEYTE', 'ENROLLED', 'T2MIS');
INSERT INTO tti_report (id, created_date, updated_date, created_by, updated_by, target, output, rate, tti_type, egac_type, report_source_type) VALUES (12, now(), now(), 'SYSTEM', 'SYSTEM', 0, 0, 0.00, 'PTC_BILIRAN', 'ENROLLED', 'T2MIS');
INSERT INTO tti_report (id, created_date, updated_date, created_by, updated_by, target, output, rate, tti_type, egac_type, report_source_type) VALUES (13, now(), now(), 'SYSTEM', 'SYSTEM', 0, 0, 0.00, 'PTC_SAMAR', 'ENROLLED', 'T2MIS');
INSERT INTO tti_report (id, created_date, updated_date, created_by, updated_by, target, output, rate, tti_type, egac_type, report_source_type) VALUES (14, now(), now(), 'SYSTEM', 'SYSTEM', 0, 0, 0.00, 'PTC_EASTERN_SAMAR', 'ENROLLED', 'T2MIS');


INSERT INTO tti_report (id, created_date, updated_date, created_by, updated_by, target, output, rate, tti_type, egac_type, report_source_type) VALUES (15, now(), now(), 'SYSTEM', 'SYSTEM', 846, 645, 76.00, 'CNVS', 'GRADUATED', 'T2MIS');
INSERT INTO tti_report (id, created_date, updated_date, created_by, updated_by, target, output, rate, tti_type, egac_type, report_source_type) VALUES (16, now(), now(), 'SYSTEM', 'SYSTEM', 1141, 1794, 157.00, 'CNSAT', 'GRADUATED', 'T2MIS');
INSERT INTO tti_report (id, created_date, updated_date, created_by, updated_by, target, output, rate, tti_type, egac_type, report_source_type) VALUES (17, now(), now(), 'SYSTEM', 'SYSTEM', 1141, 1223, 107.00, 'ANAS', 'GRADUATED', 'T2MIS');
INSERT INTO tti_report (id, created_date, updated_date, created_by, updated_by, target, output, rate, tti_type, egac_type, report_source_type) VALUES (18, now(), now(), 'SYSTEM', 'SYSTEM', 547, 542, 99.00, 'BNAS', 'GRADUATED', 'T2MIS');
INSERT INTO tti_report (id, created_date, updated_date, created_by, updated_by, target, output, rate, tti_type, egac_type, report_source_type) VALUES (19, now(), now(), 'SYSTEM', 'SYSTEM', 1106, 1087, 98.00, 'SNSAT', 'GRADUATED', 'T2MIS');
INSERT INTO tti_report (id, created_date, updated_date, created_by, updated_by, target, output, rate, tti_type, egac_type, report_source_type) VALUES (20, now(), now(), 'SYSTEM', 'SYSTEM', 1271, 906, 71.00, 'BCAT', 'GRADUATED', 'T2MIS');
INSERT INTO tti_report (id, created_date, updated_date, created_by, updated_by, target, output, rate, tti_type, egac_type, report_source_type) VALUES (21, now(), now(), 'SYSTEM', 'SYSTEM', 868, 929, 107.00, 'LNAIS', 'GRADUATED', 'T2MIS');
INSERT INTO tti_report (id, created_date, updated_date, created_by, updated_by, target, output, rate, tti_type, egac_type, report_source_type) VALUES (22, now(), now(), 'SYSTEM', 'SYSTEM', 442, 437, 99.00, 'PTC_NORTHERN_SAMAR', 'GRADUATED', 'T2MIS');
INSERT INTO tti_report (id, created_date, updated_date, created_by, updated_by, target, output, rate, tti_type, egac_type, report_source_type) VALUES (23, now(), now(), 'SYSTEM', 'SYSTEM', 914, 703, 77.00, 'RTC', 'GRADUATED', 'T2MIS');
INSERT INTO tti_report (id, created_date, updated_date, created_by, updated_by, target, output, rate, tti_type, egac_type, report_source_type) VALUES (24, now(), now(), 'SYSTEM', 'SYSTEM', 0, 0, 0.00, 'PTC_LEYTE', 'GRADUATED', 'T2MIS');
INSERT INTO tti_report (id, created_date, updated_date, created_by, updated_by, target, output, rate, tti_type, egac_type, report_source_type) VALUES (25, now(), now(), 'SYSTEM', 'SYSTEM', 0, 0, 0.00, 'PTC_SOUTHERN_LEYTE', 'GRADUATED', 'T2MIS');
INSERT INTO tti_report (id, created_date, updated_date, created_by, updated_by, target, output, rate, tti_type, egac_type, report_source_type) VALUES (26, now(), now(), 'SYSTEM', 'SYSTEM', 0, 0, 0.00, 'PTC_BILIRAN', 'GRADUATED', 'T2MIS');
INSERT INTO tti_report (id, created_date, updated_date, created_by, updated_by, target, output, rate, tti_type, egac_type, report_source_type) VALUES (27, now(), now(), 'SYSTEM', 'SYSTEM', 0, 0, 0.00, 'PTC_SAMAR', 'GRADUATED', 'T2MIS');
INSERT INTO tti_report (id, created_date, updated_date, created_by, updated_by, target, output, rate, tti_type, egac_type, report_source_type) VALUES (28, now(), now(), 'SYSTEM', 'SYSTEM', 0, 0, 0.00, 'PTC_EASTERN_SAMAR', 'GRADUATED', 'T2MIS');

INSERT INTO tti_report (id, created_date, updated_date, created_by, updated_by, target, output, rate, tti_type, egac_type, report_source_type) VALUES (29, now(), now(), 'SYSTEM', 'SYSTEM', 920, 662, 72.00, 'CNVS', 'ASSESSED', 'T2MIS');
INSERT INTO tti_report (id, created_date, updated_date, created_by, updated_by, target, output, rate, tti_type, egac_type, report_source_type) VALUES (30, now(), now(), 'SYSTEM', 'SYSTEM', 1240, 1800, 145.00, 'CNSAT', 'ASSESSED', 'T2MIS');
INSERT INTO tti_report (id, created_date, updated_date, created_by, updated_by, target, output, rate, tti_type, egac_type, report_source_type) VALUES (31, now(), now(), 'SYSTEM', 'SYSTEM', 1240, 1237, 100.00, 'ANAS', 'ASSESSED', 'T2MIS');
INSERT INTO tti_report (id, created_date, updated_date, created_by, updated_by, target, output, rate, tti_type, egac_type, report_source_type) VALUES (32, now(), now(), 'SYSTEM', 'SYSTEM', 595, 548, 92.00, 'BNAS', 'ASSESSED', 'T2MIS');
INSERT INTO tti_report (id, created_date, updated_date, created_by, updated_by, target, output, rate, tti_type, egac_type, report_source_type) VALUES (33, now(), now(), 'SYSTEM', 'SYSTEM', 1202, 1150, 96.00, 'SNSAT', 'ASSESSED', 'T2MIS');
INSERT INTO tti_report (id, created_date, updated_date, created_by, updated_by, target, output, rate, tti_type, egac_type, report_source_type) VALUES (34, now(), now(), 'SYSTEM', 'SYSTEM', 1381, 915, 66.00, 'BCAT', 'ASSESSED', 'T2MIS');
INSERT INTO tti_report (id, created_date, updated_date, created_by, updated_by, target, output, rate, tti_type, egac_type, report_source_type) VALUES (35, now(), now(), 'SYSTEM', 'SYSTEM', 943, 963, 102.00, 'LNAIS', 'ASSESSED', 'T2MIS');
INSERT INTO tti_report (id, created_date, updated_date, created_by, updated_by, target, output, rate, tti_type, egac_type, report_source_type) VALUES (36, now(), now(), 'SYSTEM', 'SYSTEM', 480, 458, 95.00, 'PTC_NORTHERN_SAMAR', 'ASSESSED', 'T2MIS');
INSERT INTO tti_report (id, created_date, updated_date, created_by, updated_by, target, output, rate, tti_type, egac_type, report_source_type) VALUES (37, now(), now(), 'SYSTEM', 'SYSTEM', 994, 719, 72.00, 'RTC', 'ASSESSED', 'T2MIS');
INSERT INTO tti_report (id, created_date, updated_date, created_by, updated_by, target, output, rate, tti_type, egac_type, report_source_type) VALUES (38, now(), now(), 'SYSTEM', 'SYSTEM', 0, 0, 0.00, 'PTC_LEYTE', 'ASSESSED', 'T2MIS');
INSERT INTO tti_report (id, created_date, updated_date, created_by, updated_by, target, output, rate, tti_type, egac_type, report_source_type) VALUES (39, now(), now(), 'SYSTEM', 'SYSTEM', 0, 0, 0.00, 'PTC_SOUTHERN_LEYTE', 'ASSESSED', 'T2MIS');
INSERT INTO tti_report (id, created_date, updated_date, created_by, updated_by, target, output, rate, tti_type, egac_type, report_source_type) VALUES (40, now(), now(), 'SYSTEM', 'SYSTEM', 0, 0, 0.00, 'PTC_BILIRAN', 'ASSESSED', 'T2MIS');
INSERT INTO tti_report (id, created_date, updated_date, created_by, updated_by, target, output, rate, tti_type, egac_type, report_source_type) VALUES (41, now(), now(), 'SYSTEM', 'SYSTEM', 0, 0, 0.00, 'PTC_SAMAR', 'ASSESSED', 'T2MIS');
INSERT INTO tti_report (id, created_date, updated_date, created_by, updated_by, target, output, rate, tti_type, egac_type, report_source_type) VALUES (42, now(), now(), 'SYSTEM', 'SYSTEM', 0, 0, 0.00, 'PTC_EASTERN_SAMAR', 'ASSESSED', 'T2MIS');

INSERT INTO tti_report (id, created_date, updated_date, created_by, updated_by, target, output, rate, tti_type, egac_type, report_source_type) VALUES (43, now(), now(), 'SYSTEM', 'SYSTEM', 846, 645, 76.00, 'CNVS', 'CERTIFIED', 'T2MIS');
INSERT INTO tti_report (id, created_date, updated_date, created_by, updated_by, target, output, rate, tti_type, egac_type, report_source_type) VALUES (44, now(), now(), 'SYSTEM', 'SYSTEM', 1141, 1794, 157.00, 'CNSAT', 'CERTIFIED', 'T2MIS');
INSERT INTO tti_report (id, created_date, updated_date, created_by, updated_by, target, output, rate, tti_type, egac_type, report_source_type) VALUES (45, now(), now(), 'SYSTEM', 'SYSTEM', 1141, 1223, 107.00, 'ANAS', 'CERTIFIED', 'T2MIS');
INSERT INTO tti_report (id, created_date, updated_date, created_by, updated_by, target, output, rate, tti_type, egac_type, report_source_type) VALUES (46, now(), now(), 'SYSTEM', 'SYSTEM', 547, 542, 99.00, 'BNAS', 'CERTIFIED', 'T2MIS');
INSERT INTO tti_report (id, created_date, updated_date, created_by, updated_by, target, output, rate, tti_type, egac_type, report_source_type) VALUES (47, now(), now(), 'SYSTEM', 'SYSTEM', 1106, 1087, 98.00, 'SNSAT', 'CERTIFIED', 'T2MIS');
INSERT INTO tti_report (id, created_date, updated_date, created_by, updated_by, target, output, rate, tti_type, egac_type, report_source_type) VALUES (48, now(), now(), 'SYSTEM', 'SYSTEM', 1271, 906, 71.00, 'BCAT', 'CERTIFIED', 'T2MIS');
INSERT INTO tti_report (id, created_date, updated_date, created_by, updated_by, target, output, rate, tti_type, egac_type, report_source_type) VALUES (49, now(), now(), 'SYSTEM', 'SYSTEM', 868, 929, 107.00, 'LNAIS', 'CERTIFIED', 'T2MIS');
INSERT INTO tti_report (id, created_date, updated_date, created_by, updated_by, target, output, rate, tti_type, egac_type, report_source_type) VALUES (50, now(), now(), 'SYSTEM', 'SYSTEM', 442, 437, 99.00, 'PTC_NORTHERN_SAMAR', 'CERTIFIED', 'T2MIS');
INSERT INTO tti_report (id, created_date, updated_date, created_by, updated_by, target, output, rate, tti_type, egac_type, report_source_type) VALUES (51, now(), now(), 'SYSTEM', 'SYSTEM', 914, 703, 77.00, 'RTC', 'CERTIFIED', 'T2MIS');
INSERT INTO tti_report (id, created_date, updated_date, created_by, updated_by, target, output, rate, tti_type, egac_type, report_source_type) VALUES (52, now(), now(), 'SYSTEM', 'SYSTEM', 0, 0, 0.00, 'PTC_LEYTE', 'CERTIFIED', 'T2MIS');
INSERT INTO tti_report (id, created_date, updated_date, created_by, updated_by, target, output, rate, tti_type, egac_type, report_source_type) VALUES (53, now(), now(), 'SYSTEM', 'SYSTEM', 0, 0, 0.00, 'PTC_SOUTHERN_LEYTE', 'CERTIFIED', 'T2MIS');
INSERT INTO tti_report (id, created_date, updated_date, created_by, updated_by, target, output, rate, tti_type, egac_type, report_source_type) VALUES (54, now(), now(), 'SYSTEM', 'SYSTEM', 0, 0, 0.00, 'PTC_BILIRAN', 'CERTIFIED', 'T2MIS');
INSERT INTO tti_report (id, created_date, updated_date, created_by, updated_by, target, output, rate, tti_type, egac_type, report_source_type) VALUES (55, now(), now(), 'SYSTEM', 'SYSTEM', 0, 0, 0.00, 'PTC_SAMAR', 'CERTIFIED', 'T2MIS');
INSERT INTO tti_report (id, created_date, updated_date, created_by, updated_by, target, output, rate, tti_type, egac_type, report_source_type) VALUES (56, now(), now(), 'SYSTEM', 'SYSTEM', 0, 0, 0.00, 'PTC_EASTERN_SAMAR', 'CERTIFIED', 'T2MIS');

/* Initial Data for RO Per Mode Report GS */

INSERT INTO ro_per_mode_report (id, created_date, updated_date, created_by, updated_by, target, output, rate, delivery_mode, egac_type, report_source_type) VALUES (1, now(), now(), 'SYSTEM', 'SYSTEM', 21590, 10156, 47.00, 'INSTITUTION', 'ENROLLED', 'GS');
INSERT INTO ro_per_mode_report (id, created_date, updated_date, created_by, updated_by, target, output, rate, delivery_mode, egac_type, report_source_type) VALUES (2, now(), now(), 'SYSTEM', 'SYSTEM', 545, 1077, 198.00, 'ENTERPRISE', 'ENROLLED', 'GS');
INSERT INTO ro_per_mode_report (id, created_date, updated_date, created_by, updated_by, target, output, rate, delivery_mode, egac_type, report_source_type) VALUES (3, now(), now(), 'SYSTEM', 'SYSTEM', 33520, 13458, 40.00, 'COMMUNITY', 'ENROLLED', 'GS');

INSERT INTO ro_per_mode_report (id, created_date, updated_date, created_by, updated_by, target, output, rate, delivery_mode, egac_type, report_source_type) VALUES (4, now(), now(), 'SYSTEM', 'SYSTEM', 19431, 12290, 63.00, 'INSTITUTION', 'GRADUATED', 'GS');
INSERT INTO ro_per_mode_report (id, created_date, updated_date, created_by, updated_by, target, output, rate, delivery_mode, egac_type, report_source_type) VALUES (5, now(), now(), 'SYSTEM', 'SYSTEM', 490, 625, 128.00, 'ENTERPRISE', 'GRADUATED', 'GS');
INSERT INTO ro_per_mode_report (id, created_date, updated_date, created_by, updated_by, target, output, rate, delivery_mode, egac_type, report_source_type) VALUES (6, now(), now(), 'SYSTEM', 'SYSTEM', 30168, 14836, 49.00, 'COMMUNITY', 'GRADUATED', 'GS');

INSERT INTO ro_per_mode_report (id, created_date, updated_date, created_by, updated_by, target, output, rate, delivery_mode, egac_type, report_source_type) VALUES (7, now(), now(), 'SYSTEM', 'SYSTEM', 21590, 10156, 47.00, 'INSTITUTION', 'ENROLLED', 'T2MIS');
INSERT INTO ro_per_mode_report (id, created_date, updated_date, created_by, updated_by, target, output, rate, delivery_mode, egac_type, report_source_type) VALUES (8, now(), now(), 'SYSTEM', 'SYSTEM', 545, 156, 29.00, 'ENTERPRISE', 'ENROLLED', 'T2MIS');
INSERT INTO ro_per_mode_report (id, created_date, updated_date, created_by, updated_by, target, output, rate, delivery_mode, egac_type, report_source_type) VALUES (9, now(), now(), 'SYSTEM', 'SYSTEM', 33520, 13476, 40.00, 'COMMUNITY', 'ENROLLED', 'T2MIS');

INSERT INTO ro_per_mode_report (id, created_date, updated_date, created_by, updated_by, target, output, rate, delivery_mode, egac_type, report_source_type) VALUES (10, now(), now(), 'SYSTEM', 'SYSTEM', 19431, 12290, 63.00, 'INSTITUTION', 'GRADUATED', 'T2MIS');
INSERT INTO ro_per_mode_report (id, created_date, updated_date, created_by, updated_by, target, output, rate, delivery_mode, egac_type, report_source_type) VALUES (11, now(), now(), 'SYSTEM', 'SYSTEM', 490, 304, 62.00, 'ENTERPRISE', 'GRADUATED', 'T2MIS');
INSERT INTO ro_per_mode_report (id, created_date, updated_date, created_by, updated_by, target, output, rate, delivery_mode, egac_type, report_source_type) VALUES (12, now(), now(), 'SYSTEM', 'SYSTEM', 30168, 14836, 49.00, 'COMMUNITY', 'GRADUATED', 'T2MIS');

/* initial daily report info */
INSERT INTO daily_report_info (id, updated_by, updated_date) VALUES (1, 'SYSTEM', now());

/* operating units */

INSERT INTO operating_unit(id, created_date, updated_date, created_by, updated_by, operating_unit_type) VALUES (1, now(), now(), 'SYSTEM', 'SYSTEM', 'LEYTE');
INSERT INTO operating_unit(id, created_date, updated_date, created_by, updated_by, operating_unit_type) VALUES (2, now(), now(), 'SYSTEM', 'SYSTEM', 'SOUTHERN_LEYTE');
INSERT INTO operating_unit(id, created_date, updated_date, created_by, updated_by, operating_unit_type) VALUES (3, now(), now(), 'SYSTEM', 'SYSTEM', 'BILIRAN');
INSERT INTO operating_unit(id, created_date, updated_date, created_by, updated_by, operating_unit_type) VALUES (4, now(), now(), 'SYSTEM', 'SYSTEM', 'SAMAR');
INSERT INTO operating_unit(id, created_date, updated_date, created_by, updated_by, operating_unit_type) VALUES (5, now(), now(), 'SYSTEM', 'SYSTEM', 'EASTERN_SAMAR');
INSERT INTO operating_unit(id, created_date, updated_date, created_by, updated_by, operating_unit_type) VALUES (6, now(), now(), 'SYSTEM', 'SYSTEM', 'NORTHERN_SAMAR');
INSERT INTO operating_unit(id, created_date, updated_date, created_by, updated_by, operating_unit_type) VALUES (7, now(), now(), 'SYSTEM', 'SYSTEM', 'TOTAL');


/* monthly report leyte */

INSERT INTO monthly_report (id, created_date, updated_date, created_by, updated_by, target, output, rate, egac_type, month, year, operating_unit_id) VALUES (nextval('hibernate_sequence'), now(), now(), 'SYSTEM', 'SYSTEM', 49362, 7531, 15.00, 'ENROLLED', 'JANUARY', 2020, 1);
INSERT INTO monthly_report (id, created_date, updated_date, created_by, updated_by, target, output, rate, egac_type, month, year, operating_unit_id) VALUES (nextval('hibernate_sequence'), now(), now(), 'SYSTEM', 'SYSTEM', 49362, 5539, 11.00, 'ENROLLED', 'FEBRUARY', 2020, 1);
INSERT INTO monthly_report (id, created_date, updated_date, created_by, updated_by, target, output, rate, egac_type, month, year, operating_unit_id) VALUES (nextval('hibernate_sequence'), now(), now(), 'SYSTEM', 'SYSTEM', 49362, 5539, 11.00, 'ENROLLED', 'MARCH', 2020, 1);
INSERT INTO monthly_report (id, created_date, updated_date, created_by, updated_by, target, output, rate, egac_type, month, year, operating_unit_id) VALUES (nextval('hibernate_sequence'), now(), now(), 'SYSTEM', 'SYSTEM', 49362, 5744, 12.00, 'ENROLLED', 'APRIL', 2020, 1);
INSERT INTO monthly_report (id, created_date, updated_date, created_by, updated_by, target, output, rate, egac_type, month, year, operating_unit_id) VALUES (nextval('hibernate_sequence'), now(), now(), 'SYSTEM', 'SYSTEM', 24681, 5539, 22.00, 'ENROLLED', 'MAY', 2020, 1);
INSERT INTO monthly_report (id, created_date, updated_date, created_by, updated_by, target, output, rate, egac_type, month, year, operating_unit_id) VALUES (nextval('hibernate_sequence'), now(), now(), 'SYSTEM', 'SYSTEM', 27549, 8485, 31.00, 'ENROLLED', 'JUNE', 2020, 1);
INSERT INTO monthly_report (id, created_date, updated_date, created_by, updated_by, target, output, rate, egac_type, month, year, operating_unit_id) VALUES (nextval('hibernate_sequence'), now(), now(), 'SYSTEM', 'SYSTEM', 27549, 8590, 31.00, 'ENROLLED', 'JULY', 2020, 1);
INSERT INTO monthly_report (id, created_date, updated_date, created_by, updated_by, target, output, rate, egac_type, month, year, operating_unit_id) VALUES (nextval('hibernate_sequence'), now(), now(), 'SYSTEM', 'SYSTEM', 27549, 8987, 33.00, 'ENROLLED', 'AUGUST', 2020, 1);
INSERT INTO monthly_report (id, created_date, updated_date, created_by, updated_by, target, output, rate, egac_type, month, year, operating_unit_id) VALUES (nextval('hibernate_sequence'), now(), now(), 'SYSTEM', 'SYSTEM', 27549, 11821, 43.00, 'ENROLLED', 'SEPTEMBER', 2020, 1);

INSERT INTO monthly_report (id, created_date, updated_date, created_by, updated_by, target, output, rate, egac_type, month, year, operating_unit_id) VALUES (nextval('hibernate_sequence'), now(), now(), 'SYSTEM', 'SYSTEM', 44426, 4167, 9.00, 'GRADUATED', 'JANUARY', 2020, 1);
INSERT INTO monthly_report (id, created_date, updated_date, created_by, updated_by, target, output, rate, egac_type, month, year, operating_unit_id) VALUES (nextval('hibernate_sequence'), now(), now(), 'SYSTEM', 'SYSTEM', 44426, 6823, 15.00, 'GRADUATED', 'FEBRUARY', 2020, 1);
INSERT INTO monthly_report (id, created_date, updated_date, created_by, updated_by, target, output, rate, egac_type, month, year, operating_unit_id) VALUES (nextval('hibernate_sequence'), now(), now(), 'SYSTEM', 'SYSTEM', 44426, 6823, 15.00, 'GRADUATED', 'MARCH', 2020, 1);
INSERT INTO monthly_report (id, created_date, updated_date, created_by, updated_by, target, output, rate, egac_type, month, year, operating_unit_id) VALUES (nextval('hibernate_sequence'), now(), now(), 'SYSTEM', 'SYSTEM', 44426, 9730, 22.00, 'GRADUATED', 'APRIL', 2020, 1);
INSERT INTO monthly_report (id, created_date, updated_date, created_by, updated_by, target, output, rate, egac_type, month, year, operating_unit_id) VALUES (nextval('hibernate_sequence'), now(), now(), 'SYSTEM', 'SYSTEM', 22213, 6823, 31.00, 'GRADUATED', 'MAY', 2020, 1);
INSERT INTO monthly_report (id, created_date, updated_date, created_by, updated_by, target, output, rate, egac_type, month, year, operating_unit_id) VALUES (nextval('hibernate_sequence'), now(), now(), 'SYSTEM', 'SYSTEM', 24794, 13352, 54.00, 'GRADUATED', 'JUNE', 2020, 1);
INSERT INTO monthly_report (id, created_date, updated_date, created_by, updated_by, target, output, rate, egac_type, month, year, operating_unit_id) VALUES (nextval('hibernate_sequence'), now(), now(), 'SYSTEM', 'SYSTEM', 24794, 13487, 54.00, 'GRADUATED', 'JULY', 2020, 1);
INSERT INTO monthly_report (id, created_date, updated_date, created_by, updated_by, target, output, rate, egac_type, month, year, operating_unit_id) VALUES (nextval('hibernate_sequence'), now(), now(), 'SYSTEM', 'SYSTEM', 24794, 13522, 55.00, 'GRADUATED', 'AUGUST', 2020, 1);
INSERT INTO monthly_report (id, created_date, updated_date, created_by, updated_by, target, output, rate, egac_type, month, year, operating_unit_id) VALUES (nextval('hibernate_sequence'), now(), now(), 'SYSTEM', 'SYSTEM', 24794, 13800, 56.00, 'GRADUATED', 'SEPTEMBER', 2020, 1);

INSERT INTO monthly_report (id, created_date, updated_date, created_by, updated_by, target, output, rate, egac_type, month, year, operating_unit_id) VALUES (nextval('hibernate_sequence'), now(), now(), 'SYSTEM', 'SYSTEM', 27163, 2372, 9.00, 'ASSESSED', 'JANUARY', 2020, 1);
INSERT INTO monthly_report (id, created_date, updated_date, created_by, updated_by, target, output, rate, egac_type, month, year, operating_unit_id) VALUES (nextval('hibernate_sequence'), now(), now(), 'SYSTEM', 'SYSTEM', 27163, 8937, 33.00, 'ASSESSED', 'FEBRUARY', 2020, 1);
INSERT INTO monthly_report (id, created_date, updated_date, created_by, updated_by, target, output, rate, egac_type, month, year, operating_unit_id) VALUES (nextval('hibernate_sequence'), now(), now(), 'SYSTEM', 'SYSTEM', 27163, 8937, 33.00, 'ASSESSED', 'MARCH', 2020, 1);
INSERT INTO monthly_report (id, created_date, updated_date, created_by, updated_by, target, output, rate, egac_type, month, year, operating_unit_id) VALUES (nextval('hibernate_sequence'), now(), now(), 'SYSTEM', 'SYSTEM', 27163, 9005, 33.00, 'ASSESSED', 'APRIL', 2020, 1);
INSERT INTO monthly_report (id, created_date, updated_date, created_by, updated_by, target, output, rate, egac_type, month, year, operating_unit_id) VALUES (nextval('hibernate_sequence'), now(), now(), 'SYSTEM', 'SYSTEM', 10180, 9005, 88.00, 'ASSESSED', 'MAY', 2020, 1);
INSERT INTO monthly_report (id, created_date, updated_date, created_by, updated_by, target, output, rate, egac_type, month, year, operating_unit_id) VALUES (nextval('hibernate_sequence'), now(), now(), 'SYSTEM', 'SYSTEM', 10180, 9061, 89.00, 'ASSESSED', 'JUNE', 2020, 1);
INSERT INTO monthly_report (id, created_date, updated_date, created_by, updated_by, target, output, rate, egac_type, month, year, operating_unit_id) VALUES (nextval('hibernate_sequence'), now(), now(), 'SYSTEM', 'SYSTEM', 10180, 9116, 90.00, 'ASSESSED', 'JULY', 2020, 1);
INSERT INTO monthly_report (id, created_date, updated_date, created_by, updated_by, target, output, rate, egac_type, month, year, operating_unit_id) VALUES (nextval('hibernate_sequence'), now(), now(), 'SYSTEM', 'SYSTEM', 10180, 9286, 91.00, 'ASSESSED', 'AUGUST', 2020, 1);
INSERT INTO monthly_report (id, created_date, updated_date, created_by, updated_by, target, output, rate, egac_type, month, year, operating_unit_id) VALUES (nextval('hibernate_sequence'), now(), now(), 'SYSTEM', 'SYSTEM', 10180, 9733, 96.00, 'ASSESSED', 'SEPTEMBER', 2020, 1);

INSERT INTO monthly_report (id, created_date, updated_date, created_by, updated_by, target, output, rate, egac_type, month, year, operating_unit_id) VALUES (nextval('hibernate_sequence'), now(), now(), 'SYSTEM', 'SYSTEM', 24990, 2284, 9.00, 'CERTIFIED', 'JANUARY', 2020, 1);
INSERT INTO monthly_report (id, created_date, updated_date, created_by, updated_by, target, output, rate, egac_type, month, year, operating_unit_id) VALUES (nextval('hibernate_sequence'), now(), now(), 'SYSTEM', 'SYSTEM', 24990, 8711, 35.00, 'CERTIFIED', 'FEBRUARY', 2020, 1);
INSERT INTO monthly_report (id, created_date, updated_date, created_by, updated_by, target, output, rate, egac_type, month, year, operating_unit_id) VALUES (nextval('hibernate_sequence'), now(), now(), 'SYSTEM', 'SYSTEM', 24990, 8711, 35.00, 'CERTIFIED', 'MARCH', 2020, 1);
INSERT INTO monthly_report (id, created_date, updated_date, created_by, updated_by, target, output, rate, egac_type, month, year, operating_unit_id) VALUES (nextval('hibernate_sequence'), now(), now(), 'SYSTEM', 'SYSTEM', 24990, 8779, 35.00, 'CERTIFIED', 'APRIL', 2020, 1);
INSERT INTO monthly_report (id, created_date, updated_date, created_by, updated_by, target, output, rate, egac_type, month, year, operating_unit_id) VALUES (nextval('hibernate_sequence'), now(), now(), 'SYSTEM', 'SYSTEM', 9366, 8779, 94.00, 'CERTIFIED', 'MAY', 2020, 1);
INSERT INTO monthly_report (id, created_date, updated_date, created_by, updated_by, target, output, rate, egac_type, month, year, operating_unit_id) VALUES (nextval('hibernate_sequence'), now(), now(), 'SYSTEM', 'SYSTEM', 9366, 8835, 94.00, 'CERTIFIED', 'JUNE', 2020, 1);
INSERT INTO monthly_report (id, created_date, updated_date, created_by, updated_by, target, output, rate, egac_type, month, year, operating_unit_id) VALUES (nextval('hibernate_sequence'), now(), now(), 'SYSTEM', 'SYSTEM', 9366, 8890, 95.00, 'CERTIFIED', 'JULY', 2020, 1);
INSERT INTO monthly_report (id, created_date, updated_date, created_by, updated_by, target, output, rate, egac_type, month, year, operating_unit_id) VALUES (nextval('hibernate_sequence'), now(), now(), 'SYSTEM', 'SYSTEM', 9366, 9060, 97.00, 'CERTIFIED', 'AUGUST', 2020, 1);
INSERT INTO monthly_report (id, created_date, updated_date, created_by, updated_by, target, output, rate, egac_type, month, year, operating_unit_id) VALUES (nextval('hibernate_sequence'), now(), now(), 'SYSTEM', 'SYSTEM', 9366, 9497, 101.00, 'CERTIFIED', 'SEPTEMBER', 2020, 1);


/* monthly report Southern Leyte */

INSERT INTO monthly_report (id, created_date, updated_date, created_by, updated_by, target, output, rate, egac_type, month, year, operating_unit_id) VALUES (nextval('hibernate_sequence'), now(), now(), 'SYSTEM', 'SYSTEM', 8268, 588, 3.00, 'ENROLLED', 'JANUARY', 2020, 2);
INSERT INTO monthly_report (id, created_date, updated_date, created_by, updated_by, target, output, rate, egac_type, month, year, operating_unit_id) VALUES (nextval('hibernate_sequence'), now(), now(), 'SYSTEM', 'SYSTEM', 8268, 230, 3.00, 'ENROLLED', 'FEBRUARY', 2020, 2);
INSERT INTO monthly_report (id, created_date, updated_date, created_by, updated_by, target, output, rate, egac_type, month, year, operating_unit_id) VALUES (nextval('hibernate_sequence'), now(), now(), 'SYSTEM', 'SYSTEM', 8268, 230, 3.00, 'ENROLLED', 'MARCH', 2020, 2);
INSERT INTO monthly_report (id, created_date, updated_date, created_by, updated_by, target, output, rate, egac_type, month, year, operating_unit_id) VALUES (nextval('hibernate_sequence'), now(), now(), 'SYSTEM', 'SYSTEM', 8268, 322, 4.00, 'ENROLLED', 'APRIL', 2020, 2);
INSERT INTO monthly_report (id, created_date, updated_date, created_by, updated_by, target, output, rate, egac_type, month, year, operating_unit_id) VALUES (nextval('hibernate_sequence'), now(), now(), 'SYSTEM', 'SYSTEM', 4134, 230, 6.00, 'ENROLLED', 'MAY', 2020, 2);
INSERT INTO monthly_report (id, created_date, updated_date, created_by, updated_by, target, output, rate, egac_type, month, year, operating_unit_id) VALUES (nextval('hibernate_sequence'), now(), now(), 'SYSTEM', 'SYSTEM', 2762, 561, 12.00, 'ENROLLED', 'JUNE', 2020, 2);
INSERT INTO monthly_report (id, created_date, updated_date, created_by, updated_by, target, output, rate, egac_type, month, year, operating_unit_id) VALUES (nextval('hibernate_sequence'), now(), now(), 'SYSTEM', 'SYSTEM', 2762, 731, 15.00, 'ENROLLED', 'JULY', 2020, 2);
INSERT INTO monthly_report (id, created_date, updated_date, created_by, updated_by, target, output, rate, egac_type, month, year, operating_unit_id) VALUES (nextval('hibernate_sequence'), now(), now(), 'SYSTEM', 'SYSTEM', 2762, 996, 21.00, 'ENROLLED', 'AUGUST', 2020, 2);
INSERT INTO monthly_report (id, created_date, updated_date, created_by, updated_by, target, output, rate, egac_type, month, year, operating_unit_id) VALUES (nextval('hibernate_sequence'), now(), now(), 'SYSTEM', 'SYSTEM', 2762, 2072, 43.00, 'ENROLLED', 'SEPTEMBER', 2020, 2);

INSERT INTO monthly_report (id, created_date, updated_date, created_by, updated_by, target, output, rate, egac_type, month, year, operating_unit_id) VALUES (nextval('hibernate_sequence'), now(), now(), 'SYSTEM', 'SYSTEM', 7441, 980, 13.00, 'GRADUATED', 'JANUARY', 2020, 2);
INSERT INTO monthly_report (id, created_date, updated_date, created_by, updated_by, target, output, rate, egac_type, month, year, operating_unit_id) VALUES (nextval('hibernate_sequence'), now(), now(), 'SYSTEM', 'SYSTEM', 7441, 727, 10.00, 'GRADUATED', 'FEBRUARY', 2020, 2);
INSERT INTO monthly_report (id, created_date, updated_date, created_by, updated_by, target, output, rate, egac_type, month, year, operating_unit_id) VALUES (nextval('hibernate_sequence'), now(), now(), 'SYSTEM', 'SYSTEM', 7441, 727, 10.00, 'GRADUATED', 'MARCH', 2020, 2);
INSERT INTO monthly_report (id, created_date, updated_date, created_by, updated_by, target, output, rate, egac_type, month, year, operating_unit_id) VALUES (nextval('hibernate_sequence'), now(), now(), 'SYSTEM', 'SYSTEM', 7441, 727, 13.00, 'GRADUATED', 'APRIL', 2020, 2);
INSERT INTO monthly_report (id, created_date, updated_date, created_by, updated_by, target, output, rate, egac_type, month, year, operating_unit_id) VALUES (nextval('hibernate_sequence'), now(), now(), 'SYSTEM', 'SYSTEM', 3721, 727, 20.00, 'GRADUATED', 'MAY', 2020, 2);
INSERT INTO monthly_report (id, created_date, updated_date, created_by, updated_by, target, output, rate, egac_type, month, year, operating_unit_id) VALUES (nextval('hibernate_sequence'), now(), now(), 'SYSTEM', 'SYSTEM', 4312, 1258, 29.00, 'GRADUATED', 'JUNE', 2020, 2);
INSERT INTO monthly_report (id, created_date, updated_date, created_by, updated_by, target, output, rate, egac_type, month, year, operating_unit_id) VALUES (nextval('hibernate_sequence'), now(), now(), 'SYSTEM', 'SYSTEM', 4312, 1423, 33.00, 'GRADUATED', 'JULY', 2020, 2);
INSERT INTO monthly_report (id, created_date, updated_date, created_by, updated_by, target, output, rate, egac_type, month, year, operating_unit_id) VALUES (nextval('hibernate_sequence'), now(), now(), 'SYSTEM', 'SYSTEM', 4312, 1524, 35.00, 'GRADUATED', 'AUGUST', 2020, 2);
INSERT INTO monthly_report (id, created_date, updated_date, created_by, updated_by, target, output, rate, egac_type, month, year, operating_unit_id) VALUES (nextval('hibernate_sequence'), now(), now(), 'SYSTEM', 'SYSTEM', 4312, 1993, 46.00, 'GRADUATED', 'SEPTEMBER', 2020, 2);

INSERT INTO monthly_report (id, created_date, updated_date, created_by, updated_by, target, output, rate, egac_type, month, year, operating_unit_id) VALUES (nextval('hibernate_sequence'), now(), now(), 'SYSTEM', 'SYSTEM', 5277, 237, 4.00, 'ASSESSED', 'JANUARY', 2020, 2);
INSERT INTO monthly_report (id, created_date, updated_date, created_by, updated_by, target, output, rate, egac_type, month, year, operating_unit_id) VALUES (nextval('hibernate_sequence'), now(), now(), 'SYSTEM', 'SYSTEM', 5277, 1129, 21.00, 'ASSESSED', 'FEBRUARY', 2020, 2);
INSERT INTO monthly_report (id, created_date, updated_date, created_by, updated_by, target, output, rate, egac_type, month, year, operating_unit_id) VALUES (nextval('hibernate_sequence'), now(), now(), 'SYSTEM', 'SYSTEM', 5277, 1129, 21.00, 'ASSESSED', 'MARCH', 2020, 2);
INSERT INTO monthly_report (id, created_date, updated_date, created_by, updated_by, target, output, rate, egac_type, month, year, operating_unit_id) VALUES (nextval('hibernate_sequence'), now(), now(), 'SYSTEM', 'SYSTEM', 5277, 1129, 21.00, 'ASSESSED', 'APRIL', 2020, 2);
INSERT INTO monthly_report (id, created_date, updated_date, created_by, updated_by, target, output, rate, egac_type, month, year, operating_unit_id) VALUES (nextval('hibernate_sequence'), now(), now(), 'SYSTEM', 'SYSTEM', 1978, 1129, 57.00, 'ASSESSED', 'MAY', 2020, 2);
INSERT INTO monthly_report (id, created_date, updated_date, created_by, updated_by, target, output, rate, egac_type, month, year, operating_unit_id) VALUES (nextval('hibernate_sequence'), now(), now(), 'SYSTEM', 'SYSTEM', 1978, 1129, 57.00, 'ASSESSED', 'JUNE', 2020, 2);
INSERT INTO monthly_report (id, created_date, updated_date, created_by, updated_by, target, output, rate, egac_type, month, year, operating_unit_id) VALUES (nextval('hibernate_sequence'), now(), now(), 'SYSTEM', 'SYSTEM', 1978, 1129, 57.00, 'ASSESSED', 'JULY', 2020, 2);
INSERT INTO monthly_report (id, created_date, updated_date, created_by, updated_by, target, output, rate, egac_type, month, year, operating_unit_id) VALUES (nextval('hibernate_sequence'), now(), now(), 'SYSTEM', 'SYSTEM', 1978, 1134, 57.00, 'ASSESSED', 'AUGUST', 2020, 2);
INSERT INTO monthly_report (id, created_date, updated_date, created_by, updated_by, target, output, rate, egac_type, month, year, operating_unit_id) VALUES (nextval('hibernate_sequence'), now(), now(), 'SYSTEM', 'SYSTEM', 1978, 1238, 63.00, 'ASSESSED', 'SEPTEMBER', 2020, 2);

INSERT INTO monthly_report (id, created_date, updated_date, created_by, updated_by, target, output, rate, egac_type, month, year, operating_unit_id) VALUES (nextval('hibernate_sequence'), now(), now(), 'SYSTEM', 'SYSTEM', 4855, 234, 5.00, 'CERTIFIED', 'JANUARY', 2020, 2);
INSERT INTO monthly_report (id, created_date, updated_date, created_by, updated_by, target, output, rate, egac_type, month, year, operating_unit_id) VALUES (nextval('hibernate_sequence'), now(), now(), 'SYSTEM', 'SYSTEM', 4855, 1123, 23.00, 'CERTIFIED', 'FEBRUARY', 2020, 2);
INSERT INTO monthly_report (id, created_date, updated_date, created_by, updated_by, target, output, rate, egac_type, month, year, operating_unit_id) VALUES (nextval('hibernate_sequence'), now(), now(), 'SYSTEM', 'SYSTEM', 4855, 1123, 23.00, 'CERTIFIED', 'MARCH', 2020, 2);
INSERT INTO monthly_report (id, created_date, updated_date, created_by, updated_by, target, output, rate, egac_type, month, year, operating_unit_id) VALUES (nextval('hibernate_sequence'), now(), now(), 'SYSTEM', 'SYSTEM', 4855, 1123, 23.00, 'CERTIFIED', 'APRIL', 2020, 2);
INSERT INTO monthly_report (id, created_date, updated_date, created_by, updated_by, target, output, rate, egac_type, month, year, operating_unit_id) VALUES (nextval('hibernate_sequence'), now(), now(), 'SYSTEM', 'SYSTEM', 1820, 1123, 62.00, 'CERTIFIED', 'MAY', 2020, 2);
INSERT INTO monthly_report (id, created_date, updated_date, created_by, updated_by, target, output, rate, egac_type, month, year, operating_unit_id) VALUES (nextval('hibernate_sequence'), now(), now(), 'SYSTEM', 'SYSTEM', 1820, 1123, 62.00, 'CERTIFIED', 'JUNE', 2020, 2);
INSERT INTO monthly_report (id, created_date, updated_date, created_by, updated_by, target, output, rate, egac_type, month, year, operating_unit_id) VALUES (nextval('hibernate_sequence'), now(), now(), 'SYSTEM', 'SYSTEM', 1820, 1123, 62.00, 'CERTIFIED', 'JULY', 2020, 2);
INSERT INTO monthly_report (id, created_date, updated_date, created_by, updated_by, target, output, rate, egac_type, month, year, operating_unit_id) VALUES (nextval('hibernate_sequence'), now(), now(), 'SYSTEM', 'SYSTEM', 1820, 1128, 62.00, 'CERTIFIED', 'AUGUST', 2020, 2);
INSERT INTO monthly_report (id, created_date, updated_date, created_by, updated_by, target, output, rate, egac_type, month, year, operating_unit_id) VALUES (nextval('hibernate_sequence'), now(), now(), 'SYSTEM', 'SYSTEM', 1820, 1232, 68.00, 'CERTIFIED', 'SEPTEMBER', 2020, 2);


/* monthly report Biliran */

INSERT INTO monthly_report (id, created_date, updated_date, created_by, updated_by, target, output, rate, egac_type, month, year, operating_unit_id) VALUES (nextval('hibernate_sequence'), now(), now(), 'SYSTEM', 'SYSTEM', 5296, 59, 1.00, 'ENROLLED', 'JANUARY', 2020, 3);
INSERT INTO monthly_report (id, created_date, updated_date, created_by, updated_by, target, output, rate, egac_type, month, year, operating_unit_id) VALUES (nextval('hibernate_sequence'), now(), now(), 'SYSTEM', 'SYSTEM', 5296, 74, 1.00, 'ENROLLED', 'FEBRUARY', 2020, 3);
INSERT INTO monthly_report (id, created_date, updated_date, created_by, updated_by, target, output, rate, egac_type, month, year, operating_unit_id) VALUES (nextval('hibernate_sequence'), now(), now(), 'SYSTEM', 'SYSTEM', 5296, 74, 1.00, 'ENROLLED', 'MARCH', 2020, 3);
INSERT INTO monthly_report (id, created_date, updated_date, created_by, updated_by, target, output, rate, egac_type, month, year, operating_unit_id) VALUES (nextval('hibernate_sequence'), now(), now(), 'SYSTEM', 'SYSTEM', 5296, 74, 1.00, 'ENROLLED', 'APRIL', 2020, 3);
INSERT INTO monthly_report (id, created_date, updated_date, created_by, updated_by, target, output, rate, egac_type, month, year, operating_unit_id) VALUES (nextval('hibernate_sequence'), now(), now(), 'SYSTEM', 'SYSTEM', 2648, 74, 3.00, 'ENROLLED', 'MAY', 2020, 3);
INSERT INTO monthly_report (id, created_date, updated_date, created_by, updated_by, target, output, rate, egac_type, month, year, operating_unit_id) VALUES (nextval('hibernate_sequence'), now(), now(), 'SYSTEM', 'SYSTEM', 2762, 74, 3.00, 'ENROLLED', 'JUNE', 2020, 3);
INSERT INTO monthly_report (id, created_date, updated_date, created_by, updated_by, target, output, rate, egac_type, month, year, operating_unit_id) VALUES (nextval('hibernate_sequence'), now(), now(), 'SYSTEM', 'SYSTEM', 2762, 102, 4.00, 'ENROLLED', 'JULY', 2020, 3);
INSERT INTO monthly_report (id, created_date, updated_date, created_by, updated_by, target, output, rate, egac_type, month, year, operating_unit_id) VALUES (nextval('hibernate_sequence'), now(), now(), 'SYSTEM', 'SYSTEM', 2762, 270, 10.00, 'ENROLLED', 'AUGUST', 2020, 3);
INSERT INTO monthly_report (id, created_date, updated_date, created_by, updated_by, target, output, rate, egac_type, month, year, operating_unit_id) VALUES (nextval('hibernate_sequence'), now(), now(), 'SYSTEM', 'SYSTEM', 2762, 669, 24.00, 'ENROLLED', 'SEPTEMBER', 2020, 3);

INSERT INTO monthly_report (id, created_date, updated_date, created_by, updated_by, target, output, rate, egac_type, month, year, operating_unit_id) VALUES (nextval('hibernate_sequence'), now(), now(), 'SYSTEM', 'SYSTEM', 4766, 599, 13.00, 'GRADUATED', 'JANUARY', 2020, 3);
INSERT INTO monthly_report (id, created_date, updated_date, created_by, updated_by, target, output, rate, egac_type, month, year, operating_unit_id) VALUES (nextval('hibernate_sequence'), now(), now(), 'SYSTEM', 'SYSTEM', 4766, 980, 21.00, 'GRADUATED', 'FEBRUARY', 2020, 3);
INSERT INTO monthly_report (id, created_date, updated_date, created_by, updated_by, target, output, rate, egac_type, month, year, operating_unit_id) VALUES (nextval('hibernate_sequence'), now(), now(), 'SYSTEM', 'SYSTEM', 4766, 980, 21.00, 'GRADUATED', 'MARCH', 2020, 3);
INSERT INTO monthly_report (id, created_date, updated_date, created_by, updated_by, target, output, rate, egac_type, month, year, operating_unit_id) VALUES (nextval('hibernate_sequence'), now(), now(), 'SYSTEM', 'SYSTEM', 4766, 1059, 22.00, 'GRADUATED', 'APRIL', 2020, 3);
INSERT INTO monthly_report (id, created_date, updated_date, created_by, updated_by, target, output, rate, egac_type, month, year, operating_unit_id) VALUES (nextval('hibernate_sequence'), now(), now(), 'SYSTEM', 'SYSTEM', 2383, 980, 41.00, 'GRADUATED', 'MAY', 2020, 3);
INSERT INTO monthly_report (id, created_date, updated_date, created_by, updated_by, target, output, rate, egac_type, month, year, operating_unit_id) VALUES (nextval('hibernate_sequence'), now(), now(), 'SYSTEM', 'SYSTEM', 2486, 1058, 43.00, 'GRADUATED', 'JUNE', 2020, 3);
INSERT INTO monthly_report (id, created_date, updated_date, created_by, updated_by, target, output, rate, egac_type, month, year, operating_unit_id) VALUES (nextval('hibernate_sequence'), now(), now(), 'SYSTEM', 'SYSTEM', 2486, 1086, 44.00, 'GRADUATED', 'JULY', 2020, 3);
INSERT INTO monthly_report (id, created_date, updated_date, created_by, updated_by, target, output, rate, egac_type, month, year, operating_unit_id) VALUES (nextval('hibernate_sequence'), now(), now(), 'SYSTEM', 'SYSTEM', 2486, 1409, 57.00, 'GRADUATED', 'AUGUST', 2020, 3);
INSERT INTO monthly_report (id, created_date, updated_date, created_by, updated_by, target, output, rate, egac_type, month, year, operating_unit_id) VALUES (nextval('hibernate_sequence'), now(), now(), 'SYSTEM', 'SYSTEM', 2486, 1515, 61.00, 'GRADUATED', 'SEPTEMBER', 2020, 3);

INSERT INTO monthly_report (id, created_date, updated_date, created_by, updated_by, target, output, rate, egac_type, month, year, operating_unit_id) VALUES (nextval('hibernate_sequence'), now(), now(), 'SYSTEM', 'SYSTEM', 4117, 372, 9.00, 'ASSESSED', 'JANUARY', 2020, 3);
INSERT INTO monthly_report (id, created_date, updated_date, created_by, updated_by, target, output, rate, egac_type, month, year, operating_unit_id) VALUES (nextval('hibernate_sequence'), now(), now(), 'SYSTEM', 'SYSTEM', 4117, 1124, 27.00, 'ASSESSED', 'FEBRUARY', 2020, 3);
INSERT INTO monthly_report (id, created_date, updated_date, created_by, updated_by, target, output, rate, egac_type, month, year, operating_unit_id) VALUES (nextval('hibernate_sequence'), now(), now(), 'SYSTEM', 'SYSTEM', 4117, 1124, 27.00, 'ASSESSED', 'MARCH', 2020, 3);
INSERT INTO monthly_report (id, created_date, updated_date, created_by, updated_by, target, output, rate, egac_type, month, year, operating_unit_id) VALUES (nextval('hibernate_sequence'), now(), now(), 'SYSTEM', 'SYSTEM', 4117, 1124, 27.00, 'ASSESSED', 'APRIL', 2020, 3);
INSERT INTO monthly_report (id, created_date, updated_date, created_by, updated_by, target, output, rate, egac_type, month, year, operating_unit_id) VALUES (nextval('hibernate_sequence'), now(), now(), 'SYSTEM', 'SYSTEM', 1543, 1124, 73.00, 'ASSESSED', 'MAY', 2020, 3);
INSERT INTO monthly_report (id, created_date, updated_date, created_by, updated_by, target, output, rate, egac_type, month, year, operating_unit_id) VALUES (nextval('hibernate_sequence'), now(), now(), 'SYSTEM', 'SYSTEM', 1543, 1124, 73.00, 'ASSESSED', 'JUNE', 2020, 3);
INSERT INTO monthly_report (id, created_date, updated_date, created_by, updated_by, target, output, rate, egac_type, month, year, operating_unit_id) VALUES (nextval('hibernate_sequence'), now(), now(), 'SYSTEM', 'SYSTEM', 1543, 1153, 75.00, 'ASSESSED', 'JULY', 2020, 3);
INSERT INTO monthly_report (id, created_date, updated_date, created_by, updated_by, target, output, rate, egac_type, month, year, operating_unit_id) VALUES (nextval('hibernate_sequence'), now(), now(), 'SYSTEM', 'SYSTEM', 1543, 1220, 79.00, 'ASSESSED', 'AUGUST', 2020, 3);
INSERT INTO monthly_report (id, created_date, updated_date, created_by, updated_by, target, output, rate, egac_type, month, year, operating_unit_id) VALUES (nextval('hibernate_sequence'), now(), now(), 'SYSTEM', 'SYSTEM', 1543, 1378, 89.00, 'ASSESSED', 'SEPTEMBER', 2020, 3);

INSERT INTO monthly_report (id, created_date, updated_date, created_by, updated_by, target, output, rate, egac_type, month, year, operating_unit_id) VALUES (nextval('hibernate_sequence'), now(), now(), 'SYSTEM', 'SYSTEM', 3788, 372, 9.00, 'CERTIFIED', 'JANUARY', 2020, 3);
INSERT INTO monthly_report (id, created_date, updated_date, created_by, updated_by, target, output, rate, egac_type, month, year, operating_unit_id) VALUES (nextval('hibernate_sequence'), now(), now(), 'SYSTEM', 'SYSTEM', 3788, 1119, 30.00, 'CERTIFIED', 'FEBRUARY', 2020, 3);
INSERT INTO monthly_report (id, created_date, updated_date, created_by, updated_by, target, output, rate, egac_type, month, year, operating_unit_id) VALUES (nextval('hibernate_sequence'), now(), now(), 'SYSTEM', 'SYSTEM', 3788, 1119, 30.00, 'CERTIFIED', 'MARCH', 2020, 3);
INSERT INTO monthly_report (id, created_date, updated_date, created_by, updated_by, target, output, rate, egac_type, month, year, operating_unit_id) VALUES (nextval('hibernate_sequence'), now(), now(), 'SYSTEM', 'SYSTEM', 3788, 1119, 30.00, 'CERTIFIED', 'APRIL', 2020, 3);
INSERT INTO monthly_report (id, created_date, updated_date, created_by, updated_by, target, output, rate, egac_type, month, year, operating_unit_id) VALUES (nextval('hibernate_sequence'), now(), now(), 'SYSTEM', 'SYSTEM', 1419, 1119, 79.00, 'CERTIFIED', 'MAY', 2020, 3);
INSERT INTO monthly_report (id, created_date, updated_date, created_by, updated_by, target, output, rate, egac_type, month, year, operating_unit_id) VALUES (nextval('hibernate_sequence'), now(), now(), 'SYSTEM', 'SYSTEM', 1419, 1119, 79.00, 'CERTIFIED', 'JUNE', 2020, 3);
INSERT INTO monthly_report (id, created_date, updated_date, created_by, updated_by, target, output, rate, egac_type, month, year, operating_unit_id) VALUES (nextval('hibernate_sequence'), now(), now(), 'SYSTEM', 'SYSTEM', 1419, 1148, 81.00, 'CERTIFIED', 'JULY', 2020, 3);
INSERT INTO monthly_report (id, created_date, updated_date, created_by, updated_by, target, output, rate, egac_type, month, year, operating_unit_id) VALUES (nextval('hibernate_sequence'), now(), now(), 'SYSTEM', 'SYSTEM', 1419, 1215, 86.00, 'CERTIFIED', 'AUGUST', 2020, 3);
INSERT INTO monthly_report (id, created_date, updated_date, created_by, updated_by, target, output, rate, egac_type, month, year, operating_unit_id) VALUES (nextval('hibernate_sequence'), now(), now(), 'SYSTEM', 'SYSTEM', 1419, 1373, 97.00, 'CERTIFIED', 'SEPTEMBER', 2020, 3);


/* monthly report Samar */

INSERT INTO monthly_report (id, created_date, updated_date, created_by, updated_by, target, output, rate, egac_type, month, year, operating_unit_id) VALUES (nextval('hibernate_sequence'), now(), now(), 'SYSTEM', 'SYSTEM', 15454, 640, 4.00, 'ENROLLED', 'JANUARY', 2020, 4);
INSERT INTO monthly_report (id, created_date, updated_date, created_by, updated_by, target, output, rate, egac_type, month, year, operating_unit_id) VALUES (nextval('hibernate_sequence'), now(), now(), 'SYSTEM', 'SYSTEM', 15454, 969, 6.00, 'ENROLLED', 'FEBRUARY', 2020, 4);
INSERT INTO monthly_report (id, created_date, updated_date, created_by, updated_by, target, output, rate, egac_type, month, year, operating_unit_id) VALUES (nextval('hibernate_sequence'), now(), now(), 'SYSTEM', 'SYSTEM', 15454, 969, 6.00, 'ENROLLED', 'MARCH', 2020, 4);
INSERT INTO monthly_report (id, created_date, updated_date, created_by, updated_by, target, output, rate, egac_type, month, year, operating_unit_id) VALUES (nextval('hibernate_sequence'), now(), now(), 'SYSTEM', 'SYSTEM', 15454, 969, 6.00, 'ENROLLED', 'APRIL', 2020, 4);
INSERT INTO monthly_report (id, created_date, updated_date, created_by, updated_by, target, output, rate, egac_type, month, year, operating_unit_id) VALUES (nextval('hibernate_sequence'), now(), now(), 'SYSTEM', 'SYSTEM', 5727, 969, 17.00, 'ENROLLED', 'MAY', 2020, 4);
INSERT INTO monthly_report (id, created_date, updated_date, created_by, updated_by, target, output, rate, egac_type, month, year, operating_unit_id) VALUES (nextval('hibernate_sequence'), now(), now(), 'SYSTEM', 'SYSTEM', 6671, 969, 15.00, 'ENROLLED', 'JUNE', 2020, 4);
INSERT INTO monthly_report (id, created_date, updated_date, created_by, updated_by, target, output, rate, egac_type, month, year, operating_unit_id) VALUES (nextval('hibernate_sequence'), now(), now(), 'SYSTEM', 'SYSTEM', 6671, 995, 15.00, 'ENROLLED', 'JULY', 2020, 4);
INSERT INTO monthly_report (id, created_date, updated_date, created_by, updated_by, target, output, rate, egac_type, month, year, operating_unit_id) VALUES (nextval('hibernate_sequence'), now(), now(), 'SYSTEM', 'SYSTEM', 6671, 1073, 16.00, 'ENROLLED', 'AUGUST', 2020, 4);
INSERT INTO monthly_report (id, created_date, updated_date, created_by, updated_by, target, output, rate, egac_type, month, year, operating_unit_id) VALUES (nextval('hibernate_sequence'), now(), now(), 'SYSTEM', 'SYSTEM', 6671, 1431, 21.00, 'ENROLLED', 'SEPTEMBER', 2020, 4);

INSERT INTO monthly_report (id, created_date, updated_date, created_by, updated_by, target, output, rate, egac_type, month, year, operating_unit_id) VALUES (nextval('hibernate_sequence'), now(), now(), 'SYSTEM', 'SYSTEM', 13909, 617, 12.00, 'GRADUATED', 'JANUARY', 2020, 4);
INSERT INTO monthly_report (id, created_date, updated_date, created_by, updated_by, target, output, rate, egac_type, month, year, operating_unit_id) VALUES (nextval('hibernate_sequence'), now(), now(), 'SYSTEM', 'SYSTEM', 13909, 1675, 12.00, 'GRADUATED', 'FEBRUARY', 2020, 4);
INSERT INTO monthly_report (id, created_date, updated_date, created_by, updated_by, target, output, rate, egac_type, month, year, operating_unit_id) VALUES (nextval('hibernate_sequence'), now(), now(), 'SYSTEM', 'SYSTEM', 13909, 1675, 12.00, 'GRADUATED', 'MARCH', 2020, 4);
INSERT INTO monthly_report (id, created_date, updated_date, created_by, updated_by, target, output, rate, egac_type, month, year, operating_unit_id) VALUES (nextval('hibernate_sequence'), now(), now(), 'SYSTEM', 'SYSTEM', 13909, 1675, 12.00, 'GRADUATED', 'APRIL', 2020, 4);
INSERT INTO monthly_report (id, created_date, updated_date, created_by, updated_by, target, output, rate, egac_type, month, year, operating_unit_id) VALUES (nextval('hibernate_sequence'), now(), now(), 'SYSTEM', 'SYSTEM', 5154, 1675, 32.00, 'GRADUATED', 'MAY', 2020, 4);
INSERT INTO monthly_report (id, created_date, updated_date, created_by, updated_by, target, output, rate, egac_type, month, year, operating_unit_id) VALUES (nextval('hibernate_sequence'), now(), now(), 'SYSTEM', 'SYSTEM', 6004, 1921, 32.00, 'GRADUATED', 'JUNE', 2020, 4);
INSERT INTO monthly_report (id, created_date, updated_date, created_by, updated_by, target, output, rate, egac_type, month, year, operating_unit_id) VALUES (nextval('hibernate_sequence'), now(), now(), 'SYSTEM', 'SYSTEM', 6004, 1947, 32.00, 'GRADUATED', 'JULY', 2020, 4);
INSERT INTO monthly_report (id, created_date, updated_date, created_by, updated_by, target, output, rate, egac_type, month, year, operating_unit_id) VALUES (nextval('hibernate_sequence'), now(), now(), 'SYSTEM', 'SYSTEM', 6004, 1982, 33.00, 'GRADUATED', 'AUGUST', 2020, 4);
INSERT INTO monthly_report (id, created_date, updated_date, created_by, updated_by, target, output, rate, egac_type, month, year, operating_unit_id) VALUES (nextval('hibernate_sequence'), now(), now(), 'SYSTEM', 'SYSTEM', 6004, 2000, 33.00, 'GRADUATED', 'SEPTEMBER', 2020, 4);

INSERT INTO monthly_report (id, created_date, updated_date, created_by, updated_by, target, output, rate, egac_type, month, year, operating_unit_id) VALUES (nextval('hibernate_sequence'), now(), now(), 'SYSTEM', 'SYSTEM', 9511, 454, 5.00, 'ASSESSED', 'JANUARY', 2020, 4);
INSERT INTO monthly_report (id, created_date, updated_date, created_by, updated_by, target, output, rate, egac_type, month, year, operating_unit_id) VALUES (nextval('hibernate_sequence'), now(), now(), 'SYSTEM', 'SYSTEM', 9511, 2236, 24.00, 'ASSESSED', 'FEBRUARY', 2020, 4);
INSERT INTO monthly_report (id, created_date, updated_date, created_by, updated_by, target, output, rate, egac_type, month, year, operating_unit_id) VALUES (nextval('hibernate_sequence'), now(), now(), 'SYSTEM', 'SYSTEM', 9511, 2236, 24.00, 'ASSESSED', 'MARCH', 2020, 4);
INSERT INTO monthly_report (id, created_date, updated_date, created_by, updated_by, target, output, rate, egac_type, month, year, operating_unit_id) VALUES (nextval('hibernate_sequence'), now(), now(), 'SYSTEM', 'SYSTEM', 9511, 2237, 24.00, 'ASSESSED', 'APRIL', 2020, 4);
INSERT INTO monthly_report (id, created_date, updated_date, created_by, updated_by, target, output, rate, egac_type, month, year, operating_unit_id) VALUES (nextval('hibernate_sequence'), now(), now(), 'SYSTEM', 'SYSTEM', 3565, 2237, 63.00, 'ASSESSED', 'MAY', 2020, 4);
INSERT INTO monthly_report (id, created_date, updated_date, created_by, updated_by, target, output, rate, egac_type, month, year, operating_unit_id) VALUES (nextval('hibernate_sequence'), now(), now(), 'SYSTEM', 'SYSTEM', 3565, 2262, 63.00, 'ASSESSED', 'JUNE', 2020, 4);
INSERT INTO monthly_report (id, created_date, updated_date, created_by, updated_by, target, output, rate, egac_type, month, year, operating_unit_id) VALUES (nextval('hibernate_sequence'), now(), now(), 'SYSTEM', 'SYSTEM', 3565, 2278, 64.00, 'ASSESSED', 'JULY', 2020, 4);
INSERT INTO monthly_report (id, created_date, updated_date, created_by, updated_by, target, output, rate, egac_type, month, year, operating_unit_id) VALUES (nextval('hibernate_sequence'), now(), now(), 'SYSTEM', 'SYSTEM', 3565, 2333, 65.00, 'ASSESSED', 'AUGUST', 2020, 4);
INSERT INTO monthly_report (id, created_date, updated_date, created_by, updated_by, target, output, rate, egac_type, month, year, operating_unit_id) VALUES (nextval('hibernate_sequence'), now(), now(), 'SYSTEM', 'SYSTEM', 3565, 2354, 66.00, 'ASSESSED', 'SEPTEMBER', 2020, 4);

INSERT INTO monthly_report (id, created_date, updated_date, created_by, updated_by, target, output, rate, egac_type, month, year, operating_unit_id) VALUES (nextval('hibernate_sequence'), now(), now(), 'SYSTEM', 'SYSTEM', 8750, 448, 5.00, 'CERTIFIED', 'JANUARY', 2020, 4);
INSERT INTO monthly_report (id, created_date, updated_date, created_by, updated_by, target, output, rate, egac_type, month, year, operating_unit_id) VALUES (nextval('hibernate_sequence'), now(), now(), 'SYSTEM', 'SYSTEM', 8750, 2197, 25.00, 'CERTIFIED', 'FEBRUARY', 2020, 4);
INSERT INTO monthly_report (id, created_date, updated_date, created_by, updated_by, target, output, rate, egac_type, month, year, operating_unit_id) VALUES (nextval('hibernate_sequence'), now(), now(), 'SYSTEM', 'SYSTEM', 8750, 2197, 25.00, 'CERTIFIED', 'MARCH', 2020, 4);
INSERT INTO monthly_report (id, created_date, updated_date, created_by, updated_by, target, output, rate, egac_type, month, year, operating_unit_id) VALUES (nextval('hibernate_sequence'), now(), now(), 'SYSTEM', 'SYSTEM', 8750, 2199, 25.00, 'CERTIFIED', 'APRIL', 2020, 4);
INSERT INTO monthly_report (id, created_date, updated_date, created_by, updated_by, target, output, rate, egac_type, month, year, operating_unit_id) VALUES (nextval('hibernate_sequence'), now(), now(), 'SYSTEM', 'SYSTEM', 3280, 2199, 67.00, 'CERTIFIED', 'MAY', 2020, 4);
INSERT INTO monthly_report (id, created_date, updated_date, created_by, updated_by, target, output, rate, egac_type, month, year, operating_unit_id) VALUES (nextval('hibernate_sequence'), now(), now(), 'SYSTEM', 'SYSTEM', 3280, 2224, 68.00, 'CERTIFIED', 'JUNE', 2020, 4);
INSERT INTO monthly_report (id, created_date, updated_date, created_by, updated_by, target, output, rate, egac_type, month, year, operating_unit_id) VALUES (nextval('hibernate_sequence'), now(), now(), 'SYSTEM', 'SYSTEM', 3280, 2240, 68.00, 'CERTIFIED', 'JULY', 2020, 4);
INSERT INTO monthly_report (id, created_date, updated_date, created_by, updated_by, target, output, rate, egac_type, month, year, operating_unit_id) VALUES (nextval('hibernate_sequence'), now(), now(), 'SYSTEM', 'SYSTEM', 3280, 2295, 70.00, 'CERTIFIED', 'AUGUST', 2020, 4);
INSERT INTO monthly_report (id, created_date, updated_date, created_by, updated_by, target, output, rate, egac_type, month, year, operating_unit_id) VALUES (nextval('hibernate_sequence'), now(), now(), 'SYSTEM', 'SYSTEM', 3280, 2316, 71.00, 'CERTIFIED', 'SEPTEMBER', 2020, 4);

/* monthly report Eastern Samar */

INSERT INTO monthly_report (id, created_date, updated_date, created_by, updated_by, target, output, rate, egac_type, month, year, operating_unit_id) VALUES (nextval('hibernate_sequence'), now(), now(), 'SYSTEM', 'SYSTEM', 10722, 659, 6.00, 'ENROLLED', 'JANUARY', 2020, 5);
INSERT INTO monthly_report (id, created_date, updated_date, created_by, updated_by, target, output, rate, egac_type, month, year, operating_unit_id) VALUES (nextval('hibernate_sequence'), now(), now(), 'SYSTEM', 'SYSTEM', 10722, 242, 2.00, 'ENROLLED', 'FEBRUARY', 2020, 5);
INSERT INTO monthly_report (id, created_date, updated_date, created_by, updated_by, target, output, rate, egac_type, month, year, operating_unit_id) VALUES (nextval('hibernate_sequence'), now(), now(), 'SYSTEM', 'SYSTEM', 10722, 242, 2.00, 'ENROLLED', 'MARCH', 2020, 5);
INSERT INTO monthly_report (id, created_date, updated_date, created_by, updated_by, target, output, rate, egac_type, month, year, operating_unit_id) VALUES (nextval('hibernate_sequence'), now(), now(), 'SYSTEM', 'SYSTEM', 10722, 242, 2.00, 'ENROLLED', 'APRIL', 2020, 5);
INSERT INTO monthly_report (id, created_date, updated_date, created_by, updated_by, target, output, rate, egac_type, month, year, operating_unit_id) VALUES (nextval('hibernate_sequence'), now(), now(), 'SYSTEM', 'SYSTEM', 5361, 242, 5.00, 'ENROLLED', 'MAY', 2020, 5);
INSERT INTO monthly_report (id, created_date, updated_date, created_by, updated_by, target, output, rate, egac_type, month, year, operating_unit_id) VALUES (nextval('hibernate_sequence'), now(), now(), 'SYSTEM', 'SYSTEM', 5671, 1257, 22.00, 'ENROLLED', 'JUNE', 2020, 5);
INSERT INTO monthly_report (id, created_date, updated_date, created_by, updated_by, target, output, rate, egac_type, month, year, operating_unit_id) VALUES (nextval('hibernate_sequence'), now(), now(), 'SYSTEM', 'SYSTEM', 5671, 1257, 22.00, 'ENROLLED', 'JULY', 2020, 5);
INSERT INTO monthly_report (id, created_date, updated_date, created_by, updated_by, target, output, rate, egac_type, month, year, operating_unit_id) VALUES (nextval('hibernate_sequence'), now(), now(), 'SYSTEM', 'SYSTEM', 5671, 1532, 27.00, 'ENROLLED', 'AUGUST', 2020, 5);
INSERT INTO monthly_report (id, created_date, updated_date, created_by, updated_by, target, output, rate, egac_type, month, year, operating_unit_id) VALUES (nextval('hibernate_sequence'), now(), now(), 'SYSTEM', 'SYSTEM', 5671, 2684, 47.00, 'ENROLLED', 'SEPTEMBER', 2020, 5);

INSERT INTO monthly_report (id, created_date, updated_date, created_by, updated_by, target, output, rate, egac_type, month, year, operating_unit_id) VALUES (nextval('hibernate_sequence'), now(), now(), 'SYSTEM', 'SYSTEM', 9650, 926, 14.00, 'GRADUATED', 'JANUARY', 2020, 5);
INSERT INTO monthly_report (id, created_date, updated_date, created_by, updated_by, target, output, rate, egac_type, month, year, operating_unit_id) VALUES (nextval('hibernate_sequence'), now(), now(), 'SYSTEM', 'SYSTEM', 9650, 1336, 14.00, 'GRADUATED', 'FEBRUARY', 2020, 5);
INSERT INTO monthly_report (id, created_date, updated_date, created_by, updated_by, target, output, rate, egac_type, month, year, operating_unit_id) VALUES (nextval('hibernate_sequence'), now(), now(), 'SYSTEM', 'SYSTEM', 9650, 1336, 14.00, 'GRADUATED', 'MARCH', 2020, 5);
INSERT INTO monthly_report (id, created_date, updated_date, created_by, updated_by, target, output, rate, egac_type, month, year, operating_unit_id) VALUES (nextval('hibernate_sequence'), now(), now(), 'SYSTEM', 'SYSTEM', 9650, 1344, 14.00, 'GRADUATED', 'APRIL', 2020, 5);
INSERT INTO monthly_report (id, created_date, updated_date, created_by, updated_by, target, output, rate, egac_type, month, year, operating_unit_id) VALUES (nextval('hibernate_sequence'), now(), now(), 'SYSTEM', 'SYSTEM', 4825, 1336, 28.00, 'GRADUATED', 'MAY', 2020, 5);
INSERT INTO monthly_report (id, created_date, updated_date, created_by, updated_by, target, output, rate, egac_type, month, year, operating_unit_id) VALUES (nextval('hibernate_sequence'), now(), now(), 'SYSTEM', 'SYSTEM', 5104, 3114, 61.00, 'GRADUATED', 'JUNE', 2020, 5);
INSERT INTO monthly_report (id, created_date, updated_date, created_by, updated_by, target, output, rate, egac_type, month, year, operating_unit_id) VALUES (nextval('hibernate_sequence'), now(), now(), 'SYSTEM', 'SYSTEM', 5104, 3206, 63.00, 'GRADUATED', 'JULY', 2020, 5);
INSERT INTO monthly_report (id, created_date, updated_date, created_by, updated_by, target, output, rate, egac_type, month, year, operating_unit_id) VALUES (nextval('hibernate_sequence'), now(), now(), 'SYSTEM', 'SYSTEM', 5104, 3206, 63.00, 'GRADUATED', 'AUGUST', 2020, 5);
INSERT INTO monthly_report (id, created_date, updated_date, created_by, updated_by, target, output, rate, egac_type, month, year, operating_unit_id) VALUES (nextval('hibernate_sequence'), now(), now(), 'SYSTEM', 'SYSTEM', 5104, 3347, 66.00, 'GRADUATED', 'SEPTEMBER', 2020, 5);

INSERT INTO monthly_report (id, created_date, updated_date, created_by, updated_by, target, output, rate, egac_type, month, year, operating_unit_id) VALUES (nextval('hibernate_sequence'), now(), now(), 'SYSTEM', 'SYSTEM', 10057, 731, 7.00, 'ASSESSED', 'JANUARY', 2020, 5);
INSERT INTO monthly_report (id, created_date, updated_date, created_by, updated_by, target, output, rate, egac_type, month, year, operating_unit_id) VALUES (nextval('hibernate_sequence'), now(), now(), 'SYSTEM', 'SYSTEM', 10057, 2765, 27.00, 'ASSESSED', 'FEBRUARY', 2020, 5);
INSERT INTO monthly_report (id, created_date, updated_date, created_by, updated_by, target, output, rate, egac_type, month, year, operating_unit_id) VALUES (nextval('hibernate_sequence'), now(), now(), 'SYSTEM', 'SYSTEM', 10057, 2765, 27.00, 'ASSESSED', 'MARCH', 2020, 5);
INSERT INTO monthly_report (id, created_date, updated_date, created_by, updated_by, target, output, rate, egac_type, month, year, operating_unit_id) VALUES (nextval('hibernate_sequence'), now(), now(), 'SYSTEM', 'SYSTEM', 10057, 2764, 27.00, 'ASSESSED', 'APRIL', 2020, 5);
INSERT INTO monthly_report (id, created_date, updated_date, created_by, updated_by, target, output, rate, egac_type, month, year, operating_unit_id) VALUES (nextval('hibernate_sequence'), now(), now(), 'SYSTEM', 'SYSTEM', 3769, 2764, 73.00, 'ASSESSED', 'MAY', 2020, 5);
INSERT INTO monthly_report (id, created_date, updated_date, created_by, updated_by, target, output, rate, egac_type, month, year, operating_unit_id) VALUES (nextval('hibernate_sequence'), now(), now(), 'SYSTEM', 'SYSTEM', 3769, 2855, 76.00, 'ASSESSED', 'JUNE', 2020, 5);
INSERT INTO monthly_report (id, created_date, updated_date, created_by, updated_by, target, output, rate, egac_type, month, year, operating_unit_id) VALUES (nextval('hibernate_sequence'), now(), now(), 'SYSTEM', 'SYSTEM', 3769, 2882, 76.00, 'ASSESSED', 'JULY', 2020, 5);
INSERT INTO monthly_report (id, created_date, updated_date, created_by, updated_by, target, output, rate, egac_type, month, year, operating_unit_id) VALUES (nextval('hibernate_sequence'), now(), now(), 'SYSTEM', 'SYSTEM', 3769, 2901, 77.00, 'ASSESSED', 'AUGUST', 2020, 5);
INSERT INTO monthly_report (id, created_date, updated_date, created_by, updated_by, target, output, rate, egac_type, month, year, operating_unit_id) VALUES (nextval('hibernate_sequence'), now(), now(), 'SYSTEM', 'SYSTEM', 3769, 3053, 81.00, 'ASSESSED', 'SEPTEMBER', 2020, 5);

INSERT INTO monthly_report (id, created_date, updated_date, created_by, updated_by, target, output, rate, egac_type, month, year, operating_unit_id) VALUES (nextval('hibernate_sequence'), now(), now(), 'SYSTEM', 'SYSTEM', 9252, 720, 8.00, 'CERTIFIED', 'JANUARY', 2020, 5);
INSERT INTO monthly_report (id, created_date, updated_date, created_by, updated_by, target, output, rate, egac_type, month, year, operating_unit_id) VALUES (nextval('hibernate_sequence'), now(), now(), 'SYSTEM', 'SYSTEM', 9252, 2661, 29.00, 'CERTIFIED', 'FEBRUARY', 2020, 5);
INSERT INTO monthly_report (id, created_date, updated_date, created_by, updated_by, target, output, rate, egac_type, month, year, operating_unit_id) VALUES (nextval('hibernate_sequence'), now(), now(), 'SYSTEM', 'SYSTEM', 9252, 2661, 29.00, 'CERTIFIED', 'MARCH', 2020, 5);
INSERT INTO monthly_report (id, created_date, updated_date, created_by, updated_by, target, output, rate, egac_type, month, year, operating_unit_id) VALUES (nextval('hibernate_sequence'), now(), now(), 'SYSTEM', 'SYSTEM', 9252, 2661, 29.00, 'CERTIFIED', 'APRIL', 2020, 5);
INSERT INTO monthly_report (id, created_date, updated_date, created_by, updated_by, target, output, rate, egac_type, month, year, operating_unit_id) VALUES (nextval('hibernate_sequence'), now(), now(), 'SYSTEM', 'SYSTEM', 3467, 2661, 77.00, 'CERTIFIED', 'MAY', 2020, 5);
INSERT INTO monthly_report (id, created_date, updated_date, created_by, updated_by, target, output, rate, egac_type, month, year, operating_unit_id) VALUES (nextval('hibernate_sequence'), now(), now(), 'SYSTEM', 'SYSTEM', 3467, 2752, 79.00, 'CERTIFIED', 'JUNE', 2020, 5);
INSERT INTO monthly_report (id, created_date, updated_date, created_by, updated_by, target, output, rate, egac_type, month, year, operating_unit_id) VALUES (nextval('hibernate_sequence'), now(), now(), 'SYSTEM', 'SYSTEM', 3467, 2778, 80.00, 'CERTIFIED', 'JULY', 2020, 5);
INSERT INTO monthly_report (id, created_date, updated_date, created_by, updated_by, target, output, rate, egac_type, month, year, operating_unit_id) VALUES (nextval('hibernate_sequence'), now(), now(), 'SYSTEM', 'SYSTEM', 3467, 2797, 81.00, 'CERTIFIED', 'AUGUST', 2020, 5);
INSERT INTO monthly_report (id, created_date, updated_date, created_by, updated_by, target, output, rate, egac_type, month, year, operating_unit_id) VALUES (nextval('hibernate_sequence'), now(), now(), 'SYSTEM', 'SYSTEM', 3467, 2948, 85.00, 'CERTIFIED', 'SEPTEMBER', 2020, 5);


/* monthly report Northern Samar */

INSERT INTO monthly_report (id, created_date, updated_date, created_by, updated_by, target, output, rate, egac_type, month, year, operating_unit_id) VALUES (nextval('hibernate_sequence'), now(), now(), 'SYSTEM', 'SYSTEM', 15262, 2469, 16.00, 'ENROLLED', 'JANUARY', 2020, 6);
INSERT INTO monthly_report (id, created_date, updated_date, created_by, updated_by, target, output, rate, egac_type, month, year, operating_unit_id) VALUES (nextval('hibernate_sequence'), now(), now(), 'SYSTEM', 'SYSTEM', 15262, 857, 6.00, 'ENROLLED', 'FEBRUARY', 2020, 6);
INSERT INTO monthly_report (id, created_date, updated_date, created_by, updated_by, target, output, rate, egac_type, month, year, operating_unit_id) VALUES (nextval('hibernate_sequence'), now(), now(), 'SYSTEM', 'SYSTEM', 15262, 857, 6.00, 'ENROLLED', 'MARCH', 2020, 6);
INSERT INTO monthly_report (id, created_date, updated_date, created_by, updated_by, target, output, rate, egac_type, month, year, operating_unit_id) VALUES (nextval('hibernate_sequence'), now(), now(), 'SYSTEM', 'SYSTEM', 15262, 888, 6.00, 'ENROLLED', 'APRIL', 2020, 6);
INSERT INTO monthly_report (id, created_date, updated_date, created_by, updated_by, target, output, rate, egac_type, month, year, operating_unit_id) VALUES (nextval('hibernate_sequence'), now(), now(), 'SYSTEM', 'SYSTEM', 7631, 849, 11.00, 'ENROLLED', 'MAY', 2020, 6);
INSERT INTO monthly_report (id, created_date, updated_date, created_by, updated_by, target, output, rate, egac_type, month, year, operating_unit_id) VALUES (nextval('hibernate_sequence'), now(), now(), 'SYSTEM', 'SYSTEM', 8210, 3164, 39.00, 'ENROLLED', 'JUNE', 2020, 6);
INSERT INTO monthly_report (id, created_date, updated_date, created_by, updated_by, target, output, rate, egac_type, month, year, operating_unit_id) VALUES (nextval('hibernate_sequence'), now(), now(), 'SYSTEM', 'SYSTEM', 8210, 3973, 48.00, 'ENROLLED', 'JULY', 2020, 6);
INSERT INTO monthly_report (id, created_date, updated_date, created_by, updated_by, target, output, rate, egac_type, month, year, operating_unit_id) VALUES (nextval('hibernate_sequence'), now(), now(), 'SYSTEM', 'SYSTEM', 8210, 3973, 48.00, 'ENROLLED', 'AUGUST', 2020, 6);
INSERT INTO monthly_report (id, created_date, updated_date, created_by, updated_by, target, output, rate, egac_type, month, year, operating_unit_id) VALUES (nextval('hibernate_sequence'), now(), now(), 'SYSTEM', 'SYSTEM', 8210, 4340, 53.00, 'ENROLLED', 'SEPTEMBER', 2020, 6);

INSERT INTO monthly_report (id, created_date, updated_date, created_by, updated_by, target, output, rate, egac_type, month, year, operating_unit_id) VALUES (nextval('hibernate_sequence'), now(), now(), 'SYSTEM', 'SYSTEM', 13736, 1826, 13.00, 'GRADUATED', 'JANUARY', 2020, 6);
INSERT INTO monthly_report (id, created_date, updated_date, created_by, updated_by, target, output, rate, egac_type, month, year, operating_unit_id) VALUES (nextval('hibernate_sequence'), now(), now(), 'SYSTEM', 'SYSTEM', 13736, 1111, 8.00, 'GRADUATED', 'FEBRUARY', 2020, 6);
INSERT INTO monthly_report (id, created_date, updated_date, created_by, updated_by, target, output, rate, egac_type, month, year, operating_unit_id) VALUES (nextval('hibernate_sequence'), now(), now(), 'SYSTEM', 'SYSTEM', 13736, 1111, 8.00, 'GRADUATED', 'MARCH', 2020, 6);
INSERT INTO monthly_report (id, created_date, updated_date, created_by, updated_by, target, output, rate, egac_type, month, year, operating_unit_id) VALUES (nextval('hibernate_sequence'), now(), now(), 'SYSTEM', 'SYSTEM', 13736, 1163, 8.00, 'GRADUATED', 'APRIL', 2020, 6);
INSERT INTO monthly_report (id, created_date, updated_date, created_by, updated_by, target, output, rate, egac_type, month, year, operating_unit_id) VALUES (nextval('hibernate_sequence'), now(), now(), 'SYSTEM', 'SYSTEM', 6868, 1163, 16.00, 'GRADUATED', 'MAY', 2020, 6);
INSERT INTO monthly_report (id, created_date, updated_date, created_by, updated_by, target, output, rate, egac_type, month, year, operating_unit_id) VALUES (nextval('hibernate_sequence'), now(), now(), 'SYSTEM', 'SYSTEM', 7389, 3485, 47.00, 'GRADUATED', 'JUNE', 2020, 6);
INSERT INTO monthly_report (id, created_date, updated_date, created_by, updated_by, target, output, rate, egac_type, month, year, operating_unit_id) VALUES (nextval('hibernate_sequence'), now(), now(), 'SYSTEM', 'SYSTEM', 7389, 4280, 58.00, 'GRADUATED', 'JULY', 2020, 6);
INSERT INTO monthly_report (id, created_date, updated_date, created_by, updated_by, target, output, rate, egac_type, month, year, operating_unit_id) VALUES (nextval('hibernate_sequence'), now(), now(), 'SYSTEM', 'SYSTEM', 7389, 4320, 58.00, 'GRADUATED', 'AUGUST', 2020, 6);
INSERT INTO monthly_report (id, created_date, updated_date, created_by, updated_by, target, output, rate, egac_type, month, year, operating_unit_id) VALUES (nextval('hibernate_sequence'), now(), now(), 'SYSTEM', 'SYSTEM', 7389, 4494, 61.00, 'GRADUATED', 'SEPTEMBER', 2020, 6);

INSERT INTO monthly_report (id, created_date, updated_date, created_by, updated_by, target, output, rate, egac_type, month, year, operating_unit_id) VALUES (nextval('hibernate_sequence'), now(), now(), 'SYSTEM', 'SYSTEM', 9427, 674, 7.00, 'ASSESSED', 'JANUARY', 2020, 6);
INSERT INTO monthly_report (id, created_date, updated_date, created_by, updated_by, target, output, rate, egac_type, month, year, operating_unit_id) VALUES (nextval('hibernate_sequence'), now(), now(), 'SYSTEM', 'SYSTEM', 9427, 2487, 26.00, 'ASSESSED', 'FEBRUARY', 2020, 6);
INSERT INTO monthly_report (id, created_date, updated_date, created_by, updated_by, target, output, rate, egac_type, month, year, operating_unit_id) VALUES (nextval('hibernate_sequence'), now(), now(), 'SYSTEM', 'SYSTEM', 9427, 2487, 26.00, 'ASSESSED', 'MARCH', 2020, 6);
INSERT INTO monthly_report (id, created_date, updated_date, created_by, updated_by, target, output, rate, egac_type, month, year, operating_unit_id) VALUES (nextval('hibernate_sequence'), now(), now(), 'SYSTEM', 'SYSTEM', 9427, 2511, 27.00, 'ASSESSED', 'APRIL', 2020, 6);
INSERT INTO monthly_report (id, created_date, updated_date, created_by, updated_by, target, output, rate, egac_type, month, year, operating_unit_id) VALUES (nextval('hibernate_sequence'), now(), now(), 'SYSTEM', 'SYSTEM', 3533, 2511, 71.00, 'ASSESSED', 'MAY', 2020, 6);
INSERT INTO monthly_report (id, created_date, updated_date, created_by, updated_by, target, output, rate, egac_type, month, year, operating_unit_id) VALUES (nextval('hibernate_sequence'), now(), now(), 'SYSTEM', 'SYSTEM', 3533, 2511, 71.00, 'ASSESSED', 'JUNE', 2020, 6);
INSERT INTO monthly_report (id, created_date, updated_date, created_by, updated_by, target, output, rate, egac_type, month, year, operating_unit_id) VALUES (nextval('hibernate_sequence'), now(), now(), 'SYSTEM', 'SYSTEM', 3533, 2553, 72.00, 'ASSESSED', 'JULY', 2020, 6);
INSERT INTO monthly_report (id, created_date, updated_date, created_by, updated_by, target, output, rate, egac_type, month, year, operating_unit_id) VALUES (nextval('hibernate_sequence'), now(), now(), 'SYSTEM', 'SYSTEM', 3533, 2701, 76.00, 'ASSESSED', 'AUGUST', 2020, 6);
INSERT INTO monthly_report (id, created_date, updated_date, created_by, updated_by, target, output, rate, egac_type, month, year, operating_unit_id) VALUES (nextval('hibernate_sequence'), now(), now(), 'SYSTEM', 'SYSTEM', 3533, 2793, 79.00, 'ASSESSED', 'SEPTEMBER', 2020, 6);

INSERT INTO monthly_report (id, created_date, updated_date, created_by, updated_by, target, output, rate, egac_type, month, year, operating_unit_id) VALUES (nextval('hibernate_sequence'), now(), now(), 'SYSTEM', 'SYSTEM', 8673, 672, 8.00, 'CERTIFIED', 'JANUARY', 2020, 6);
INSERT INTO monthly_report (id, created_date, updated_date, created_by, updated_by, target, output, rate, egac_type, month, year, operating_unit_id) VALUES (nextval('hibernate_sequence'), now(), now(), 'SYSTEM', 'SYSTEM', 8673, 2354, 27.00, 'CERTIFIED', 'FEBRUARY', 2020, 6);
INSERT INTO monthly_report (id, created_date, updated_date, created_by, updated_by, target, output, rate, egac_type, month, year, operating_unit_id) VALUES (nextval('hibernate_sequence'), now(), now(), 'SYSTEM', 'SYSTEM', 8673, 2354, 27.00, 'CERTIFIED', 'MARCH', 2020, 6);
INSERT INTO monthly_report (id, created_date, updated_date, created_by, updated_by, target, output, rate, egac_type, month, year, operating_unit_id) VALUES (nextval('hibernate_sequence'), now(), now(), 'SYSTEM', 'SYSTEM', 8673, 2378, 27.00, 'CERTIFIED', 'APRIL', 2020, 6);
INSERT INTO monthly_report (id, created_date, updated_date, created_by, updated_by, target, output, rate, egac_type, month, year, operating_unit_id) VALUES (nextval('hibernate_sequence'), now(), now(), 'SYSTEM', 'SYSTEM', 3250, 2378, 73.00, 'CERTIFIED', 'MAY', 2020, 6);
INSERT INTO monthly_report (id, created_date, updated_date, created_by, updated_by, target, output, rate, egac_type, month, year, operating_unit_id) VALUES (nextval('hibernate_sequence'), now(), now(), 'SYSTEM', 'SYSTEM', 3250, 2378, 73.00, 'CERTIFIED', 'JUNE', 2020, 6);
INSERT INTO monthly_report (id, created_date, updated_date, created_by, updated_by, target, output, rate, egac_type, month, year, operating_unit_id) VALUES (nextval('hibernate_sequence'), now(), now(), 'SYSTEM', 'SYSTEM', 3250, 2420, 74.00, 'CERTIFIED', 'JULY', 2020, 6);
INSERT INTO monthly_report (id, created_date, updated_date, created_by, updated_by, target, output, rate, egac_type, month, year, operating_unit_id) VALUES (nextval('hibernate_sequence'), now(), now(), 'SYSTEM', 'SYSTEM', 3250, 2548, 78.00, 'CERTIFIED', 'AUGUST', 2020, 6);
INSERT INTO monthly_report (id, created_date, updated_date, created_by, updated_by, target, output, rate, egac_type, month, year, operating_unit_id) VALUES (nextval('hibernate_sequence'), now(), now(), 'SYSTEM', 'SYSTEM', 3250, 2635, 81.00, 'CERTIFIED', 'SEPTEMBER', 2020, 6);



/* monthly report Region VIII */

INSERT INTO monthly_report (id, created_date, updated_date, created_by, updated_by, target, output, rate, egac_type, month, year, operating_unit_id) VALUES (nextval('hibernate_sequence'), now(), now(), 'SYSTEM', 'SYSTEM', 104364, 11946, 11.00, 'ENROLLED', 'JANUARY', 2020, 7);
INSERT INTO monthly_report (id, created_date, updated_date, created_by, updated_by, target, output, rate, egac_type, month, year, operating_unit_id) VALUES (nextval('hibernate_sequence'), now(), now(), 'SYSTEM', 'SYSTEM', 104364, 7903, 8.00, 'ENROLLED', 'FEBRUARY', 2020, 7);
INSERT INTO monthly_report (id, created_date, updated_date, created_by, updated_by, target, output, rate, egac_type, month, year, operating_unit_id) VALUES (nextval('hibernate_sequence'), now(), now(), 'SYSTEM', 'SYSTEM', 104364, 7903, 8.00, 'ENROLLED', 'MARCH', 2020, 7);
INSERT INTO monthly_report (id, created_date, updated_date, created_by, updated_by, target, output, rate, egac_type, month, year, operating_unit_id) VALUES (nextval('hibernate_sequence'), now(), now(), 'SYSTEM', 'SYSTEM', 104364, 8239, 8.00, 'ENROLLED', 'APRIL', 2020, 7);
INSERT INTO monthly_report (id, created_date, updated_date, created_by, updated_by, target, output, rate, egac_type, month, year, operating_unit_id) VALUES (nextval('hibernate_sequence'), now(), now(), 'SYSTEM', 'SYSTEM', 50182, 7903, 16.00, 'ENROLLED', 'MAY', 2020, 7);
INSERT INTO monthly_report (id, created_date, updated_date, created_by, updated_by, target, output, rate, egac_type, month, year, operating_unit_id) VALUES (nextval('hibernate_sequence'), now(), now(), 'SYSTEM', 'SYSTEM', 55655, 14510, 26.00, 'ENROLLED', 'JUNE', 2020, 7);
INSERT INTO monthly_report (id, created_date, updated_date, created_by, updated_by, target, output, rate, egac_type, month, year, operating_unit_id) VALUES (nextval('hibernate_sequence'), now(), now(), 'SYSTEM', 'SYSTEM', 55655, 15648, 28.00, 'ENROLLED', 'JULY', 2020, 7);
INSERT INTO monthly_report (id, created_date, updated_date, created_by, updated_by, target, output, rate, egac_type, month, year, operating_unit_id) VALUES (nextval('hibernate_sequence'), now(), now(), 'SYSTEM', 'SYSTEM', 55655, 16831, 30.00, 'ENROLLED', 'AUGUST', 2020, 7);
INSERT INTO monthly_report (id, created_date, updated_date, created_by, updated_by, target, output, rate, egac_type, month, year, operating_unit_id) VALUES (nextval('hibernate_sequence'), now(), now(), 'SYSTEM', 'SYSTEM', 55655, 23017, 41.00, 'ENROLLED', 'SEPTEMBER', 2020, 7);

INSERT INTO monthly_report (id, created_date, updated_date, created_by, updated_by, target, output, rate, egac_type, month, year, operating_unit_id) VALUES (nextval('hibernate_sequence'), now(), now(), 'SYSTEM', 'SYSTEM', 93928, 9115, 10.00, 'GRADUATED', 'JANUARY', 2020, 7);
INSERT INTO monthly_report (id, created_date, updated_date, created_by, updated_by, target, output, rate, egac_type, month, year, operating_unit_id) VALUES (nextval('hibernate_sequence'), now(), now(), 'SYSTEM', 'SYSTEM', 93928, 12652, 13.00, 'GRADUATED', 'FEBRUARY', 2020, 7);
INSERT INTO monthly_report (id, created_date, updated_date, created_by, updated_by, target, output, rate, egac_type, month, year, operating_unit_id) VALUES (nextval('hibernate_sequence'), now(), now(), 'SYSTEM', 'SYSTEM', 93928, 12652, 13.00, 'GRADUATED', 'MARCH', 2020, 7);
INSERT INTO monthly_report (id, created_date, updated_date, created_by, updated_by, target, output, rate, egac_type, month, year, operating_unit_id) VALUES (nextval('hibernate_sequence'), now(), now(), 'SYSTEM', 'SYSTEM', 93928, 15939, 17.00, 'GRADUATED', 'APRIL', 2020, 7);
INSERT INTO monthly_report (id, created_date, updated_date, created_by, updated_by, target, output, rate, egac_type, month, year, operating_unit_id) VALUES (nextval('hibernate_sequence'), now(), now(), 'SYSTEM', 'SYSTEM', 45164, 12652, 28.00, 'GRADUATED', 'MAY', 2020, 7);
INSERT INTO monthly_report (id, created_date, updated_date, created_by, updated_by, target, output, rate, egac_type, month, year, operating_unit_id) VALUES (nextval('hibernate_sequence'), now(), now(), 'SYSTEM', 'SYSTEM', 50089, 24188, 48.00, 'GRADUATED', 'JUNE', 2020, 7);
INSERT INTO monthly_report (id, created_date, updated_date, created_by, updated_by, target, output, rate, egac_type, month, year, operating_unit_id) VALUES (nextval('hibernate_sequence'), now(), now(), 'SYSTEM', 'SYSTEM', 50089, 25429, 51.00, 'GRADUATED', 'JULY', 2020, 7);
INSERT INTO monthly_report (id, created_date, updated_date, created_by, updated_by, target, output, rate, egac_type, month, year, operating_unit_id) VALUES (nextval('hibernate_sequence'), now(), now(), 'SYSTEM', 'SYSTEM', 50089, 25963, 52.00, 'GRADUATED', 'AUGUST', 2020, 7);
INSERT INTO monthly_report (id, created_date, updated_date, created_by, updated_by, target, output, rate, egac_type, month, year, operating_unit_id) VALUES (nextval('hibernate_sequence'), now(), now(), 'SYSTEM', 'SYSTEM', 50089, 27149, 54.00, 'GRADUATED', 'SEPTEMBER', 2020, 7);

INSERT INTO monthly_report (id, created_date, updated_date, created_by, updated_by, target, output, rate, egac_type, month, year, operating_unit_id) VALUES (nextval('hibernate_sequence'), now(), now(), 'SYSTEM', 'SYSTEM', 65552, 4840, 7.00, 'ASSESSED', 'JANUARY', 2020, 7);
INSERT INTO monthly_report (id, created_date, updated_date, created_by, updated_by, target, output, rate, egac_type, month, year, operating_unit_id) VALUES (nextval('hibernate_sequence'), now(), now(), 'SYSTEM', 'SYSTEM', 65552, 18678, 28.00, 'ASSESSED', 'FEBRUARY', 2020, 7);
INSERT INTO monthly_report (id, created_date, updated_date, created_by, updated_by, target, output, rate, egac_type, month, year, operating_unit_id) VALUES (nextval('hibernate_sequence'), now(), now(), 'SYSTEM', 'SYSTEM', 65552, 18678, 28.00, 'ASSESSED', 'MARCH', 2020, 7);
INSERT INTO monthly_report (id, created_date, updated_date, created_by, updated_by, target, output, rate, egac_type, month, year, operating_unit_id) VALUES (nextval('hibernate_sequence'), now(), now(), 'SYSTEM', 'SYSTEM', 65552, 18770, 29.00, 'ASSESSED', 'APRIL', 2020, 7);
INSERT INTO monthly_report (id, created_date, updated_date, created_by, updated_by, target, output, rate, egac_type, month, year, operating_unit_id) VALUES (nextval('hibernate_sequence'), now(), now(), 'SYSTEM', 'SYSTEM', 24568, 18770, 76.00, 'ASSESSED', 'MAY', 2020, 7);
INSERT INTO monthly_report (id, created_date, updated_date, created_by, updated_by, target, output, rate, egac_type, month, year, operating_unit_id) VALUES (nextval('hibernate_sequence'), now(), now(), 'SYSTEM', 'SYSTEM', 24568, 18942, 77.00, 'ASSESSED', 'JUNE', 2020, 7);
INSERT INTO monthly_report (id, created_date, updated_date, created_by, updated_by, target, output, rate, egac_type, month, year, operating_unit_id) VALUES (nextval('hibernate_sequence'), now(), now(), 'SYSTEM', 'SYSTEM', 24568, 19111, 78.00, 'ASSESSED', 'JULY', 2020, 7);
INSERT INTO monthly_report (id, created_date, updated_date, created_by, updated_by, target, output, rate, egac_type, month, year, operating_unit_id) VALUES (nextval('hibernate_sequence'), now(), now(), 'SYSTEM', 'SYSTEM', 24568, 19575, 80.00, 'ASSESSED', 'AUGUST', 2020, 7);
INSERT INTO monthly_report (id, created_date, updated_date, created_by, updated_by, target, output, rate, egac_type, month, year, operating_unit_id) VALUES (nextval('hibernate_sequence'), now(), now(), 'SYSTEM', 'SYSTEM', 24568, 20549, 84.00, 'ASSESSED', 'SEPTEMBER', 2020, 7);

INSERT INTO monthly_report (id, created_date, updated_date, created_by, updated_by, target, output, rate, egac_type, month, year, operating_unit_id) VALUES (nextval('hibernate_sequence'), now(), now(), 'SYSTEM', 'SYSTEM', 60308, 4730, 8.00, 'CERTIFIED', 'JANUARY', 2020, 7);
INSERT INTO monthly_report (id, created_date, updated_date, created_by, updated_by, target, output, rate, egac_type, month, year, operating_unit_id) VALUES (nextval('hibernate_sequence'), now(), now(), 'SYSTEM', 'SYSTEM', 60308, 18165, 30.00, 'CERTIFIED', 'FEBRUARY', 2020, 7);
INSERT INTO monthly_report (id, created_date, updated_date, created_by, updated_by, target, output, rate, egac_type, month, year, operating_unit_id) VALUES (nextval('hibernate_sequence'), now(), now(), 'SYSTEM', 'SYSTEM', 60308, 18165, 30.00, 'CERTIFIED', 'MARCH', 2020, 7);
INSERT INTO monthly_report (id, created_date, updated_date, created_by, updated_by, target, output, rate, egac_type, month, year, operating_unit_id) VALUES (nextval('hibernate_sequence'), now(), now(), 'SYSTEM', 'SYSTEM', 60308, 18259, 30.00, 'CERTIFIED', 'APRIL', 2020, 7);
INSERT INTO monthly_report (id, created_date, updated_date, created_by, updated_by, target, output, rate, egac_type, month, year, operating_unit_id) VALUES (nextval('hibernate_sequence'), now(), now(), 'SYSTEM', 'SYSTEM', 22602, 18259, 81.00, 'CERTIFIED', 'MAY', 2020, 7);
INSERT INTO monthly_report (id, created_date, updated_date, created_by, updated_by, target, output, rate, egac_type, month, year, operating_unit_id) VALUES (nextval('hibernate_sequence'), now(), now(), 'SYSTEM', 'SYSTEM', 22602, 18431, 82.00, 'CERTIFIED', 'JUNE', 2020, 7);
INSERT INTO monthly_report (id, created_date, updated_date, created_by, updated_by, target, output, rate, egac_type, month, year, operating_unit_id) VALUES (nextval('hibernate_sequence'), now(), now(), 'SYSTEM', 'SYSTEM', 22602, 18599, 82.00, 'CERTIFIED', 'JULY', 2020, 7);
INSERT INTO monthly_report (id, created_date, updated_date, created_by, updated_by, target, output, rate, egac_type, month, year, operating_unit_id) VALUES (nextval('hibernate_sequence'), now(), now(), 'SYSTEM', 'SYSTEM', 22602, 19043, 84.00, 'CERTIFIED', 'AUGUST', 2020, 7);
INSERT INTO monthly_report (id, created_date, updated_date, created_by, updated_by, target, output, rate, egac_type, month, year, operating_unit_id) VALUES (nextval('hibernate_sequence'), now(), now(), 'SYSTEM', 'SYSTEM', 22602, 20001, 88.00, 'CERTIFIED', 'SEPTEMBER', 2020, 7);

