/* Initial Data for Certification Rate Report */

INSERT INTO certification_rate_report (id, created_date, updated_date, created_by, updated_by, assessed, certified, rate, operating_unit) VALUES (1, now(), now(), 'SYSTEM', 'SYSTEM', 9827, 9591, 98.00, 'LEYTE');
INSERT INTO certification_rate_report (id, created_date, updated_date, created_by, updated_by, assessed, certified, rate, operating_unit) VALUES (2, now(), now(), 'SYSTEM', 'SYSTEM', 1274, 1268, 100.00, 'SOUTHERN_LEYTE');
INSERT INTO certification_rate_report (id, created_date, updated_date, created_by, updated_by, assessed, certified, rate, operating_unit) VALUES (3, now(), now(), 'SYSTEM', 'SYSTEM', 1428, 1423, 100.00, 'BILIRAN');
INSERT INTO certification_rate_report (id, created_date, updated_date, created_by, updated_by, assessed, certified, rate, operating_unit) VALUES (4, now(), now(), 'SYSTEM', 'SYSTEM', 2355, 2317, 98.00, 'SAMAR');
INSERT INTO certification_rate_report (id, created_date, updated_date, created_by, updated_by, assessed, certified, rate, operating_unit) VALUES (5, now(), now(), 'SYSTEM', 'SYSTEM', 3175, 3069, 97.00, 'EASTERN_SAMAR');
INSERT INTO certification_rate_report (id, created_date, updated_date, created_by, updated_by, assessed, certified, rate, operating_unit) VALUES (6, now(), now(), 'SYSTEM', 'SYSTEM', 2809, 2651, 94.00, 'NORTHERN_SAMAR');


/* Initial Data for PO Report */

INSERT INTO general_report (id, created_date, updated_date, created_by, updated_by, target, output, rate, operating_unit, egac_type, daily_report_type, report_source_type) VALUES (1, now(), now(), 'SYSTEM', 'SYSTEM', 27549, 12174, 44.00, 'LEYTE', 'ENROLLED', 'PO_REPORT', 'T2MIS');
INSERT INTO general_report (id, created_date, updated_date, created_by, updated_by, target, output, rate, operating_unit, egac_type, daily_report_type, report_source_type) VALUES (2, now(), now(), 'SYSTEM', 'SYSTEM', 4792, 2073, 43.00, 'SOUTHERN_LEYTE', 'ENROLLED', 'PO_REPORT', 'T2MIS');
INSERT INTO general_report (id, created_date, updated_date, created_by, updated_by, target, output, rate, operating_unit, egac_type, daily_report_type, report_source_type) VALUES (3, now(), now(), 'SYSTEM', 'SYSTEM', 2762, 734, 27.00, 'BILIRAN', 'ENROLLED', 'PO_REPORT', 'T2MIS');
INSERT INTO general_report (id, created_date, updated_date, created_by, updated_by, target, output, rate, operating_unit, egac_type, daily_report_type, report_source_type) VALUES (4, now(), now(), 'SYSTEM', 'SYSTEM', 6671, 1531, 23.00, 'SAMAR', 'ENROLLED', 'PO_REPORT', 'T2MIS');
INSERT INTO general_report (id, created_date, updated_date, created_by, updated_by, target, output, rate, operating_unit, egac_type, daily_report_type, report_source_type) VALUES (5, now(), now(), 'SYSTEM', 'SYSTEM', 5671, 2780, 49.00, 'EASTERN_SAMAR', 'ENROLLED', 'PO_REPORT', 'T2MIS');
INSERT INTO general_report (id, created_date, updated_date, created_by, updated_by, target, output, rate, operating_unit, egac_type, daily_report_type, report_source_type) VALUES (6, now(), now(), 'SYSTEM', 'SYSTEM', 8210, 4496, 55.00, 'NORTHERN_SAMAR', 'ENROLLED', 'PO_REPORT', 'T2MIS');

INSERT INTO general_report (id, created_date, updated_date, created_by, updated_by, target, output, rate, operating_unit, egac_type, daily_report_type, report_source_type) VALUES (7, now(), now(), 'SYSTEM', 'SYSTEM', 24794, 13941, 56.00, 'LEYTE', 'GRADUATED', 'PO_REPORT', 'T2MIS');
INSERT INTO general_report (id, created_date, updated_date, created_by, updated_by, target, output, rate, operating_unit, egac_type, daily_report_type, report_source_type) VALUES (8, now(), now(), 'SYSTEM', 'SYSTEM', 4312, 2013, 47.00, 'SOUTHERN_LEYTE', 'GRADUATED', 'PO_REPORT', 'T2MIS');
INSERT INTO general_report (id, created_date, updated_date, created_by, updated_by, target, output, rate, operating_unit, egac_type, daily_report_type, report_source_type) VALUES (9, now(), now(), 'SYSTEM', 'SYSTEM', 2486, 1530, 62.00, 'BILIRAN', 'GRADUATED', 'PO_REPORT', 'T2MIS');
INSERT INTO general_report (id, created_date, updated_date, created_by, updated_by, target, output, rate, operating_unit, egac_type, daily_report_type, report_source_type) VALUES (10, now(), now(), 'SYSTEM', 'SYSTEM', 6004, 2000, 33.00, 'SAMAR', 'GRADUATED', 'PO_REPORT', 'T2MIS');
INSERT INTO general_report (id, created_date, updated_date, created_by, updated_by, target, output, rate, operating_unit, egac_type, daily_report_type, report_source_type) VALUES (11, now(), now(), 'SYSTEM', 'SYSTEM', 5104, 3412, 67.00, 'EASTERN_SAMAR', 'GRADUATED', 'PO_REPORT', 'T2MIS');
INSERT INTO general_report (id, created_date, updated_date, created_by, updated_by, target, output, rate, operating_unit, egac_type, daily_report_type, report_source_type) VALUES (12, now(), now(), 'SYSTEM', 'SYSTEM', 7389, 4534, 61.00, 'NORTHERN_SAMAR', 'GRADUATED', 'PO_REPORT', 'T2MIS');

INSERT INTO general_report (id, created_date, updated_date, created_by, updated_by, target, output, rate, operating_unit, egac_type, daily_report_type, report_source_type) VALUES (13, now(), now(), 'SYSTEM', 'SYSTEM', 10180, 9827, 97.00, 'LEYTE', 'ASSESSED', 'PO_REPORT', 'T2MIS');
INSERT INTO general_report (id, created_date, updated_date, created_by, updated_by, target, output, rate, operating_unit, egac_type, daily_report_type, report_source_type) VALUES (14, now(), now(), 'SYSTEM', 'SYSTEM', 1978, 1274, 64.00, 'SOUTHERN_LEYTE', 'ASSESSED', 'PO_REPORT', 'T2MIS');
INSERT INTO general_report (id, created_date, updated_date, created_by, updated_by, target, output, rate, operating_unit, egac_type, daily_report_type, report_source_type) VALUES (15, now(), now(), 'SYSTEM', 'SYSTEM', 1543, 1428, 93.00, 'BILIRAN', 'ASSESSED', 'PO_REPORT', 'T2MIS');
INSERT INTO general_report (id, created_date, updated_date, created_by, updated_by, target, output, rate, operating_unit, egac_type, daily_report_type, report_source_type) VALUES (16, now(), now(), 'SYSTEM', 'SYSTEM', 3565, 2355, 66.00, 'SAMAR', 'ASSESSED', 'PO_REPORT', 'T2MIS');
INSERT INTO general_report (id, created_date, updated_date, created_by, updated_by, target, output, rate, operating_unit, egac_type, daily_report_type, report_source_type) VALUES (17, now(), now(), 'SYSTEM', 'SYSTEM', 3769, 3175, 84.00, 'EASTERN_SAMAR', 'ASSESSED', 'PO_REPORT', 'T2MIS');
INSERT INTO general_report (id, created_date, updated_date, created_by, updated_by, target, output, rate, operating_unit, egac_type, daily_report_type, report_source_type) VALUES (18, now(), now(), 'SYSTEM', 'SYSTEM', 3533, 2809, 80.00, 'NORTHERN_SAMAR', 'ASSESSED', 'PO_REPORT', 'T2MIS');

INSERT INTO general_report (id, created_date, updated_date, created_by, updated_by, target, output, rate, operating_unit, egac_type, daily_report_type, report_source_type) VALUES (19, now(), now(), 'SYSTEM', 'SYSTEM', 9366, 9591, 102.00, 'LEYTE', 'CERTIFIED', 'PO_REPORT', 'T2MIS');
INSERT INTO general_report (id, created_date, updated_date, created_by, updated_by, target, output, rate, operating_unit, egac_type, daily_report_type, report_source_type) VALUES (20, now(), now(), 'SYSTEM', 'SYSTEM', 1820, 1268, 70.00, 'SOUTHERN_LEYTE', 'CERTIFIED', 'PO_REPORT', 'T2MIS');
INSERT INTO general_report (id, created_date, updated_date, created_by, updated_by, target, output, rate, operating_unit, egac_type, daily_report_type, report_source_type) VALUES (21, now(), now(), 'SYSTEM', 'SYSTEM', 1419, 1423, 100.00, 'BILIRAN', 'CERTIFIED', 'PO_REPORT', 'T2MIS');
INSERT INTO general_report (id, created_date, updated_date, created_by, updated_by, target, output, rate, operating_unit, egac_type, daily_report_type, report_source_type) VALUES (22, now(), now(), 'SYSTEM', 'SYSTEM', 3280, 2317, 71.00, 'SAMAR', 'CERTIFIED', 'PO_REPORT', 'T2MIS');
INSERT INTO general_report (id, created_date, updated_date, created_by, updated_by, target, output, rate, operating_unit, egac_type, daily_report_type, report_source_type) VALUES (23, now(), now(), 'SYSTEM', 'SYSTEM', 3467, 3069, 89.00, 'EASTERN_SAMAR', 'CERTIFIED', 'PO_REPORT', 'T2MIS');
INSERT INTO general_report (id, created_date, updated_date, created_by, updated_by, target, output, rate, operating_unit, egac_type, daily_report_type, report_source_type) VALUES (24, now(), now(), 'SYSTEM', 'SYSTEM', 3250, 2651, 82.00, 'NORTHERN_SAMAR', 'CERTIFIED', 'PO_REPORT', 'T2MIS');


/* Initial Data for Institution Based Report */

INSERT INTO general_report (id, created_date, updated_date, created_by, updated_by, target, output, rate, operating_unit, egac_type, daily_report_type, report_source_type) VALUES (25, now(), now(), 'SYSTEM', 'SYSTEM', 10135, 4739, 47.00, 'LEYTE', 'ENROLLED', 'INSTITUTION_BASED_REPORT', 'T2MIS');
INSERT INTO general_report (id, created_date, updated_date, created_by, updated_by, target, output, rate, operating_unit, egac_type, daily_report_type, report_source_type) VALUES (26, now(), now(), 'SYSTEM', 'SYSTEM', 800, 815, 102.00, 'SOUTHERN_LEYTE', 'ENROLLED', 'INSTITUTION_BASED_REPORT', 'T2MIS');
INSERT INTO general_report (id, created_date, updated_date, created_by, updated_by, target, output, rate, operating_unit, egac_type, daily_report_type, report_source_type) VALUES (27, now(), now(), 'SYSTEM', 'SYSTEM', 1848, 641, 35.00, 'BILIRAN', 'ENROLLED', 'INSTITUTION_BASED_REPORT', 'T2MIS');
INSERT INTO general_report (id, created_date, updated_date, created_by, updated_by, target, output, rate, operating_unit, egac_type, daily_report_type, report_source_type) VALUES (28, now(), now(), 'SYSTEM', 'SYSTEM', 1039, 932, 90.00, 'SAMAR', 'ENROLLED', 'INSTITUTION_BASED_REPORT', 'T2MIS');
INSERT INTO general_report (id, created_date, updated_date, created_by, updated_by, target, output, rate, operating_unit, egac_type, daily_report_type, report_source_type) VALUES (29, now(), now(), 'SYSTEM', 'SYSTEM', 3000, 1695, 57.00, 'EASTERN_SAMAR', 'ENROLLED', 'INSTITUTION_BASED_REPORT', 'T2MIS');
INSERT INTO general_report (id, created_date, updated_date, created_by, updated_by, target, output, rate, operating_unit, egac_type, daily_report_type, report_source_type) VALUES (30, now(), now(), 'SYSTEM', 'SYSTEM', 4768, 1334, 28.00, 'NORTHERN_SAMAR', 'ENROLLED', 'INSTITUTION_BASED_REPORT', 'T2MIS');

INSERT INTO general_report (id, created_date, updated_date, created_by, updated_by, target, output, rate, operating_unit, egac_type, daily_report_type, report_source_type) VALUES (31, now(), now(), 'SYSTEM', 'SYSTEM', 9122, 6560, 72.00, 'LEYTE', 'GRADUATED', 'INSTITUTION_BASED_REPORT', 'T2MIS');
INSERT INTO general_report (id, created_date, updated_date, created_by, updated_by, target, output, rate, operating_unit, egac_type, daily_report_type, report_source_type) VALUES (32, now(), now(), 'SYSTEM', 'SYSTEM', 720, 707, 98.00, 'SOUTHERN_LEYTE', 'GRADUATED', 'INSTITUTION_BASED_REPORT', 'T2MIS');
INSERT INTO general_report (id, created_date, updated_date, created_by, updated_by, target, output, rate, operating_unit, egac_type, daily_report_type, report_source_type) VALUES (33, now(), now(), 'SYSTEM', 'SYSTEM', 1663, 849, 51.00, 'BILIRAN', 'GRADUATED', 'INSTITUTION_BASED_REPORT', 'T2MIS');
INSERT INTO general_report (id, created_date, updated_date, created_by, updated_by, target, output, rate, operating_unit, egac_type, daily_report_type, report_source_type) VALUES (34, now(), now(), 'SYSTEM', 'SYSTEM', 935, 1200, 128.00, 'SAMAR', 'GRADUATED', 'INSTITUTION_BASED_REPORT', 'T2MIS');
INSERT INTO general_report (id, created_date, updated_date, created_by, updated_by, target, output, rate, operating_unit, egac_type, daily_report_type, report_source_type) VALUES (35, now(), now(), 'SYSTEM', 'SYSTEM', 2700, 1606, 59.00, 'EASTERN_SAMAR', 'GRADUATED', 'INSTITUTION_BASED_REPORT', 'T2MIS');
INSERT INTO general_report (id, created_date, updated_date, created_by, updated_by, target, output, rate, operating_unit, egac_type, daily_report_type, report_source_type) VALUES (36, now(), now(), 'SYSTEM', 'SYSTEM', 4291, 1368, 32.00, 'NORTHERN_SAMAR', 'GRADUATED', 'INSTITUTION_BASED_REPORT', 'T2MIS');


/* Initial Data for Enterprise Based Report T2MIS */

INSERT INTO general_report (id, created_date, updated_date, created_by, updated_by, target, output, rate, operating_unit, egac_type, daily_report_type, report_source_type) VALUES (37, now(), now(), 'SYSTEM', 'SYSTEM', 157, 66, 42.00, 'LEYTE', 'ENROLLED', 'ENTERPRISE_BASED_REPORT', 'T2MIS');
INSERT INTO general_report (id, created_date, updated_date, created_by, updated_by, target, output, rate, operating_unit, egac_type, daily_report_type, report_source_type) VALUES (38, now(), now(), 'SYSTEM', 'SYSTEM', 36, 20, 56.00, 'SOUTHERN_LEYTE', 'ENROLLED', 'ENTERPRISE_BASED_REPORT', 'T2MIS');
INSERT INTO general_report (id, created_date, updated_date, created_by, updated_by, target, output, rate, operating_unit, egac_type, daily_report_type, report_source_type) VALUES (39, now(), now(), 'SYSTEM', 'SYSTEM', 71, 0, 0.00, 'BILIRAN', 'ENROLLED', 'ENTERPRISE_BASED_REPORT', 'T2MIS');
INSERT INTO general_report (id, created_date, updated_date, created_by, updated_by, target, output, rate, operating_unit, egac_type, daily_report_type, report_source_type) VALUES (40, now(), now(), 'SYSTEM', 'SYSTEM', 21, 0, 0.00, 'SAMAR', 'ENROLLED', 'ENTERPRISE_BASED_REPORT', 'T2MIS');
INSERT INTO general_report (id, created_date, updated_date, created_by, updated_by, target, output, rate, operating_unit, egac_type, daily_report_type, report_source_type) VALUES (41, now(), now(), 'SYSTEM', 'SYSTEM', 249, 70, 28.00, 'EASTERN_SAMAR', 'ENROLLED', 'ENTERPRISE_BASED_REPORT', 'T2MIS');
INSERT INTO general_report (id, created_date, updated_date, created_by, updated_by, target, output, rate, operating_unit, egac_type, daily_report_type, report_source_type) VALUES (42, now(), now(), 'SYSTEM', 'SYSTEM', 11, 0, 0.00, 'NORTHERN_SAMAR', 'ENROLLED', 'ENTERPRISE_BASED_REPORT', 'T2MIS');

INSERT INTO general_report (id, created_date, updated_date, created_by, updated_by, target, output, rate, operating_unit, egac_type, daily_report_type, report_source_type) VALUES (43, now(), now(), 'SYSTEM', 'SYSTEM', 141, 192, 136.00, 'LEYTE', 'GRADUATED', 'ENTERPRISE_BASED_REPORT', 'T2MIS');
INSERT INTO general_report (id, created_date, updated_date, created_by, updated_by, target, output, rate, operating_unit, egac_type, daily_report_type, report_source_type) VALUES (44, now(), now(), 'SYSTEM', 'SYSTEM', 32, 0, 0.00, 'SOUTHERN_LEYTE', 'GRADUATED', 'ENTERPRISE_BASED_REPORT', 'T2MIS');
INSERT INTO general_report (id, created_date, updated_date, created_by, updated_by, target, output, rate, operating_unit, egac_type, daily_report_type, report_source_type) VALUES (45, now(), now(), 'SYSTEM', 'SYSTEM', 64, 7, 11.00, 'BILIRAN', 'GRADUATED', 'ENTERPRISE_BASED_REPORT', 'T2MIS');
INSERT INTO general_report (id, created_date, updated_date, created_by, updated_by, target, output, rate, operating_unit, egac_type, daily_report_type, report_source_type) VALUES (46, now(), now(), 'SYSTEM', 'SYSTEM', 19, 0, 0.00, 'SAMAR', 'GRADUATED', 'ENTERPRISE_BASED_REPORT', 'T2MIS');
INSERT INTO general_report (id, created_date, updated_date, created_by, updated_by, target, output, rate, operating_unit, egac_type, daily_report_type, report_source_type) VALUES (47, now(), now(), 'SYSTEM', 'SYSTEM', 224, 105, 47.00, 'EASTERN_SAMAR', 'GRADUATED', 'ENTERPRISE_BASED_REPORT', 'T2MIS');
INSERT INTO general_report (id, created_date, updated_date, created_by, updated_by, target, output, rate, operating_unit, egac_type, daily_report_type, report_source_type) VALUES (48, now(), now(), 'SYSTEM', 'SYSTEM', 10, 0, 0.00, 'NORTHERN_SAMAR', 'GRADUATED', 'ENTERPRISE_BASED_REPORT', 'T2MIS');


/* Initial Data for Enterprise Based Report GS */

INSERT INTO general_report (id, created_date, updated_date, created_by, updated_by, target, output, rate, operating_unit, egac_type, daily_report_type, report_source_type) VALUES (49, now(), now(), 'SYSTEM', 'SYSTEM', 157, 0, 0.00, 'LEYTE', 'ENROLLED', 'ENTERPRISE_BASED_REPORT', 'GS');
INSERT INTO general_report (id, created_date, updated_date, created_by, updated_by, target, output, rate, operating_unit, egac_type, daily_report_type, report_source_type) VALUES (50, now(), now(), 'SYSTEM', 'SYSTEM', 36, 490, 1361.00, 'SOUTHERN_LEYTE', 'ENROLLED', 'ENTERPRISE_BASED_REPORT', 'GS');
INSERT INTO general_report (id, created_date, updated_date, created_by, updated_by, target, output, rate, operating_unit, egac_type, daily_report_type, report_source_type) VALUES (51, now(), now(), 'SYSTEM', 'SYSTEM', 71, 0, 0.00, 'BILIRAN', 'ENROLLED', 'ENTERPRISE_BASED_REPORT', 'GS');
INSERT INTO general_report (id, created_date, updated_date, created_by, updated_by, target, output, rate, operating_unit, egac_type, daily_report_type, report_source_type) VALUES (52, now(), now(), 'SYSTEM', 'SYSTEM', 21, 517, 2462.00, 'SAMAR', 'ENROLLED', 'ENTERPRISE_BASED_REPORT', 'GS');
INSERT INTO general_report (id, created_date, updated_date, created_by, updated_by, target, output, rate, operating_unit, egac_type, daily_report_type, report_source_type) VALUES (53, now(), now(), 'SYSTEM', 'SYSTEM', 249, 70, 28.00, 'EASTERN_SAMAR', 'ENROLLED', 'ENTERPRISE_BASED_REPORT', 'GS');
INSERT INTO general_report (id, created_date, updated_date, created_by, updated_by, target, output, rate, operating_unit, egac_type, daily_report_type, report_source_type) VALUES (54, now(), now(), 'SYSTEM', 'SYSTEM', 11, 0, 0.00, 'NORTHERN_SAMAR', 'ENROLLED', 'ENTERPRISE_BASED_REPORT', 'GS');

INSERT INTO general_report (id, created_date, updated_date, created_by, updated_by, target, output, rate, operating_unit, egac_type, daily_report_type, report_source_type) VALUES (55, now(), now(), 'SYSTEM', 'SYSTEM', 141, 0, 0.00, 'LEYTE', 'GRADUATED', 'ENTERPRISE_BASED_REPORT', 'GS');
INSERT INTO general_report (id, created_date, updated_date, created_by, updated_by, target, output, rate, operating_unit, egac_type, daily_report_type, report_source_type) VALUES (56, now(), now(), 'SYSTEM', 'SYSTEM', 32, 108, 338.00, 'SOUTHERN_LEYTE', 'GRADUATED', 'ENTERPRISE_BASED_REPORT', 'GS');
INSERT INTO general_report (id, created_date, updated_date, created_by, updated_by, target, output, rate, operating_unit, egac_type, daily_report_type, report_source_type) VALUES (57, now(), now(), 'SYSTEM', 'SYSTEM', 64, 0, 0.00, 'BILIRAN', 'GRADUATED', 'ENTERPRISE_BASED_REPORT', 'GS');
INSERT INTO general_report (id, created_date, updated_date, created_by, updated_by, target, output, rate, operating_unit, egac_type, daily_report_type, report_source_type) VALUES (58, now(), now(), 'SYSTEM', 'SYSTEM', 19, 517, 2721.00, 'SAMAR', 'GRADUATED', 'ENTERPRISE_BASED_REPORT', 'GS');
INSERT INTO general_report (id, created_date, updated_date, created_by, updated_by, target, output, rate, operating_unit, egac_type, daily_report_type, report_source_type) VALUES (59, now(), now(), 'SYSTEM', 'SYSTEM', 224, 0, 0.00, 'EASTERN_SAMAR', 'GRADUATED', 'ENTERPRISE_BASED_REPORT', 'GS');
INSERT INTO general_report (id, created_date, updated_date, created_by, updated_by, target, output, rate, operating_unit, egac_type, daily_report_type, report_source_type) VALUES (60, now(), now(), 'SYSTEM', 'SYSTEM', 10, 0, 0.00, 'NORTHERN_SAMAR', 'GRADUATED', 'ENTERPRISE_BASED_REPORT', 'GS');


/* Initial Data for Community Based Report */

INSERT INTO general_report (id, created_date, updated_date, created_by, updated_by, target, output, rate, operating_unit, egac_type, daily_report_type, report_source_type) VALUES (61, now(), now(), 'SYSTEM', 'SYSTEM', 17257, 7369, 43.00, 'LEYTE', 'ENROLLED', 'COMMUNITY_BASED_REPORT', 'T2MIS');
INSERT INTO general_report (id, created_date, updated_date, created_by, updated_by, target, output, rate, operating_unit, egac_type, daily_report_type, report_source_type) VALUES (62, now(), now(), 'SYSTEM', 'SYSTEM', 3956, 1238, 31.00, 'SOUTHERN_LEYTE', 'ENROLLED', 'COMMUNITY_BASED_REPORT', 'T2MIS');
INSERT INTO general_report (id, created_date, updated_date, created_by, updated_by, target, output, rate, operating_unit, egac_type, daily_report_type, report_source_type) VALUES (63, now(), now(), 'SYSTEM', 'SYSTEM', 843, 93, 11.00, 'BILIRAN', 'ENROLLED', 'COMMUNITY_BASED_REPORT', 'T2MIS');
INSERT INTO general_report (id, created_date, updated_date, created_by, updated_by, target, output, rate, operating_unit, egac_type, daily_report_type, report_source_type) VALUES (64, now(), now(), 'SYSTEM', 'SYSTEM', 5611, 599, 11.00, 'SAMAR', 'ENROLLED', 'COMMUNITY_BASED_REPORT', 'T2MIS');
INSERT INTO general_report (id, created_date, updated_date, created_by, updated_by, target, output, rate, operating_unit, egac_type, daily_report_type, report_source_type) VALUES (65, now(), now(), 'SYSTEM', 'SYSTEM', 2422, 1015, 42.00, 'EASTERN_SAMAR', 'ENROLLED', 'COMMUNITY_BASED_REPORT', 'T2MIS');
INSERT INTO general_report (id, created_date, updated_date, created_by, updated_by, target, output, rate, operating_unit, egac_type, daily_report_type, report_source_type) VALUES (66, now(), now(), 'SYSTEM', 'SYSTEM', 3431, 3162, 92.00, 'NORTHERN_SAMAR', 'ENROLLED', 'COMMUNITY_BASED_REPORT', 'T2MIS');

INSERT INTO general_report (id, created_date, updated_date, created_by, updated_by, target, output, rate, operating_unit, egac_type, daily_report_type, report_source_type) VALUES (67, now(), now(), 'SYSTEM', 'SYSTEM', 15531, 7189, 46.00, 'LEYTE', 'GRADUATED', 'COMMUNITY_BASED_REPORT', 'T2MIS');
INSERT INTO general_report (id, created_date, updated_date, created_by, updated_by, target, output, rate, operating_unit, egac_type, daily_report_type, report_source_type) VALUES (68, now(), now(), 'SYSTEM', 'SYSTEM', 3560, 1306, 37.00, 'SOUTHERN_LEYTE', 'GRADUATED', 'COMMUNITY_BASED_REPORT', 'T2MIS');
INSERT INTO general_report (id, created_date, updated_date, created_by, updated_by, target, output, rate, operating_unit, egac_type, daily_report_type, report_source_type) VALUES (69, now(), now(), 'SYSTEM', 'SYSTEM', 759, 674, 89.00, 'BILIRAN', 'GRADUATED', 'COMMUNITY_BASED_REPORT', 'T2MIS');
INSERT INTO general_report (id, created_date, updated_date, created_by, updated_by, target, output, rate, operating_unit, egac_type, daily_report_type, report_source_type) VALUES (70, now(), now(), 'SYSTEM', 'SYSTEM', 5050, 800, 16.00, 'SAMAR', 'GRADUATED', 'COMMUNITY_BASED_REPORT', 'T2MIS');
INSERT INTO general_report (id, created_date, updated_date, created_by, updated_by, target, output, rate, operating_unit, egac_type, daily_report_type, report_source_type) VALUES (71, now(), now(), 'SYSTEM', 'SYSTEM', 2180, 1701, 78.00, 'EASTERN_SAMAR', 'GRADUATED', 'COMMUNITY_BASED_REPORT', 'T2MIS');
INSERT INTO general_report (id, created_date, updated_date, created_by, updated_by, target, output, rate, operating_unit, egac_type, daily_report_type, report_source_type) VALUES (72, now(), now(), 'SYSTEM', 'SYSTEM', 3088, 3166, 103.00, 'NORTHERN_SAMAR', 'GRADUATED', 'COMMUNITY_BASED_REPORT', 'T2MIS');


/* Initial Data for TTI Report */

INSERT INTO general_report (id, created_date, updated_date, created_by, updated_by, target, output, rate, operating_unit, egac_type, daily_report_type, report_source_type) VALUES (73, now(), now(), 'SYSTEM', 'SYSTEM', 2240, 904, 40.00, 'LEYTE', 'ENROLLED', 'TTI_REPORT', 'T2MIS');
INSERT INTO general_report (id, created_date, updated_date, created_by, updated_by, target, output, rate, operating_unit, egac_type, daily_report_type, report_source_type) VALUES (74, now(), now(), 'SYSTEM', 'SYSTEM', 300, 76, 25.00, 'SOUTHERN_LEYTE', 'ENROLLED', 'TTI_REPORT', 'T2MIS');
INSERT INTO general_report (id, created_date, updated_date, created_by, updated_by, target, output, rate, operating_unit, egac_type, daily_report_type, report_source_type) VALUES (75, now(), now(), 'SYSTEM', 'SYSTEM', 1250, 539, 43.00, 'BILIRAN', 'ENROLLED', 'TTI_REPORT', 'T2MIS');
INSERT INTO general_report (id, created_date, updated_date, created_by, updated_by, target, output, rate, operating_unit, egac_type, daily_report_type, report_source_type) VALUES (76, now(), now(), 'SYSTEM', 'SYSTEM', 250, 25, 10.00, 'SAMAR', 'ENROLLED', 'TTI_REPORT', 'T2MIS');
INSERT INTO general_report (id, created_date, updated_date, created_by, updated_by, target, output, rate, operating_unit, egac_type, daily_report_type, report_source_type) VALUES (77, now(), now(), 'SYSTEM', 'SYSTEM', 2535, 1539, 61.00, 'EASTERN_SAMAR', 'ENROLLED', 'TTI_REPORT', 'T2MIS');
INSERT INTO general_report (id, created_date, updated_date, created_by, updated_by, target, output, rate, operating_unit, egac_type, daily_report_type, report_source_type) VALUES (78, now(), now(), 'SYSTEM', 'SYSTEM', 2675, 1458, 55.00, 'NORTHERN_SAMAR', 'ENROLLED', 'TTI_REPORT', 'T2MIS');

INSERT INTO general_report (id, created_date, updated_date, created_by, updated_by, target, output, rate, operating_unit, egac_type, daily_report_type, report_source_type) VALUES (79, now(), now(), 'SYSTEM', 'SYSTEM', 2151, 1131, 53.00, 'LEYTE', 'GRADUATED', 'TTI_REPORT', 'T2MIS');
INSERT INTO general_report (id, created_date, updated_date, created_by, updated_by, target, output, rate, operating_unit, egac_type, daily_report_type, report_source_type) VALUES (80, now(), now(), 'SYSTEM', 'SYSTEM', 288, 123, 43.00, 'SOUTHERN_LEYTE', 'GRADUATED', 'TTI_REPORT', 'T2MIS');
INSERT INTO general_report (id, created_date, updated_date, created_by, updated_by, target, output, rate, operating_unit, egac_type, daily_report_type, report_source_type) VALUES (81, now(), now(), 'SYSTEM', 'SYSTEM', 1200, 730, 61.00, 'BILIRAN', 'GRADUATED', 'TTI_REPORT', 'T2MIS');
INSERT INTO general_report (id, created_date, updated_date, created_by, updated_by, target, output, rate, operating_unit, egac_type, daily_report_type, report_source_type) VALUES (82, now(), now(), 'SYSTEM', 'SYSTEM', 240, 65, 27.00, 'SAMAR', 'GRADUATED', 'TTI_REPORT', 'T2MIS');
INSERT INTO general_report (id, created_date, updated_date, created_by, updated_by, target, output, rate, operating_unit, egac_type, daily_report_type, report_source_type) VALUES (83, now(), now(), 'SYSTEM', 'SYSTEM', 2433, 1310, 54.00, 'EASTERN_SAMAR', 'GRADUATED', 'TTI_REPORT', 'T2MIS');
INSERT INTO general_report (id, created_date, updated_date, created_by, updated_by, target, output, rate, operating_unit, egac_type, daily_report_type, report_source_type) VALUES (84, now(), now(), 'SYSTEM', 'SYSTEM', 2568, 1460, 57.00, 'NORTHERN_SAMAR', 'GRADUATED', 'TTI_REPORT', 'T2MIS');

INSERT INTO general_report (id, created_date, updated_date, created_by, updated_by, target, output, rate, operating_unit, egac_type, daily_report_type, report_source_type) VALUES (85, now(), now(), 'SYSTEM', 'SYSTEM', 10180, 9827, 97.00, 'LEYTE', 'ASSESSED', 'TTI_REPORT', 'T2MIS');
INSERT INTO general_report (id, created_date, updated_date, created_by, updated_by, target, output, rate, operating_unit, egac_type, daily_report_type, report_source_type) VALUES (86, now(), now(), 'SYSTEM', 'SYSTEM', 1978, 1274, 64.00, 'SOUTHERN_LEYTE', 'ASSESSED', 'TTI_REPORT', 'T2MIS');
INSERT INTO general_report (id, created_date, updated_date, created_by, updated_by, target, output, rate, operating_unit, egac_type, daily_report_type, report_source_type) VALUES (87, now(), now(), 'SYSTEM', 'SYSTEM', 1543, 1428, 93.00, 'BILIRAN', 'ASSESSED', 'TTI_REPORT', 'T2MIS');
INSERT INTO general_report (id, created_date, updated_date, created_by, updated_by, target, output, rate, operating_unit, egac_type, daily_report_type, report_source_type) VALUES (88, now(), now(), 'SYSTEM', 'SYSTEM', 3565, 2355, 66.00, 'SAMAR', 'ASSESSED', 'TTI_REPORT', 'T2MIS');
INSERT INTO general_report (id, created_date, updated_date, created_by, updated_by, target, output, rate, operating_unit, egac_type, daily_report_type, report_source_type) VALUES (89, now(), now(), 'SYSTEM', 'SYSTEM', 3769, 3175, 84.00, 'EASTERN_SAMAR', 'ASSESSED', 'TTI_REPORT', 'T2MIS');
INSERT INTO general_report (id, created_date, updated_date, created_by, updated_by, target, output, rate, operating_unit, egac_type, daily_report_type, report_source_type) VALUES (90, now(), now(), 'SYSTEM', 'SYSTEM', 3533, 2809, 80.00, 'NORTHERN_SAMAR', 'ASSESSED', 'TTI_REPORT', 'T2MIS');

INSERT INTO general_report (id, created_date, updated_date, created_by, updated_by, target, output, rate, operating_unit, egac_type, daily_report_type, report_source_type) VALUES (91, now(), now(), 'SYSTEM', 'SYSTEM', 9366, 9591, 102.00, 'LEYTE', 'CERTIFIED', 'TTI_REPORT', 'T2MIS');
INSERT INTO general_report (id, created_date, updated_date, created_by, updated_by, target, output, rate, operating_unit, egac_type, daily_report_type, report_source_type) VALUES (92, now(), now(), 'SYSTEM', 'SYSTEM', 1820, 1268, 70.00, 'SOUTHERN_LEYTE', 'CERTIFIED', 'TTI_REPORT', 'T2MIS');
INSERT INTO general_report (id, created_date, updated_date, created_by, updated_by, target, output, rate, operating_unit, egac_type, daily_report_type, report_source_type) VALUES (93, now(), now(), 'SYSTEM', 'SYSTEM', 1419, 1423, 100.00, 'BILIRAN', 'CERTIFIED', 'TTI_REPORT', 'T2MIS');
INSERT INTO general_report (id, created_date, updated_date, created_by, updated_by, target, output, rate, operating_unit, egac_type, daily_report_type, report_source_type) VALUES (94, now(), now(), 'SYSTEM', 'SYSTEM', 3280, 2317, 71.00, 'SAMAR', 'CERTIFIED', 'TTI_REPORT', 'T2MIS');
INSERT INTO general_report (id, created_date, updated_date, created_by, updated_by, target, output, rate, operating_unit, egac_type, daily_report_type, report_source_type) VALUES (95, now(), now(), 'SYSTEM', 'SYSTEM', 3467, 3069, 89.00, 'EASTERN_SAMAR', 'CERTIFIED', 'TTI_REPORT', 'T2MIS');
INSERT INTO general_report (id, created_date, updated_date, created_by, updated_by, target, output, rate, operating_unit, egac_type, daily_report_type, report_source_type) VALUES (96, now(), now(), 'SYSTEM', 'SYSTEM', 3250, 2651, 82.00, 'NORTHERN_SAMAR', 'CERTIFIED', 'TTI_REPORT', 'T2MIS');



/* Initial Data for RO Per Mode Report GS */

INSERT INTO ro_per_mode_report (id, created_date, updated_date, created_by, updated_by, target, output, rate, delivery_mode, egac_type, report_source_type) VALUES (1, now(), now(), 'SYSTEM', 'SYSTEM', 21590, 10156, 47.00, 'INSTITUTION', 'ENROLLED', 'GS');
INSERT INTO ro_per_mode_report (id, created_date, updated_date, created_by, updated_by, target, output, rate, delivery_mode, egac_type, report_source_type) VALUES (2, now(), now(), 'SYSTEM', 'SYSTEM', 545, 1077, 198.00, 'ENTERPRISE', 'ENROLLED', 'GS');
INSERT INTO ro_per_mode_report (id, created_date, updated_date, created_by, updated_by, target, output, rate, delivery_mode, egac_type, report_source_type) VALUES (3, now(), now(), 'SYSTEM', 'SYSTEM', 33520, 13458, 40.00, 'COMMUNITY', 'ENROLLED', 'GS');

INSERT INTO ro_per_mode_report (id, created_date, updated_date, created_by, updated_by, target, output, rate, delivery_mode, egac_type, report_source_type) VALUES (4, now(), now(), 'SYSTEM', 'SYSTEM', 19431, 12290, 63.00, 'INSTITUTION', 'GRADUATED', 'GS');
INSERT INTO ro_per_mode_report (id, created_date, updated_date, created_by, updated_by, target, output, rate, delivery_mode, egac_type, report_source_type) VALUES (5, now(), now(), 'SYSTEM', 'SYSTEM', 490, 625, 128.00, 'ENTERPRISE', 'GRADUATED', 'GS');
INSERT INTO ro_per_mode_report (id, created_date, updated_date, created_by, updated_by, target, output, rate, delivery_mode, egac_type, report_source_type) VALUES (6, now(), now(), 'SYSTEM', 'SYSTEM', 30168, 14836, 49.00, 'COMMUNITY', 'GRADUATED', 'GS');

INSERT INTO ro_per_mode_report (id, created_date, updated_date, created_by, updated_by, target, output, rate, delivery_mode, egac_type, report_source_type) VALUES (7, now(), now(), 'SYSTEM', 'SYSTEM', 21590, 10156, 47.00, 'INSTITUTION', 'ENROLLED', 'T2MIS');
INSERT INTO ro_per_mode_report (id, created_date, updated_date, created_by, updated_by, target, output, rate, delivery_mode, egac_type, report_source_type) VALUES (8, now(), now(), 'SYSTEM', 'SYSTEM', 545, 156, 29.00, 'ENTERPRISE', 'ENROLLED', 'T2MIS');
INSERT INTO ro_per_mode_report (id, created_date, updated_date, created_by, updated_by, target, output, rate, delivery_mode, egac_type, report_source_type) VALUES (9, now(), now(), 'SYSTEM', 'SYSTEM', 33520, 13476, 40.00, 'COMMUNITY', 'ENROLLED', 'T2MIS');

INSERT INTO ro_per_mode_report (id, created_date, updated_date, created_by, updated_by, target, output, rate, delivery_mode, egac_type, report_source_type) VALUES (10, now(), now(), 'SYSTEM', 'SYSTEM', 19431, 12290, 63.00, 'INSTITUTION', 'GRADUATED', 'T2MIS');
INSERT INTO ro_per_mode_report (id, created_date, updated_date, created_by, updated_by, target, output, rate, delivery_mode, egac_type, report_source_type) VALUES (11, now(), now(), 'SYSTEM', 'SYSTEM', 490, 304, 62.00, 'ENTERPRISE', 'GRADUATED', 'T2MIS');
INSERT INTO ro_per_mode_report (id, created_date, updated_date, created_by, updated_by, target, output, rate, delivery_mode, egac_type, report_source_type) VALUES (12, now(), now(), 'SYSTEM', 'SYSTEM', 30168, 14836, 49.00, 'COMMUNITY', 'GRADUATED', 'T2MIS');

/* initial daily report info */
INSERT INTO daily_report_info (id, updated_by, updated_date) VALUES (1, 'SYSTEM', now());

/* operating units */

INSERT INTO operating_unit(id, created_date, updated_date, created_by, updated_by, operating_unit_type) VALUES (1, now(), now(), 'SYSTEM', 'SYSTEM', 'LEYTE');
INSERT INTO operating_unit(id, created_date, updated_date, created_by, updated_by, operating_unit_type) VALUES (2, now(), now(), 'SYSTEM', 'SYSTEM', 'SOUTHERN_LEYTE');
INSERT INTO operating_unit(id, created_date, updated_date, created_by, updated_by, operating_unit_type) VALUES (3, now(), now(), 'SYSTEM', 'SYSTEM', 'BILIRAN');
INSERT INTO operating_unit(id, created_date, updated_date, created_by, updated_by, operating_unit_type) VALUES (4, now(), now(), 'SYSTEM', 'SYSTEM', 'SAMAR');
INSERT INTO operating_unit(id, created_date, updated_date, created_by, updated_by, operating_unit_type) VALUES (5, now(), now(), 'SYSTEM', 'SYSTEM', 'EASTERN_SAMAR');
INSERT INTO operating_unit(id, created_date, updated_date, created_by, updated_by, operating_unit_type) VALUES (6, now(), now(), 'SYSTEM', 'SYSTEM', 'NORTHERN_SAMAR');
INSERT INTO operating_unit(id, created_date, updated_date, created_by, updated_by, operating_unit_type) VALUES (7, now(), now(), 'SYSTEM', 'SYSTEM', 'TOTAL');


/* monthly report leyte */

INSERT INTO monthly_report (id, created_date, updated_date, created_by, updated_by, target, output, rate, egac_type, month, year, operating_unit_id) VALUES (nextval('hibernate_sequence'), now(), now(), 'SYSTEM', 'SYSTEM', 49362, 7531, 15.00, 'ENROLLED', 'JANUARY', 2020, 1);
INSERT INTO monthly_report (id, created_date, updated_date, created_by, updated_by, target, output, rate, egac_type, month, year, operating_unit_id) VALUES (nextval('hibernate_sequence'), now(), now(), 'SYSTEM', 'SYSTEM', 49362, 5539, 11.00, 'ENROLLED', 'FEBRUARY', 2020, 1);
INSERT INTO monthly_report (id, created_date, updated_date, created_by, updated_by, target, output, rate, egac_type, month, year, operating_unit_id) VALUES (nextval('hibernate_sequence'), now(), now(), 'SYSTEM', 'SYSTEM', 49362, 5539, 11.00, 'ENROLLED', 'MARCH', 2020, 1);
INSERT INTO monthly_report (id, created_date, updated_date, created_by, updated_by, target, output, rate, egac_type, month, year, operating_unit_id) VALUES (nextval('hibernate_sequence'), now(), now(), 'SYSTEM', 'SYSTEM', 49362, 5744, 12.00, 'ENROLLED', 'APRIL', 2020, 1);
INSERT INTO monthly_report (id, created_date, updated_date, created_by, updated_by, target, output, rate, egac_type, month, year, operating_unit_id) VALUES (nextval('hibernate_sequence'), now(), now(), 'SYSTEM', 'SYSTEM', 24681, 5539, 22.00, 'ENROLLED', 'MAY', 2020, 1);
INSERT INTO monthly_report (id, created_date, updated_date, created_by, updated_by, target, output, rate, egac_type, month, year, operating_unit_id) VALUES (nextval('hibernate_sequence'), now(), now(), 'SYSTEM', 'SYSTEM', 27549, 8485, 31.00, 'ENROLLED', 'JUNE', 2020, 1);
INSERT INTO monthly_report (id, created_date, updated_date, created_by, updated_by, target, output, rate, egac_type, month, year, operating_unit_id) VALUES (nextval('hibernate_sequence'), now(), now(), 'SYSTEM', 'SYSTEM', 27549, 8590, 31.00, 'ENROLLED', 'JULY', 2020, 1);
INSERT INTO monthly_report (id, created_date, updated_date, created_by, updated_by, target, output, rate, egac_type, month, year, operating_unit_id) VALUES (nextval('hibernate_sequence'), now(), now(), 'SYSTEM', 'SYSTEM', 27549, 8987, 33.00, 'ENROLLED', 'AUGUST', 2020, 1);
INSERT INTO monthly_report (id, created_date, updated_date, created_by, updated_by, target, output, rate, egac_type, month, year, operating_unit_id) VALUES (nextval('hibernate_sequence'), now(), now(), 'SYSTEM', 'SYSTEM', 27549, 11821, 43.00, 'ENROLLED', 'SEPTEMBER', 2020, 1);

INSERT INTO monthly_report (id, created_date, updated_date, created_by, updated_by, target, output, rate, egac_type, month, year, operating_unit_id) VALUES (nextval('hibernate_sequence'), now(), now(), 'SYSTEM', 'SYSTEM', 44426, 4167, 9.00, 'GRADUATED', 'JANUARY', 2020, 1);
INSERT INTO monthly_report (id, created_date, updated_date, created_by, updated_by, target, output, rate, egac_type, month, year, operating_unit_id) VALUES (nextval('hibernate_sequence'), now(), now(), 'SYSTEM', 'SYSTEM', 44426, 6823, 15.00, 'GRADUATED', 'FEBRUARY', 2020, 1);
INSERT INTO monthly_report (id, created_date, updated_date, created_by, updated_by, target, output, rate, egac_type, month, year, operating_unit_id) VALUES (nextval('hibernate_sequence'), now(), now(), 'SYSTEM', 'SYSTEM', 44426, 6823, 15.00, 'GRADUATED', 'MARCH', 2020, 1);
INSERT INTO monthly_report (id, created_date, updated_date, created_by, updated_by, target, output, rate, egac_type, month, year, operating_unit_id) VALUES (nextval('hibernate_sequence'), now(), now(), 'SYSTEM', 'SYSTEM', 44426, 9730, 22.00, 'GRADUATED', 'APRIL', 2020, 1);
INSERT INTO monthly_report (id, created_date, updated_date, created_by, updated_by, target, output, rate, egac_type, month, year, operating_unit_id) VALUES (nextval('hibernate_sequence'), now(), now(), 'SYSTEM', 'SYSTEM', 22213, 6823, 31.00, 'GRADUATED', 'MAY', 2020, 1);
INSERT INTO monthly_report (id, created_date, updated_date, created_by, updated_by, target, output, rate, egac_type, month, year, operating_unit_id) VALUES (nextval('hibernate_sequence'), now(), now(), 'SYSTEM', 'SYSTEM', 24794, 13352, 54.00, 'GRADUATED', 'JUNE', 2020, 1);
INSERT INTO monthly_report (id, created_date, updated_date, created_by, updated_by, target, output, rate, egac_type, month, year, operating_unit_id) VALUES (nextval('hibernate_sequence'), now(), now(), 'SYSTEM', 'SYSTEM', 24794, 13487, 54.00, 'GRADUATED', 'JULY', 2020, 1);
INSERT INTO monthly_report (id, created_date, updated_date, created_by, updated_by, target, output, rate, egac_type, month, year, operating_unit_id) VALUES (nextval('hibernate_sequence'), now(), now(), 'SYSTEM', 'SYSTEM', 24794, 13522, 55.00, 'GRADUATED', 'AUGUST', 2020, 1);
INSERT INTO monthly_report (id, created_date, updated_date, created_by, updated_by, target, output, rate, egac_type, month, year, operating_unit_id) VALUES (nextval('hibernate_sequence'), now(), now(), 'SYSTEM', 'SYSTEM', 24794, 13800, 56.00, 'GRADUATED', 'SEPTEMBER', 2020, 1);

INSERT INTO monthly_report (id, created_date, updated_date, created_by, updated_by, target, output, rate, egac_type, month, year, operating_unit_id) VALUES (nextval('hibernate_sequence'), now(), now(), 'SYSTEM', 'SYSTEM', 27163, 2372, 9.00, 'ASSESSED', 'JANUARY', 2020, 1);
INSERT INTO monthly_report (id, created_date, updated_date, created_by, updated_by, target, output, rate, egac_type, month, year, operating_unit_id) VALUES (nextval('hibernate_sequence'), now(), now(), 'SYSTEM', 'SYSTEM', 27163, 8937, 33.00, 'ASSESSED', 'FEBRUARY', 2020, 1);
INSERT INTO monthly_report (id, created_date, updated_date, created_by, updated_by, target, output, rate, egac_type, month, year, operating_unit_id) VALUES (nextval('hibernate_sequence'), now(), now(), 'SYSTEM', 'SYSTEM', 27163, 8937, 33.00, 'ASSESSED', 'MARCH', 2020, 1);
INSERT INTO monthly_report (id, created_date, updated_date, created_by, updated_by, target, output, rate, egac_type, month, year, operating_unit_id) VALUES (nextval('hibernate_sequence'), now(), now(), 'SYSTEM', 'SYSTEM', 27163, 9005, 33.00, 'ASSESSED', 'APRIL', 2020, 1);
INSERT INTO monthly_report (id, created_date, updated_date, created_by, updated_by, target, output, rate, egac_type, month, year, operating_unit_id) VALUES (nextval('hibernate_sequence'), now(), now(), 'SYSTEM', 'SYSTEM', 10180, 9005, 88.00, 'ASSESSED', 'MAY', 2020, 1);
INSERT INTO monthly_report (id, created_date, updated_date, created_by, updated_by, target, output, rate, egac_type, month, year, operating_unit_id) VALUES (nextval('hibernate_sequence'), now(), now(), 'SYSTEM', 'SYSTEM', 10180, 9061, 89.00, 'ASSESSED', 'JUNE', 2020, 1);
INSERT INTO monthly_report (id, created_date, updated_date, created_by, updated_by, target, output, rate, egac_type, month, year, operating_unit_id) VALUES (nextval('hibernate_sequence'), now(), now(), 'SYSTEM', 'SYSTEM', 10180, 9116, 90.00, 'ASSESSED', 'JULY', 2020, 1);
INSERT INTO monthly_report (id, created_date, updated_date, created_by, updated_by, target, output, rate, egac_type, month, year, operating_unit_id) VALUES (nextval('hibernate_sequence'), now(), now(), 'SYSTEM', 'SYSTEM', 10180, 9286, 91.00, 'ASSESSED', 'AUGUST', 2020, 1);
INSERT INTO monthly_report (id, created_date, updated_date, created_by, updated_by, target, output, rate, egac_type, month, year, operating_unit_id) VALUES (nextval('hibernate_sequence'), now(), now(), 'SYSTEM', 'SYSTEM', 10180, 9733, 96.00, 'ASSESSED', 'SEPTEMBER', 2020, 1);

INSERT INTO monthly_report (id, created_date, updated_date, created_by, updated_by, target, output, rate, egac_type, month, year, operating_unit_id) VALUES (nextval('hibernate_sequence'), now(), now(), 'SYSTEM', 'SYSTEM', 24990, 2284, 9.00, 'CERTIFIED', 'JANUARY', 2020, 1);
INSERT INTO monthly_report (id, created_date, updated_date, created_by, updated_by, target, output, rate, egac_type, month, year, operating_unit_id) VALUES (nextval('hibernate_sequence'), now(), now(), 'SYSTEM', 'SYSTEM', 24990, 8711, 35.00, 'CERTIFIED', 'FEBRUARY', 2020, 1);
INSERT INTO monthly_report (id, created_date, updated_date, created_by, updated_by, target, output, rate, egac_type, month, year, operating_unit_id) VALUES (nextval('hibernate_sequence'), now(), now(), 'SYSTEM', 'SYSTEM', 24990, 8711, 35.00, 'CERTIFIED', 'MARCH', 2020, 1);
INSERT INTO monthly_report (id, created_date, updated_date, created_by, updated_by, target, output, rate, egac_type, month, year, operating_unit_id) VALUES (nextval('hibernate_sequence'), now(), now(), 'SYSTEM', 'SYSTEM', 24990, 8779, 35.00, 'CERTIFIED', 'APRIL', 2020, 1);
INSERT INTO monthly_report (id, created_date, updated_date, created_by, updated_by, target, output, rate, egac_type, month, year, operating_unit_id) VALUES (nextval('hibernate_sequence'), now(), now(), 'SYSTEM', 'SYSTEM', 9366, 8779, 94.00, 'CERTIFIED', 'MAY', 2020, 1);
INSERT INTO monthly_report (id, created_date, updated_date, created_by, updated_by, target, output, rate, egac_type, month, year, operating_unit_id) VALUES (nextval('hibernate_sequence'), now(), now(), 'SYSTEM', 'SYSTEM', 9366, 8835, 94.00, 'CERTIFIED', 'JUNE', 2020, 1);
INSERT INTO monthly_report (id, created_date, updated_date, created_by, updated_by, target, output, rate, egac_type, month, year, operating_unit_id) VALUES (nextval('hibernate_sequence'), now(), now(), 'SYSTEM', 'SYSTEM', 9366, 8890, 95.00, 'CERTIFIED', 'JULY', 2020, 1);
INSERT INTO monthly_report (id, created_date, updated_date, created_by, updated_by, target, output, rate, egac_type, month, year, operating_unit_id) VALUES (nextval('hibernate_sequence'), now(), now(), 'SYSTEM', 'SYSTEM', 9366, 9060, 97.00, 'CERTIFIED', 'AUGUST', 2020, 1);
INSERT INTO monthly_report (id, created_date, updated_date, created_by, updated_by, target, output, rate, egac_type, month, year, operating_unit_id) VALUES (nextval('hibernate_sequence'), now(), now(), 'SYSTEM', 'SYSTEM', 9366, 9497, 101.00, 'CERTIFIED', 'SEPTEMBER', 2020, 1);


/* monthly report Southern Leyte */

INSERT INTO monthly_report (id, created_date, updated_date, created_by, updated_by, target, output, rate, egac_type, month, year, operating_unit_id) VALUES (nextval('hibernate_sequence'), now(), now(), 'SYSTEM', 'SYSTEM', 8268, 588, 3.00, 'ENROLLED', 'JANUARY', 2020, 2);
INSERT INTO monthly_report (id, created_date, updated_date, created_by, updated_by, target, output, rate, egac_type, month, year, operating_unit_id) VALUES (nextval('hibernate_sequence'), now(), now(), 'SYSTEM', 'SYSTEM', 8268, 230, 3.00, 'ENROLLED', 'FEBRUARY', 2020, 2);
INSERT INTO monthly_report (id, created_date, updated_date, created_by, updated_by, target, output, rate, egac_type, month, year, operating_unit_id) VALUES (nextval('hibernate_sequence'), now(), now(), 'SYSTEM', 'SYSTEM', 8268, 230, 3.00, 'ENROLLED', 'MARCH', 2020, 2);
INSERT INTO monthly_report (id, created_date, updated_date, created_by, updated_by, target, output, rate, egac_type, month, year, operating_unit_id) VALUES (nextval('hibernate_sequence'), now(), now(), 'SYSTEM', 'SYSTEM', 8268, 322, 4.00, 'ENROLLED', 'APRIL', 2020, 2);
INSERT INTO monthly_report (id, created_date, updated_date, created_by, updated_by, target, output, rate, egac_type, month, year, operating_unit_id) VALUES (nextval('hibernate_sequence'), now(), now(), 'SYSTEM', 'SYSTEM', 4134, 230, 6.00, 'ENROLLED', 'MAY', 2020, 2);
INSERT INTO monthly_report (id, created_date, updated_date, created_by, updated_by, target, output, rate, egac_type, month, year, operating_unit_id) VALUES (nextval('hibernate_sequence'), now(), now(), 'SYSTEM', 'SYSTEM', 2762, 561, 12.00, 'ENROLLED', 'JUNE', 2020, 2);
INSERT INTO monthly_report (id, created_date, updated_date, created_by, updated_by, target, output, rate, egac_type, month, year, operating_unit_id) VALUES (nextval('hibernate_sequence'), now(), now(), 'SYSTEM', 'SYSTEM', 2762, 731, 15.00, 'ENROLLED', 'JULY', 2020, 2);
INSERT INTO monthly_report (id, created_date, updated_date, created_by, updated_by, target, output, rate, egac_type, month, year, operating_unit_id) VALUES (nextval('hibernate_sequence'), now(), now(), 'SYSTEM', 'SYSTEM', 2762, 996, 21.00, 'ENROLLED', 'AUGUST', 2020, 2);
INSERT INTO monthly_report (id, created_date, updated_date, created_by, updated_by, target, output, rate, egac_type, month, year, operating_unit_id) VALUES (nextval('hibernate_sequence'), now(), now(), 'SYSTEM', 'SYSTEM', 2762, 2072, 43.00, 'ENROLLED', 'SEPTEMBER', 2020, 2);

INSERT INTO monthly_report (id, created_date, updated_date, created_by, updated_by, target, output, rate, egac_type, month, year, operating_unit_id) VALUES (nextval('hibernate_sequence'), now(), now(), 'SYSTEM', 'SYSTEM', 7441, 980, 13.00, 'GRADUATED', 'JANUARY', 2020, 2);
INSERT INTO monthly_report (id, created_date, updated_date, created_by, updated_by, target, output, rate, egac_type, month, year, operating_unit_id) VALUES (nextval('hibernate_sequence'), now(), now(), 'SYSTEM', 'SYSTEM', 7441, 727, 10.00, 'GRADUATED', 'FEBRUARY', 2020, 2);
INSERT INTO monthly_report (id, created_date, updated_date, created_by, updated_by, target, output, rate, egac_type, month, year, operating_unit_id) VALUES (nextval('hibernate_sequence'), now(), now(), 'SYSTEM', 'SYSTEM', 7441, 727, 10.00, 'GRADUATED', 'MARCH', 2020, 2);
INSERT INTO monthly_report (id, created_date, updated_date, created_by, updated_by, target, output, rate, egac_type, month, year, operating_unit_id) VALUES (nextval('hibernate_sequence'), now(), now(), 'SYSTEM', 'SYSTEM', 7441, 727, 13.00, 'GRADUATED', 'APRIL', 2020, 2);
INSERT INTO monthly_report (id, created_date, updated_date, created_by, updated_by, target, output, rate, egac_type, month, year, operating_unit_id) VALUES (nextval('hibernate_sequence'), now(), now(), 'SYSTEM', 'SYSTEM', 3721, 727, 20.00, 'GRADUATED', 'MAY', 2020, 2);
INSERT INTO monthly_report (id, created_date, updated_date, created_by, updated_by, target, output, rate, egac_type, month, year, operating_unit_id) VALUES (nextval('hibernate_sequence'), now(), now(), 'SYSTEM', 'SYSTEM', 4312, 1258, 29.00, 'GRADUATED', 'JUNE', 2020, 2);
INSERT INTO monthly_report (id, created_date, updated_date, created_by, updated_by, target, output, rate, egac_type, month, year, operating_unit_id) VALUES (nextval('hibernate_sequence'), now(), now(), 'SYSTEM', 'SYSTEM', 4312, 1423, 33.00, 'GRADUATED', 'JULY', 2020, 2);
INSERT INTO monthly_report (id, created_date, updated_date, created_by, updated_by, target, output, rate, egac_type, month, year, operating_unit_id) VALUES (nextval('hibernate_sequence'), now(), now(), 'SYSTEM', 'SYSTEM', 4312, 1524, 35.00, 'GRADUATED', 'AUGUST', 2020, 2);
INSERT INTO monthly_report (id, created_date, updated_date, created_by, updated_by, target, output, rate, egac_type, month, year, operating_unit_id) VALUES (nextval('hibernate_sequence'), now(), now(), 'SYSTEM', 'SYSTEM', 4312, 1993, 46.00, 'GRADUATED', 'SEPTEMBER', 2020, 2);

INSERT INTO monthly_report (id, created_date, updated_date, created_by, updated_by, target, output, rate, egac_type, month, year, operating_unit_id) VALUES (nextval('hibernate_sequence'), now(), now(), 'SYSTEM', 'SYSTEM', 5277, 237, 4.00, 'ASSESSED', 'JANUARY', 2020, 2);
INSERT INTO monthly_report (id, created_date, updated_date, created_by, updated_by, target, output, rate, egac_type, month, year, operating_unit_id) VALUES (nextval('hibernate_sequence'), now(), now(), 'SYSTEM', 'SYSTEM', 5277, 1129, 21.00, 'ASSESSED', 'FEBRUARY', 2020, 2);
INSERT INTO monthly_report (id, created_date, updated_date, created_by, updated_by, target, output, rate, egac_type, month, year, operating_unit_id) VALUES (nextval('hibernate_sequence'), now(), now(), 'SYSTEM', 'SYSTEM', 5277, 1129, 21.00, 'ASSESSED', 'MARCH', 2020, 2);
INSERT INTO monthly_report (id, created_date, updated_date, created_by, updated_by, target, output, rate, egac_type, month, year, operating_unit_id) VALUES (nextval('hibernate_sequence'), now(), now(), 'SYSTEM', 'SYSTEM', 5277, 1129, 21.00, 'ASSESSED', 'APRIL', 2020, 2);
INSERT INTO monthly_report (id, created_date, updated_date, created_by, updated_by, target, output, rate, egac_type, month, year, operating_unit_id) VALUES (nextval('hibernate_sequence'), now(), now(), 'SYSTEM', 'SYSTEM', 1978, 1129, 57.00, 'ASSESSED', 'MAY', 2020, 2);
INSERT INTO monthly_report (id, created_date, updated_date, created_by, updated_by, target, output, rate, egac_type, month, year, operating_unit_id) VALUES (nextval('hibernate_sequence'), now(), now(), 'SYSTEM', 'SYSTEM', 1978, 1129, 57.00, 'ASSESSED', 'JUNE', 2020, 2);
INSERT INTO monthly_report (id, created_date, updated_date, created_by, updated_by, target, output, rate, egac_type, month, year, operating_unit_id) VALUES (nextval('hibernate_sequence'), now(), now(), 'SYSTEM', 'SYSTEM', 1978, 1129, 57.00, 'ASSESSED', 'JULY', 2020, 2);
INSERT INTO monthly_report (id, created_date, updated_date, created_by, updated_by, target, output, rate, egac_type, month, year, operating_unit_id) VALUES (nextval('hibernate_sequence'), now(), now(), 'SYSTEM', 'SYSTEM', 1978, 1134, 57.00, 'ASSESSED', 'AUGUST', 2020, 2);
INSERT INTO monthly_report (id, created_date, updated_date, created_by, updated_by, target, output, rate, egac_type, month, year, operating_unit_id) VALUES (nextval('hibernate_sequence'), now(), now(), 'SYSTEM', 'SYSTEM', 1978, 1238, 63.00, 'ASSESSED', 'SEPTEMBER', 2020, 2);

INSERT INTO monthly_report (id, created_date, updated_date, created_by, updated_by, target, output, rate, egac_type, month, year, operating_unit_id) VALUES (nextval('hibernate_sequence'), now(), now(), 'SYSTEM', 'SYSTEM', 4855, 234, 5.00, 'CERTIFIED', 'JANUARY', 2020, 2);
INSERT INTO monthly_report (id, created_date, updated_date, created_by, updated_by, target, output, rate, egac_type, month, year, operating_unit_id) VALUES (nextval('hibernate_sequence'), now(), now(), 'SYSTEM', 'SYSTEM', 4855, 1123, 23.00, 'CERTIFIED', 'FEBRUARY', 2020, 2);
INSERT INTO monthly_report (id, created_date, updated_date, created_by, updated_by, target, output, rate, egac_type, month, year, operating_unit_id) VALUES (nextval('hibernate_sequence'), now(), now(), 'SYSTEM', 'SYSTEM', 4855, 1123, 23.00, 'CERTIFIED', 'MARCH', 2020, 2);
INSERT INTO monthly_report (id, created_date, updated_date, created_by, updated_by, target, output, rate, egac_type, month, year, operating_unit_id) VALUES (nextval('hibernate_sequence'), now(), now(), 'SYSTEM', 'SYSTEM', 4855, 1123, 23.00, 'CERTIFIED', 'APRIL', 2020, 2);
INSERT INTO monthly_report (id, created_date, updated_date, created_by, updated_by, target, output, rate, egac_type, month, year, operating_unit_id) VALUES (nextval('hibernate_sequence'), now(), now(), 'SYSTEM', 'SYSTEM', 1820, 1123, 62.00, 'CERTIFIED', 'MAY', 2020, 2);
INSERT INTO monthly_report (id, created_date, updated_date, created_by, updated_by, target, output, rate, egac_type, month, year, operating_unit_id) VALUES (nextval('hibernate_sequence'), now(), now(), 'SYSTEM', 'SYSTEM', 1820, 1123, 62.00, 'CERTIFIED', 'JUNE', 2020, 2);
INSERT INTO monthly_report (id, created_date, updated_date, created_by, updated_by, target, output, rate, egac_type, month, year, operating_unit_id) VALUES (nextval('hibernate_sequence'), now(), now(), 'SYSTEM', 'SYSTEM', 1820, 1123, 62.00, 'CERTIFIED', 'JULY', 2020, 2);
INSERT INTO monthly_report (id, created_date, updated_date, created_by, updated_by, target, output, rate, egac_type, month, year, operating_unit_id) VALUES (nextval('hibernate_sequence'), now(), now(), 'SYSTEM', 'SYSTEM', 1820, 1128, 62.00, 'CERTIFIED', 'AUGUST', 2020, 2);
INSERT INTO monthly_report (id, created_date, updated_date, created_by, updated_by, target, output, rate, egac_type, month, year, operating_unit_id) VALUES (nextval('hibernate_sequence'), now(), now(), 'SYSTEM', 'SYSTEM', 1820, 1232, 68.00, 'CERTIFIED', 'SEPTEMBER', 2020, 2);


/* monthly report Biliran */

INSERT INTO monthly_report (id, created_date, updated_date, created_by, updated_by, target, output, rate, egac_type, month, year, operating_unit_id) VALUES (nextval('hibernate_sequence'), now(), now(), 'SYSTEM', 'SYSTEM', 5296, 59, 1.00, 'ENROLLED', 'JANUARY', 2020, 3);
INSERT INTO monthly_report (id, created_date, updated_date, created_by, updated_by, target, output, rate, egac_type, month, year, operating_unit_id) VALUES (nextval('hibernate_sequence'), now(), now(), 'SYSTEM', 'SYSTEM', 5296, 74, 1.00, 'ENROLLED', 'FEBRUARY', 2020, 3);
INSERT INTO monthly_report (id, created_date, updated_date, created_by, updated_by, target, output, rate, egac_type, month, year, operating_unit_id) VALUES (nextval('hibernate_sequence'), now(), now(), 'SYSTEM', 'SYSTEM', 5296, 74, 1.00, 'ENROLLED', 'MARCH', 2020, 3);
INSERT INTO monthly_report (id, created_date, updated_date, created_by, updated_by, target, output, rate, egac_type, month, year, operating_unit_id) VALUES (nextval('hibernate_sequence'), now(), now(), 'SYSTEM', 'SYSTEM', 5296, 74, 1.00, 'ENROLLED', 'APRIL', 2020, 3);
INSERT INTO monthly_report (id, created_date, updated_date, created_by, updated_by, target, output, rate, egac_type, month, year, operating_unit_id) VALUES (nextval('hibernate_sequence'), now(), now(), 'SYSTEM', 'SYSTEM', 2648, 74, 3.00, 'ENROLLED', 'MAY', 2020, 3);
INSERT INTO monthly_report (id, created_date, updated_date, created_by, updated_by, target, output, rate, egac_type, month, year, operating_unit_id) VALUES (nextval('hibernate_sequence'), now(), now(), 'SYSTEM', 'SYSTEM', 2762, 74, 3.00, 'ENROLLED', 'JUNE', 2020, 3);
INSERT INTO monthly_report (id, created_date, updated_date, created_by, updated_by, target, output, rate, egac_type, month, year, operating_unit_id) VALUES (nextval('hibernate_sequence'), now(), now(), 'SYSTEM', 'SYSTEM', 2762, 102, 4.00, 'ENROLLED', 'JULY', 2020, 3);
INSERT INTO monthly_report (id, created_date, updated_date, created_by, updated_by, target, output, rate, egac_type, month, year, operating_unit_id) VALUES (nextval('hibernate_sequence'), now(), now(), 'SYSTEM', 'SYSTEM', 2762, 270, 10.00, 'ENROLLED', 'AUGUST', 2020, 3);
INSERT INTO monthly_report (id, created_date, updated_date, created_by, updated_by, target, output, rate, egac_type, month, year, operating_unit_id) VALUES (nextval('hibernate_sequence'), now(), now(), 'SYSTEM', 'SYSTEM', 2762, 669, 24.00, 'ENROLLED', 'SEPTEMBER', 2020, 3);

INSERT INTO monthly_report (id, created_date, updated_date, created_by, updated_by, target, output, rate, egac_type, month, year, operating_unit_id) VALUES (nextval('hibernate_sequence'), now(), now(), 'SYSTEM', 'SYSTEM', 4766, 599, 13.00, 'GRADUATED', 'JANUARY', 2020, 3);
INSERT INTO monthly_report (id, created_date, updated_date, created_by, updated_by, target, output, rate, egac_type, month, year, operating_unit_id) VALUES (nextval('hibernate_sequence'), now(), now(), 'SYSTEM', 'SYSTEM', 4766, 980, 21.00, 'GRADUATED', 'FEBRUARY', 2020, 3);
INSERT INTO monthly_report (id, created_date, updated_date, created_by, updated_by, target, output, rate, egac_type, month, year, operating_unit_id) VALUES (nextval('hibernate_sequence'), now(), now(), 'SYSTEM', 'SYSTEM', 4766, 980, 21.00, 'GRADUATED', 'MARCH', 2020, 3);
INSERT INTO monthly_report (id, created_date, updated_date, created_by, updated_by, target, output, rate, egac_type, month, year, operating_unit_id) VALUES (nextval('hibernate_sequence'), now(), now(), 'SYSTEM', 'SYSTEM', 4766, 1059, 22.00, 'GRADUATED', 'APRIL', 2020, 3);
INSERT INTO monthly_report (id, created_date, updated_date, created_by, updated_by, target, output, rate, egac_type, month, year, operating_unit_id) VALUES (nextval('hibernate_sequence'), now(), now(), 'SYSTEM', 'SYSTEM', 2383, 980, 41.00, 'GRADUATED', 'MAY', 2020, 3);
INSERT INTO monthly_report (id, created_date, updated_date, created_by, updated_by, target, output, rate, egac_type, month, year, operating_unit_id) VALUES (nextval('hibernate_sequence'), now(), now(), 'SYSTEM', 'SYSTEM', 2486, 1058, 43.00, 'GRADUATED', 'JUNE', 2020, 3);
INSERT INTO monthly_report (id, created_date, updated_date, created_by, updated_by, target, output, rate, egac_type, month, year, operating_unit_id) VALUES (nextval('hibernate_sequence'), now(), now(), 'SYSTEM', 'SYSTEM', 2486, 1086, 44.00, 'GRADUATED', 'JULY', 2020, 3);
INSERT INTO monthly_report (id, created_date, updated_date, created_by, updated_by, target, output, rate, egac_type, month, year, operating_unit_id) VALUES (nextval('hibernate_sequence'), now(), now(), 'SYSTEM', 'SYSTEM', 2486, 1409, 57.00, 'GRADUATED', 'AUGUST', 2020, 3);
INSERT INTO monthly_report (id, created_date, updated_date, created_by, updated_by, target, output, rate, egac_type, month, year, operating_unit_id) VALUES (nextval('hibernate_sequence'), now(), now(), 'SYSTEM', 'SYSTEM', 2486, 1515, 61.00, 'GRADUATED', 'SEPTEMBER', 2020, 3);

INSERT INTO monthly_report (id, created_date, updated_date, created_by, updated_by, target, output, rate, egac_type, month, year, operating_unit_id) VALUES (nextval('hibernate_sequence'), now(), now(), 'SYSTEM', 'SYSTEM', 4117, 372, 9.00, 'ASSESSED', 'JANUARY', 2020, 3);
INSERT INTO monthly_report (id, created_date, updated_date, created_by, updated_by, target, output, rate, egac_type, month, year, operating_unit_id) VALUES (nextval('hibernate_sequence'), now(), now(), 'SYSTEM', 'SYSTEM', 4117, 1124, 27.00, 'ASSESSED', 'FEBRUARY', 2020, 3);
INSERT INTO monthly_report (id, created_date, updated_date, created_by, updated_by, target, output, rate, egac_type, month, year, operating_unit_id) VALUES (nextval('hibernate_sequence'), now(), now(), 'SYSTEM', 'SYSTEM', 4117, 1124, 27.00, 'ASSESSED', 'MARCH', 2020, 3);
INSERT INTO monthly_report (id, created_date, updated_date, created_by, updated_by, target, output, rate, egac_type, month, year, operating_unit_id) VALUES (nextval('hibernate_sequence'), now(), now(), 'SYSTEM', 'SYSTEM', 4117, 1124, 27.00, 'ASSESSED', 'APRIL', 2020, 3);
INSERT INTO monthly_report (id, created_date, updated_date, created_by, updated_by, target, output, rate, egac_type, month, year, operating_unit_id) VALUES (nextval('hibernate_sequence'), now(), now(), 'SYSTEM', 'SYSTEM', 1543, 1124, 73.00, 'ASSESSED', 'MAY', 2020, 3);
INSERT INTO monthly_report (id, created_date, updated_date, created_by, updated_by, target, output, rate, egac_type, month, year, operating_unit_id) VALUES (nextval('hibernate_sequence'), now(), now(), 'SYSTEM', 'SYSTEM', 1543, 1124, 73.00, 'ASSESSED', 'JUNE', 2020, 3);
INSERT INTO monthly_report (id, created_date, updated_date, created_by, updated_by, target, output, rate, egac_type, month, year, operating_unit_id) VALUES (nextval('hibernate_sequence'), now(), now(), 'SYSTEM', 'SYSTEM', 1543, 1153, 75.00, 'ASSESSED', 'JULY', 2020, 3);
INSERT INTO monthly_report (id, created_date, updated_date, created_by, updated_by, target, output, rate, egac_type, month, year, operating_unit_id) VALUES (nextval('hibernate_sequence'), now(), now(), 'SYSTEM', 'SYSTEM', 1543, 1220, 79.00, 'ASSESSED', 'AUGUST', 2020, 3);
INSERT INTO monthly_report (id, created_date, updated_date, created_by, updated_by, target, output, rate, egac_type, month, year, operating_unit_id) VALUES (nextval('hibernate_sequence'), now(), now(), 'SYSTEM', 'SYSTEM', 1543, 1378, 89.00, 'ASSESSED', 'SEPTEMBER', 2020, 3);

INSERT INTO monthly_report (id, created_date, updated_date, created_by, updated_by, target, output, rate, egac_type, month, year, operating_unit_id) VALUES (nextval('hibernate_sequence'), now(), now(), 'SYSTEM', 'SYSTEM', 3788, 372, 9.00, 'CERTIFIED', 'JANUARY', 2020, 3);
INSERT INTO monthly_report (id, created_date, updated_date, created_by, updated_by, target, output, rate, egac_type, month, year, operating_unit_id) VALUES (nextval('hibernate_sequence'), now(), now(), 'SYSTEM', 'SYSTEM', 3788, 1119, 30.00, 'CERTIFIED', 'FEBRUARY', 2020, 3);
INSERT INTO monthly_report (id, created_date, updated_date, created_by, updated_by, target, output, rate, egac_type, month, year, operating_unit_id) VALUES (nextval('hibernate_sequence'), now(), now(), 'SYSTEM', 'SYSTEM', 3788, 1119, 30.00, 'CERTIFIED', 'MARCH', 2020, 3);
INSERT INTO monthly_report (id, created_date, updated_date, created_by, updated_by, target, output, rate, egac_type, month, year, operating_unit_id) VALUES (nextval('hibernate_sequence'), now(), now(), 'SYSTEM', 'SYSTEM', 3788, 1119, 30.00, 'CERTIFIED', 'APRIL', 2020, 3);
INSERT INTO monthly_report (id, created_date, updated_date, created_by, updated_by, target, output, rate, egac_type, month, year, operating_unit_id) VALUES (nextval('hibernate_sequence'), now(), now(), 'SYSTEM', 'SYSTEM', 1419, 1119, 79.00, 'CERTIFIED', 'MAY', 2020, 3);
INSERT INTO monthly_report (id, created_date, updated_date, created_by, updated_by, target, output, rate, egac_type, month, year, operating_unit_id) VALUES (nextval('hibernate_sequence'), now(), now(), 'SYSTEM', 'SYSTEM', 1419, 1119, 79.00, 'CERTIFIED', 'JUNE', 2020, 3);
INSERT INTO monthly_report (id, created_date, updated_date, created_by, updated_by, target, output, rate, egac_type, month, year, operating_unit_id) VALUES (nextval('hibernate_sequence'), now(), now(), 'SYSTEM', 'SYSTEM', 1419, 1148, 81.00, 'CERTIFIED', 'JULY', 2020, 3);
INSERT INTO monthly_report (id, created_date, updated_date, created_by, updated_by, target, output, rate, egac_type, month, year, operating_unit_id) VALUES (nextval('hibernate_sequence'), now(), now(), 'SYSTEM', 'SYSTEM', 1419, 1215, 86.00, 'CERTIFIED', 'AUGUST', 2020, 3);
INSERT INTO monthly_report (id, created_date, updated_date, created_by, updated_by, target, output, rate, egac_type, month, year, operating_unit_id) VALUES (nextval('hibernate_sequence'), now(), now(), 'SYSTEM', 'SYSTEM', 1419, 1373, 97.00, 'CERTIFIED', 'SEPTEMBER', 2020, 3);


/* monthly report Samar */

INSERT INTO monthly_report (id, created_date, updated_date, created_by, updated_by, target, output, rate, egac_type, month, year, operating_unit_id) VALUES (nextval('hibernate_sequence'), now(), now(), 'SYSTEM', 'SYSTEM', 15454, 640, 4.00, 'ENROLLED', 'JANUARY', 2020, 4);
INSERT INTO monthly_report (id, created_date, updated_date, created_by, updated_by, target, output, rate, egac_type, month, year, operating_unit_id) VALUES (nextval('hibernate_sequence'), now(), now(), 'SYSTEM', 'SYSTEM', 15454, 969, 6.00, 'ENROLLED', 'FEBRUARY', 2020, 4);
INSERT INTO monthly_report (id, created_date, updated_date, created_by, updated_by, target, output, rate, egac_type, month, year, operating_unit_id) VALUES (nextval('hibernate_sequence'), now(), now(), 'SYSTEM', 'SYSTEM', 15454, 969, 6.00, 'ENROLLED', 'MARCH', 2020, 4);
INSERT INTO monthly_report (id, created_date, updated_date, created_by, updated_by, target, output, rate, egac_type, month, year, operating_unit_id) VALUES (nextval('hibernate_sequence'), now(), now(), 'SYSTEM', 'SYSTEM', 15454, 969, 6.00, 'ENROLLED', 'APRIL', 2020, 4);
INSERT INTO monthly_report (id, created_date, updated_date, created_by, updated_by, target, output, rate, egac_type, month, year, operating_unit_id) VALUES (nextval('hibernate_sequence'), now(), now(), 'SYSTEM', 'SYSTEM', 5727, 969, 17.00, 'ENROLLED', 'MAY', 2020, 4);
INSERT INTO monthly_report (id, created_date, updated_date, created_by, updated_by, target, output, rate, egac_type, month, year, operating_unit_id) VALUES (nextval('hibernate_sequence'), now(), now(), 'SYSTEM', 'SYSTEM', 6671, 969, 15.00, 'ENROLLED', 'JUNE', 2020, 4);
INSERT INTO monthly_report (id, created_date, updated_date, created_by, updated_by, target, output, rate, egac_type, month, year, operating_unit_id) VALUES (nextval('hibernate_sequence'), now(), now(), 'SYSTEM', 'SYSTEM', 6671, 995, 15.00, 'ENROLLED', 'JULY', 2020, 4);
INSERT INTO monthly_report (id, created_date, updated_date, created_by, updated_by, target, output, rate, egac_type, month, year, operating_unit_id) VALUES (nextval('hibernate_sequence'), now(), now(), 'SYSTEM', 'SYSTEM', 6671, 1073, 16.00, 'ENROLLED', 'AUGUST', 2020, 4);
INSERT INTO monthly_report (id, created_date, updated_date, created_by, updated_by, target, output, rate, egac_type, month, year, operating_unit_id) VALUES (nextval('hibernate_sequence'), now(), now(), 'SYSTEM', 'SYSTEM', 6671, 1431, 21.00, 'ENROLLED', 'SEPTEMBER', 2020, 4);

INSERT INTO monthly_report (id, created_date, updated_date, created_by, updated_by, target, output, rate, egac_type, month, year, operating_unit_id) VALUES (nextval('hibernate_sequence'), now(), now(), 'SYSTEM', 'SYSTEM', 13909, 617, 12.00, 'GRADUATED', 'JANUARY', 2020, 4);
INSERT INTO monthly_report (id, created_date, updated_date, created_by, updated_by, target, output, rate, egac_type, month, year, operating_unit_id) VALUES (nextval('hibernate_sequence'), now(), now(), 'SYSTEM', 'SYSTEM', 13909, 1675, 12.00, 'GRADUATED', 'FEBRUARY', 2020, 4);
INSERT INTO monthly_report (id, created_date, updated_date, created_by, updated_by, target, output, rate, egac_type, month, year, operating_unit_id) VALUES (nextval('hibernate_sequence'), now(), now(), 'SYSTEM', 'SYSTEM', 13909, 1675, 12.00, 'GRADUATED', 'MARCH', 2020, 4);
INSERT INTO monthly_report (id, created_date, updated_date, created_by, updated_by, target, output, rate, egac_type, month, year, operating_unit_id) VALUES (nextval('hibernate_sequence'), now(), now(), 'SYSTEM', 'SYSTEM', 13909, 1675, 12.00, 'GRADUATED', 'APRIL', 2020, 4);
INSERT INTO monthly_report (id, created_date, updated_date, created_by, updated_by, target, output, rate, egac_type, month, year, operating_unit_id) VALUES (nextval('hibernate_sequence'), now(), now(), 'SYSTEM', 'SYSTEM', 5154, 1675, 32.00, 'GRADUATED', 'MAY', 2020, 4);
INSERT INTO monthly_report (id, created_date, updated_date, created_by, updated_by, target, output, rate, egac_type, month, year, operating_unit_id) VALUES (nextval('hibernate_sequence'), now(), now(), 'SYSTEM', 'SYSTEM', 6004, 1921, 32.00, 'GRADUATED', 'JUNE', 2020, 4);
INSERT INTO monthly_report (id, created_date, updated_date, created_by, updated_by, target, output, rate, egac_type, month, year, operating_unit_id) VALUES (nextval('hibernate_sequence'), now(), now(), 'SYSTEM', 'SYSTEM', 6004, 1947, 32.00, 'GRADUATED', 'JULY', 2020, 4);
INSERT INTO monthly_report (id, created_date, updated_date, created_by, updated_by, target, output, rate, egac_type, month, year, operating_unit_id) VALUES (nextval('hibernate_sequence'), now(), now(), 'SYSTEM', 'SYSTEM', 6004, 1982, 33.00, 'GRADUATED', 'AUGUST', 2020, 4);
INSERT INTO monthly_report (id, created_date, updated_date, created_by, updated_by, target, output, rate, egac_type, month, year, operating_unit_id) VALUES (nextval('hibernate_sequence'), now(), now(), 'SYSTEM', 'SYSTEM', 6004, 2000, 33.00, 'GRADUATED', 'SEPTEMBER', 2020, 4);

INSERT INTO monthly_report (id, created_date, updated_date, created_by, updated_by, target, output, rate, egac_type, month, year, operating_unit_id) VALUES (nextval('hibernate_sequence'), now(), now(), 'SYSTEM', 'SYSTEM', 9511, 454, 5.00, 'ASSESSED', 'JANUARY', 2020, 4);
INSERT INTO monthly_report (id, created_date, updated_date, created_by, updated_by, target, output, rate, egac_type, month, year, operating_unit_id) VALUES (nextval('hibernate_sequence'), now(), now(), 'SYSTEM', 'SYSTEM', 9511, 2236, 24.00, 'ASSESSED', 'FEBRUARY', 2020, 4);
INSERT INTO monthly_report (id, created_date, updated_date, created_by, updated_by, target, output, rate, egac_type, month, year, operating_unit_id) VALUES (nextval('hibernate_sequence'), now(), now(), 'SYSTEM', 'SYSTEM', 9511, 2236, 24.00, 'ASSESSED', 'MARCH', 2020, 4);
INSERT INTO monthly_report (id, created_date, updated_date, created_by, updated_by, target, output, rate, egac_type, month, year, operating_unit_id) VALUES (nextval('hibernate_sequence'), now(), now(), 'SYSTEM', 'SYSTEM', 9511, 2237, 24.00, 'ASSESSED', 'APRIL', 2020, 4);
INSERT INTO monthly_report (id, created_date, updated_date, created_by, updated_by, target, output, rate, egac_type, month, year, operating_unit_id) VALUES (nextval('hibernate_sequence'), now(), now(), 'SYSTEM', 'SYSTEM', 3565, 2237, 63.00, 'ASSESSED', 'MAY', 2020, 4);
INSERT INTO monthly_report (id, created_date, updated_date, created_by, updated_by, target, output, rate, egac_type, month, year, operating_unit_id) VALUES (nextval('hibernate_sequence'), now(), now(), 'SYSTEM', 'SYSTEM', 3565, 2262, 63.00, 'ASSESSED', 'JUNE', 2020, 4);
INSERT INTO monthly_report (id, created_date, updated_date, created_by, updated_by, target, output, rate, egac_type, month, year, operating_unit_id) VALUES (nextval('hibernate_sequence'), now(), now(), 'SYSTEM', 'SYSTEM', 3565, 2278, 64.00, 'ASSESSED', 'JULY', 2020, 4);
INSERT INTO monthly_report (id, created_date, updated_date, created_by, updated_by, target, output, rate, egac_type, month, year, operating_unit_id) VALUES (nextval('hibernate_sequence'), now(), now(), 'SYSTEM', 'SYSTEM', 3565, 2333, 65.00, 'ASSESSED', 'AUGUST', 2020, 4);
INSERT INTO monthly_report (id, created_date, updated_date, created_by, updated_by, target, output, rate, egac_type, month, year, operating_unit_id) VALUES (nextval('hibernate_sequence'), now(), now(), 'SYSTEM', 'SYSTEM', 3565, 2354, 66.00, 'ASSESSED', 'SEPTEMBER', 2020, 4);

INSERT INTO monthly_report (id, created_date, updated_date, created_by, updated_by, target, output, rate, egac_type, month, year, operating_unit_id) VALUES (nextval('hibernate_sequence'), now(), now(), 'SYSTEM', 'SYSTEM', 8750, 448, 5.00, 'CERTIFIED', 'JANUARY', 2020, 4);
INSERT INTO monthly_report (id, created_date, updated_date, created_by, updated_by, target, output, rate, egac_type, month, year, operating_unit_id) VALUES (nextval('hibernate_sequence'), now(), now(), 'SYSTEM', 'SYSTEM', 8750, 2197, 25.00, 'CERTIFIED', 'FEBRUARY', 2020, 4);
INSERT INTO monthly_report (id, created_date, updated_date, created_by, updated_by, target, output, rate, egac_type, month, year, operating_unit_id) VALUES (nextval('hibernate_sequence'), now(), now(), 'SYSTEM', 'SYSTEM', 8750, 2197, 25.00, 'CERTIFIED', 'MARCH', 2020, 4);
INSERT INTO monthly_report (id, created_date, updated_date, created_by, updated_by, target, output, rate, egac_type, month, year, operating_unit_id) VALUES (nextval('hibernate_sequence'), now(), now(), 'SYSTEM', 'SYSTEM', 8750, 2199, 25.00, 'CERTIFIED', 'APRIL', 2020, 4);
INSERT INTO monthly_report (id, created_date, updated_date, created_by, updated_by, target, output, rate, egac_type, month, year, operating_unit_id) VALUES (nextval('hibernate_sequence'), now(), now(), 'SYSTEM', 'SYSTEM', 3280, 2199, 67.00, 'CERTIFIED', 'MAY', 2020, 4);
INSERT INTO monthly_report (id, created_date, updated_date, created_by, updated_by, target, output, rate, egac_type, month, year, operating_unit_id) VALUES (nextval('hibernate_sequence'), now(), now(), 'SYSTEM', 'SYSTEM', 3280, 2224, 68.00, 'CERTIFIED', 'JUNE', 2020, 4);
INSERT INTO monthly_report (id, created_date, updated_date, created_by, updated_by, target, output, rate, egac_type, month, year, operating_unit_id) VALUES (nextval('hibernate_sequence'), now(), now(), 'SYSTEM', 'SYSTEM', 3280, 2240, 68.00, 'CERTIFIED', 'JULY', 2020, 4);
INSERT INTO monthly_report (id, created_date, updated_date, created_by, updated_by, target, output, rate, egac_type, month, year, operating_unit_id) VALUES (nextval('hibernate_sequence'), now(), now(), 'SYSTEM', 'SYSTEM', 3280, 2295, 70.00, 'CERTIFIED', 'AUGUST', 2020, 4);
INSERT INTO monthly_report (id, created_date, updated_date, created_by, updated_by, target, output, rate, egac_type, month, year, operating_unit_id) VALUES (nextval('hibernate_sequence'), now(), now(), 'SYSTEM', 'SYSTEM', 3280, 2316, 71.00, 'CERTIFIED', 'SEPTEMBER', 2020, 4);

/* monthly report Eastern Samar */

INSERT INTO monthly_report (id, created_date, updated_date, created_by, updated_by, target, output, rate, egac_type, month, year, operating_unit_id) VALUES (nextval('hibernate_sequence'), now(), now(), 'SYSTEM', 'SYSTEM', 10722, 659, 6.00, 'ENROLLED', 'JANUARY', 2020, 5);
INSERT INTO monthly_report (id, created_date, updated_date, created_by, updated_by, target, output, rate, egac_type, month, year, operating_unit_id) VALUES (nextval('hibernate_sequence'), now(), now(), 'SYSTEM', 'SYSTEM', 10722, 242, 2.00, 'ENROLLED', 'FEBRUARY', 2020, 5);
INSERT INTO monthly_report (id, created_date, updated_date, created_by, updated_by, target, output, rate, egac_type, month, year, operating_unit_id) VALUES (nextval('hibernate_sequence'), now(), now(), 'SYSTEM', 'SYSTEM', 10722, 242, 2.00, 'ENROLLED', 'MARCH', 2020, 5);
INSERT INTO monthly_report (id, created_date, updated_date, created_by, updated_by, target, output, rate, egac_type, month, year, operating_unit_id) VALUES (nextval('hibernate_sequence'), now(), now(), 'SYSTEM', 'SYSTEM', 10722, 242, 2.00, 'ENROLLED', 'APRIL', 2020, 5);
INSERT INTO monthly_report (id, created_date, updated_date, created_by, updated_by, target, output, rate, egac_type, month, year, operating_unit_id) VALUES (nextval('hibernate_sequence'), now(), now(), 'SYSTEM', 'SYSTEM', 5361, 242, 5.00, 'ENROLLED', 'MAY', 2020, 5);
INSERT INTO monthly_report (id, created_date, updated_date, created_by, updated_by, target, output, rate, egac_type, month, year, operating_unit_id) VALUES (nextval('hibernate_sequence'), now(), now(), 'SYSTEM', 'SYSTEM', 5671, 1257, 22.00, 'ENROLLED', 'JUNE', 2020, 5);
INSERT INTO monthly_report (id, created_date, updated_date, created_by, updated_by, target, output, rate, egac_type, month, year, operating_unit_id) VALUES (nextval('hibernate_sequence'), now(), now(), 'SYSTEM', 'SYSTEM', 5671, 1257, 22.00, 'ENROLLED', 'JULY', 2020, 5);
INSERT INTO monthly_report (id, created_date, updated_date, created_by, updated_by, target, output, rate, egac_type, month, year, operating_unit_id) VALUES (nextval('hibernate_sequence'), now(), now(), 'SYSTEM', 'SYSTEM', 5671, 1532, 27.00, 'ENROLLED', 'AUGUST', 2020, 5);
INSERT INTO monthly_report (id, created_date, updated_date, created_by, updated_by, target, output, rate, egac_type, month, year, operating_unit_id) VALUES (nextval('hibernate_sequence'), now(), now(), 'SYSTEM', 'SYSTEM', 5671, 2684, 47.00, 'ENROLLED', 'SEPTEMBER', 2020, 5);

INSERT INTO monthly_report (id, created_date, updated_date, created_by, updated_by, target, output, rate, egac_type, month, year, operating_unit_id) VALUES (nextval('hibernate_sequence'), now(), now(), 'SYSTEM', 'SYSTEM', 9650, 926, 14.00, 'GRADUATED', 'JANUARY', 2020, 5);
INSERT INTO monthly_report (id, created_date, updated_date, created_by, updated_by, target, output, rate, egac_type, month, year, operating_unit_id) VALUES (nextval('hibernate_sequence'), now(), now(), 'SYSTEM', 'SYSTEM', 9650, 1336, 14.00, 'GRADUATED', 'FEBRUARY', 2020, 5);
INSERT INTO monthly_report (id, created_date, updated_date, created_by, updated_by, target, output, rate, egac_type, month, year, operating_unit_id) VALUES (nextval('hibernate_sequence'), now(), now(), 'SYSTEM', 'SYSTEM', 9650, 1336, 14.00, 'GRADUATED', 'MARCH', 2020, 5);
INSERT INTO monthly_report (id, created_date, updated_date, created_by, updated_by, target, output, rate, egac_type, month, year, operating_unit_id) VALUES (nextval('hibernate_sequence'), now(), now(), 'SYSTEM', 'SYSTEM', 9650, 1344, 14.00, 'GRADUATED', 'APRIL', 2020, 5);
INSERT INTO monthly_report (id, created_date, updated_date, created_by, updated_by, target, output, rate, egac_type, month, year, operating_unit_id) VALUES (nextval('hibernate_sequence'), now(), now(), 'SYSTEM', 'SYSTEM', 4825, 1336, 28.00, 'GRADUATED', 'MAY', 2020, 5);
INSERT INTO monthly_report (id, created_date, updated_date, created_by, updated_by, target, output, rate, egac_type, month, year, operating_unit_id) VALUES (nextval('hibernate_sequence'), now(), now(), 'SYSTEM', 'SYSTEM', 5104, 3114, 61.00, 'GRADUATED', 'JUNE', 2020, 5);
INSERT INTO monthly_report (id, created_date, updated_date, created_by, updated_by, target, output, rate, egac_type, month, year, operating_unit_id) VALUES (nextval('hibernate_sequence'), now(), now(), 'SYSTEM', 'SYSTEM', 5104, 3206, 63.00, 'GRADUATED', 'JULY', 2020, 5);
INSERT INTO monthly_report (id, created_date, updated_date, created_by, updated_by, target, output, rate, egac_type, month, year, operating_unit_id) VALUES (nextval('hibernate_sequence'), now(), now(), 'SYSTEM', 'SYSTEM', 5104, 3206, 63.00, 'GRADUATED', 'AUGUST', 2020, 5);
INSERT INTO monthly_report (id, created_date, updated_date, created_by, updated_by, target, output, rate, egac_type, month, year, operating_unit_id) VALUES (nextval('hibernate_sequence'), now(), now(), 'SYSTEM', 'SYSTEM', 5104, 3347, 66.00, 'GRADUATED', 'SEPTEMBER', 2020, 5);

INSERT INTO monthly_report (id, created_date, updated_date, created_by, updated_by, target, output, rate, egac_type, month, year, operating_unit_id) VALUES (nextval('hibernate_sequence'), now(), now(), 'SYSTEM', 'SYSTEM', 10057, 731, 7.00, 'ASSESSED', 'JANUARY', 2020, 5);
INSERT INTO monthly_report (id, created_date, updated_date, created_by, updated_by, target, output, rate, egac_type, month, year, operating_unit_id) VALUES (nextval('hibernate_sequence'), now(), now(), 'SYSTEM', 'SYSTEM', 10057, 2765, 27.00, 'ASSESSED', 'FEBRUARY', 2020, 5);
INSERT INTO monthly_report (id, created_date, updated_date, created_by, updated_by, target, output, rate, egac_type, month, year, operating_unit_id) VALUES (nextval('hibernate_sequence'), now(), now(), 'SYSTEM', 'SYSTEM', 10057, 2765, 27.00, 'ASSESSED', 'MARCH', 2020, 5);
INSERT INTO monthly_report (id, created_date, updated_date, created_by, updated_by, target, output, rate, egac_type, month, year, operating_unit_id) VALUES (nextval('hibernate_sequence'), now(), now(), 'SYSTEM', 'SYSTEM', 10057, 2764, 27.00, 'ASSESSED', 'APRIL', 2020, 5);
INSERT INTO monthly_report (id, created_date, updated_date, created_by, updated_by, target, output, rate, egac_type, month, year, operating_unit_id) VALUES (nextval('hibernate_sequence'), now(), now(), 'SYSTEM', 'SYSTEM', 3769, 2764, 73.00, 'ASSESSED', 'MAY', 2020, 5);
INSERT INTO monthly_report (id, created_date, updated_date, created_by, updated_by, target, output, rate, egac_type, month, year, operating_unit_id) VALUES (nextval('hibernate_sequence'), now(), now(), 'SYSTEM', 'SYSTEM', 3769, 2855, 76.00, 'ASSESSED', 'JUNE', 2020, 5);
INSERT INTO monthly_report (id, created_date, updated_date, created_by, updated_by, target, output, rate, egac_type, month, year, operating_unit_id) VALUES (nextval('hibernate_sequence'), now(), now(), 'SYSTEM', 'SYSTEM', 3769, 2882, 76.00, 'ASSESSED', 'JULY', 2020, 5);
INSERT INTO monthly_report (id, created_date, updated_date, created_by, updated_by, target, output, rate, egac_type, month, year, operating_unit_id) VALUES (nextval('hibernate_sequence'), now(), now(), 'SYSTEM', 'SYSTEM', 3769, 2901, 77.00, 'ASSESSED', 'AUGUST', 2020, 5);
INSERT INTO monthly_report (id, created_date, updated_date, created_by, updated_by, target, output, rate, egac_type, month, year, operating_unit_id) VALUES (nextval('hibernate_sequence'), now(), now(), 'SYSTEM', 'SYSTEM', 3769, 3053, 81.00, 'ASSESSED', 'SEPTEMBER', 2020, 5);

INSERT INTO monthly_report (id, created_date, updated_date, created_by, updated_by, target, output, rate, egac_type, month, year, operating_unit_id) VALUES (nextval('hibernate_sequence'), now(), now(), 'SYSTEM', 'SYSTEM', 9252, 720, 8.00, 'CERTIFIED', 'JANUARY', 2020, 5);
INSERT INTO monthly_report (id, created_date, updated_date, created_by, updated_by, target, output, rate, egac_type, month, year, operating_unit_id) VALUES (nextval('hibernate_sequence'), now(), now(), 'SYSTEM', 'SYSTEM', 9252, 2661, 29.00, 'CERTIFIED', 'FEBRUARY', 2020, 5);
INSERT INTO monthly_report (id, created_date, updated_date, created_by, updated_by, target, output, rate, egac_type, month, year, operating_unit_id) VALUES (nextval('hibernate_sequence'), now(), now(), 'SYSTEM', 'SYSTEM', 9252, 2661, 29.00, 'CERTIFIED', 'MARCH', 2020, 5);
INSERT INTO monthly_report (id, created_date, updated_date, created_by, updated_by, target, output, rate, egac_type, month, year, operating_unit_id) VALUES (nextval('hibernate_sequence'), now(), now(), 'SYSTEM', 'SYSTEM', 9252, 2661, 29.00, 'CERTIFIED', 'APRIL', 2020, 5);
INSERT INTO monthly_report (id, created_date, updated_date, created_by, updated_by, target, output, rate, egac_type, month, year, operating_unit_id) VALUES (nextval('hibernate_sequence'), now(), now(), 'SYSTEM', 'SYSTEM', 3467, 2661, 77.00, 'CERTIFIED', 'MAY', 2020, 5);
INSERT INTO monthly_report (id, created_date, updated_date, created_by, updated_by, target, output, rate, egac_type, month, year, operating_unit_id) VALUES (nextval('hibernate_sequence'), now(), now(), 'SYSTEM', 'SYSTEM', 3467, 2752, 79.00, 'CERTIFIED', 'JUNE', 2020, 5);
INSERT INTO monthly_report (id, created_date, updated_date, created_by, updated_by, target, output, rate, egac_type, month, year, operating_unit_id) VALUES (nextval('hibernate_sequence'), now(), now(), 'SYSTEM', 'SYSTEM', 3467, 2778, 80.00, 'CERTIFIED', 'JULY', 2020, 5);
INSERT INTO monthly_report (id, created_date, updated_date, created_by, updated_by, target, output, rate, egac_type, month, year, operating_unit_id) VALUES (nextval('hibernate_sequence'), now(), now(), 'SYSTEM', 'SYSTEM', 3467, 2797, 81.00, 'CERTIFIED', 'AUGUST', 2020, 5);
INSERT INTO monthly_report (id, created_date, updated_date, created_by, updated_by, target, output, rate, egac_type, month, year, operating_unit_id) VALUES (nextval('hibernate_sequence'), now(), now(), 'SYSTEM', 'SYSTEM', 3467, 2948, 85.00, 'CERTIFIED', 'SEPTEMBER', 2020, 5);


/* monthly report Northern Samar */

INSERT INTO monthly_report (id, created_date, updated_date, created_by, updated_by, target, output, rate, egac_type, month, year, operating_unit_id) VALUES (nextval('hibernate_sequence'), now(), now(), 'SYSTEM', 'SYSTEM', 15262, 2469, 16.00, 'ENROLLED', 'JANUARY', 2020, 6);
INSERT INTO monthly_report (id, created_date, updated_date, created_by, updated_by, target, output, rate, egac_type, month, year, operating_unit_id) VALUES (nextval('hibernate_sequence'), now(), now(), 'SYSTEM', 'SYSTEM', 15262, 857, 6.00, 'ENROLLED', 'FEBRUARY', 2020, 6);
INSERT INTO monthly_report (id, created_date, updated_date, created_by, updated_by, target, output, rate, egac_type, month, year, operating_unit_id) VALUES (nextval('hibernate_sequence'), now(), now(), 'SYSTEM', 'SYSTEM', 15262, 857, 6.00, 'ENROLLED', 'MARCH', 2020, 6);
INSERT INTO monthly_report (id, created_date, updated_date, created_by, updated_by, target, output, rate, egac_type, month, year, operating_unit_id) VALUES (nextval('hibernate_sequence'), now(), now(), 'SYSTEM', 'SYSTEM', 15262, 888, 6.00, 'ENROLLED', 'APRIL', 2020, 6);
INSERT INTO monthly_report (id, created_date, updated_date, created_by, updated_by, target, output, rate, egac_type, month, year, operating_unit_id) VALUES (nextval('hibernate_sequence'), now(), now(), 'SYSTEM', 'SYSTEM', 7631, 849, 11.00, 'ENROLLED', 'MAY', 2020, 6);
INSERT INTO monthly_report (id, created_date, updated_date, created_by, updated_by, target, output, rate, egac_type, month, year, operating_unit_id) VALUES (nextval('hibernate_sequence'), now(), now(), 'SYSTEM', 'SYSTEM', 8210, 3164, 39.00, 'ENROLLED', 'JUNE', 2020, 6);
INSERT INTO monthly_report (id, created_date, updated_date, created_by, updated_by, target, output, rate, egac_type, month, year, operating_unit_id) VALUES (nextval('hibernate_sequence'), now(), now(), 'SYSTEM', 'SYSTEM', 8210, 3973, 48.00, 'ENROLLED', 'JULY', 2020, 6);
INSERT INTO monthly_report (id, created_date, updated_date, created_by, updated_by, target, output, rate, egac_type, month, year, operating_unit_id) VALUES (nextval('hibernate_sequence'), now(), now(), 'SYSTEM', 'SYSTEM', 8210, 3973, 48.00, 'ENROLLED', 'AUGUST', 2020, 6);
INSERT INTO monthly_report (id, created_date, updated_date, created_by, updated_by, target, output, rate, egac_type, month, year, operating_unit_id) VALUES (nextval('hibernate_sequence'), now(), now(), 'SYSTEM', 'SYSTEM', 8210, 4340, 53.00, 'ENROLLED', 'SEPTEMBER', 2020, 6);

INSERT INTO monthly_report (id, created_date, updated_date, created_by, updated_by, target, output, rate, egac_type, month, year, operating_unit_id) VALUES (nextval('hibernate_sequence'), now(), now(), 'SYSTEM', 'SYSTEM', 13736, 1826, 13.00, 'GRADUATED', 'JANUARY', 2020, 6);
INSERT INTO monthly_report (id, created_date, updated_date, created_by, updated_by, target, output, rate, egac_type, month, year, operating_unit_id) VALUES (nextval('hibernate_sequence'), now(), now(), 'SYSTEM', 'SYSTEM', 13736, 1111, 8.00, 'GRADUATED', 'FEBRUARY', 2020, 6);
INSERT INTO monthly_report (id, created_date, updated_date, created_by, updated_by, target, output, rate, egac_type, month, year, operating_unit_id) VALUES (nextval('hibernate_sequence'), now(), now(), 'SYSTEM', 'SYSTEM', 13736, 1111, 8.00, 'GRADUATED', 'MARCH', 2020, 6);
INSERT INTO monthly_report (id, created_date, updated_date, created_by, updated_by, target, output, rate, egac_type, month, year, operating_unit_id) VALUES (nextval('hibernate_sequence'), now(), now(), 'SYSTEM', 'SYSTEM', 13736, 1163, 8.00, 'GRADUATED', 'APRIL', 2020, 6);
INSERT INTO monthly_report (id, created_date, updated_date, created_by, updated_by, target, output, rate, egac_type, month, year, operating_unit_id) VALUES (nextval('hibernate_sequence'), now(), now(), 'SYSTEM', 'SYSTEM', 6868, 1163, 16.00, 'GRADUATED', 'MAY', 2020, 6);
INSERT INTO monthly_report (id, created_date, updated_date, created_by, updated_by, target, output, rate, egac_type, month, year, operating_unit_id) VALUES (nextval('hibernate_sequence'), now(), now(), 'SYSTEM', 'SYSTEM', 7389, 3485, 47.00, 'GRADUATED', 'JUNE', 2020, 6);
INSERT INTO monthly_report (id, created_date, updated_date, created_by, updated_by, target, output, rate, egac_type, month, year, operating_unit_id) VALUES (nextval('hibernate_sequence'), now(), now(), 'SYSTEM', 'SYSTEM', 7389, 4280, 58.00, 'GRADUATED', 'JULY', 2020, 6);
INSERT INTO monthly_report (id, created_date, updated_date, created_by, updated_by, target, output, rate, egac_type, month, year, operating_unit_id) VALUES (nextval('hibernate_sequence'), now(), now(), 'SYSTEM', 'SYSTEM', 7389, 4320, 58.00, 'GRADUATED', 'AUGUST', 2020, 6);
INSERT INTO monthly_report (id, created_date, updated_date, created_by, updated_by, target, output, rate, egac_type, month, year, operating_unit_id) VALUES (nextval('hibernate_sequence'), now(), now(), 'SYSTEM', 'SYSTEM', 7389, 4494, 61.00, 'GRADUATED', 'SEPTEMBER', 2020, 6);

INSERT INTO monthly_report (id, created_date, updated_date, created_by, updated_by, target, output, rate, egac_type, month, year, operating_unit_id) VALUES (nextval('hibernate_sequence'), now(), now(), 'SYSTEM', 'SYSTEM', 9427, 674, 7.00, 'ASSESSED', 'JANUARY', 2020, 6);
INSERT INTO monthly_report (id, created_date, updated_date, created_by, updated_by, target, output, rate, egac_type, month, year, operating_unit_id) VALUES (nextval('hibernate_sequence'), now(), now(), 'SYSTEM', 'SYSTEM', 9427, 2487, 26.00, 'ASSESSED', 'FEBRUARY', 2020, 6);
INSERT INTO monthly_report (id, created_date, updated_date, created_by, updated_by, target, output, rate, egac_type, month, year, operating_unit_id) VALUES (nextval('hibernate_sequence'), now(), now(), 'SYSTEM', 'SYSTEM', 9427, 2487, 26.00, 'ASSESSED', 'MARCH', 2020, 6);
INSERT INTO monthly_report (id, created_date, updated_date, created_by, updated_by, target, output, rate, egac_type, month, year, operating_unit_id) VALUES (nextval('hibernate_sequence'), now(), now(), 'SYSTEM', 'SYSTEM', 9427, 2511, 27.00, 'ASSESSED', 'APRIL', 2020, 6);
INSERT INTO monthly_report (id, created_date, updated_date, created_by, updated_by, target, output, rate, egac_type, month, year, operating_unit_id) VALUES (nextval('hibernate_sequence'), now(), now(), 'SYSTEM', 'SYSTEM', 3533, 2511, 71.00, 'ASSESSED', 'MAY', 2020, 6);
INSERT INTO monthly_report (id, created_date, updated_date, created_by, updated_by, target, output, rate, egac_type, month, year, operating_unit_id) VALUES (nextval('hibernate_sequence'), now(), now(), 'SYSTEM', 'SYSTEM', 3533, 2511, 71.00, 'ASSESSED', 'JUNE', 2020, 6);
INSERT INTO monthly_report (id, created_date, updated_date, created_by, updated_by, target, output, rate, egac_type, month, year, operating_unit_id) VALUES (nextval('hibernate_sequence'), now(), now(), 'SYSTEM', 'SYSTEM', 3533, 2553, 72.00, 'ASSESSED', 'JULY', 2020, 6);
INSERT INTO monthly_report (id, created_date, updated_date, created_by, updated_by, target, output, rate, egac_type, month, year, operating_unit_id) VALUES (nextval('hibernate_sequence'), now(), now(), 'SYSTEM', 'SYSTEM', 3533, 2701, 76.00, 'ASSESSED', 'AUGUST', 2020, 6);
INSERT INTO monthly_report (id, created_date, updated_date, created_by, updated_by, target, output, rate, egac_type, month, year, operating_unit_id) VALUES (nextval('hibernate_sequence'), now(), now(), 'SYSTEM', 'SYSTEM', 3533, 2793, 79.00, 'ASSESSED', 'SEPTEMBER', 2020, 6);

INSERT INTO monthly_report (id, created_date, updated_date, created_by, updated_by, target, output, rate, egac_type, month, year, operating_unit_id) VALUES (nextval('hibernate_sequence'), now(), now(), 'SYSTEM', 'SYSTEM', 8673, 672, 8.00, 'CERTIFIED', 'JANUARY', 2020, 6);
INSERT INTO monthly_report (id, created_date, updated_date, created_by, updated_by, target, output, rate, egac_type, month, year, operating_unit_id) VALUES (nextval('hibernate_sequence'), now(), now(), 'SYSTEM', 'SYSTEM', 8673, 2354, 27.00, 'CERTIFIED', 'FEBRUARY', 2020, 6);
INSERT INTO monthly_report (id, created_date, updated_date, created_by, updated_by, target, output, rate, egac_type, month, year, operating_unit_id) VALUES (nextval('hibernate_sequence'), now(), now(), 'SYSTEM', 'SYSTEM', 8673, 2354, 27.00, 'CERTIFIED', 'MARCH', 2020, 6);
INSERT INTO monthly_report (id, created_date, updated_date, created_by, updated_by, target, output, rate, egac_type, month, year, operating_unit_id) VALUES (nextval('hibernate_sequence'), now(), now(), 'SYSTEM', 'SYSTEM', 8673, 2378, 27.00, 'CERTIFIED', 'APRIL', 2020, 6);
INSERT INTO monthly_report (id, created_date, updated_date, created_by, updated_by, target, output, rate, egac_type, month, year, operating_unit_id) VALUES (nextval('hibernate_sequence'), now(), now(), 'SYSTEM', 'SYSTEM', 3250, 2378, 73.00, 'CERTIFIED', 'MAY', 2020, 6);
INSERT INTO monthly_report (id, created_date, updated_date, created_by, updated_by, target, output, rate, egac_type, month, year, operating_unit_id) VALUES (nextval('hibernate_sequence'), now(), now(), 'SYSTEM', 'SYSTEM', 3250, 2378, 73.00, 'CERTIFIED', 'JUNE', 2020, 6);
INSERT INTO monthly_report (id, created_date, updated_date, created_by, updated_by, target, output, rate, egac_type, month, year, operating_unit_id) VALUES (nextval('hibernate_sequence'), now(), now(), 'SYSTEM', 'SYSTEM', 3250, 2420, 74.00, 'CERTIFIED', 'JULY', 2020, 6);
INSERT INTO monthly_report (id, created_date, updated_date, created_by, updated_by, target, output, rate, egac_type, month, year, operating_unit_id) VALUES (nextval('hibernate_sequence'), now(), now(), 'SYSTEM', 'SYSTEM', 3250, 2548, 78.00, 'CERTIFIED', 'AUGUST', 2020, 6);
INSERT INTO monthly_report (id, created_date, updated_date, created_by, updated_by, target, output, rate, egac_type, month, year, operating_unit_id) VALUES (nextval('hibernate_sequence'), now(), now(), 'SYSTEM', 'SYSTEM', 3250, 2635, 81.00, 'CERTIFIED', 'SEPTEMBER', 2020, 6);



/* monthly report Region VIII */

INSERT INTO monthly_report (id, created_date, updated_date, created_by, updated_by, target, output, rate, egac_type, month, year, operating_unit_id) VALUES (nextval('hibernate_sequence'), now(), now(), 'SYSTEM', 'SYSTEM', 104364, 11946, 11.00, 'ENROLLED', 'JANUARY', 2020, 7);
INSERT INTO monthly_report (id, created_date, updated_date, created_by, updated_by, target, output, rate, egac_type, month, year, operating_unit_id) VALUES (nextval('hibernate_sequence'), now(), now(), 'SYSTEM', 'SYSTEM', 104364, 7903, 8.00, 'ENROLLED', 'FEBRUARY', 2020, 7);
INSERT INTO monthly_report (id, created_date, updated_date, created_by, updated_by, target, output, rate, egac_type, month, year, operating_unit_id) VALUES (nextval('hibernate_sequence'), now(), now(), 'SYSTEM', 'SYSTEM', 104364, 7903, 8.00, 'ENROLLED', 'MARCH', 2020, 7);
INSERT INTO monthly_report (id, created_date, updated_date, created_by, updated_by, target, output, rate, egac_type, month, year, operating_unit_id) VALUES (nextval('hibernate_sequence'), now(), now(), 'SYSTEM', 'SYSTEM', 104364, 8239, 8.00, 'ENROLLED', 'APRIL', 2020, 7);
INSERT INTO monthly_report (id, created_date, updated_date, created_by, updated_by, target, output, rate, egac_type, month, year, operating_unit_id) VALUES (nextval('hibernate_sequence'), now(), now(), 'SYSTEM', 'SYSTEM', 50182, 7903, 16.00, 'ENROLLED', 'MAY', 2020, 7);
INSERT INTO monthly_report (id, created_date, updated_date, created_by, updated_by, target, output, rate, egac_type, month, year, operating_unit_id) VALUES (nextval('hibernate_sequence'), now(), now(), 'SYSTEM', 'SYSTEM', 55655, 14510, 26.00, 'ENROLLED', 'JUNE', 2020, 7);
INSERT INTO monthly_report (id, created_date, updated_date, created_by, updated_by, target, output, rate, egac_type, month, year, operating_unit_id) VALUES (nextval('hibernate_sequence'), now(), now(), 'SYSTEM', 'SYSTEM', 55655, 15648, 28.00, 'ENROLLED', 'JULY', 2020, 7);
INSERT INTO monthly_report (id, created_date, updated_date, created_by, updated_by, target, output, rate, egac_type, month, year, operating_unit_id) VALUES (nextval('hibernate_sequence'), now(), now(), 'SYSTEM', 'SYSTEM', 55655, 16831, 30.00, 'ENROLLED', 'AUGUST', 2020, 7);
INSERT INTO monthly_report (id, created_date, updated_date, created_by, updated_by, target, output, rate, egac_type, month, year, operating_unit_id) VALUES (nextval('hibernate_sequence'), now(), now(), 'SYSTEM', 'SYSTEM', 55655, 23017, 41.00, 'ENROLLED', 'SEPTEMBER', 2020, 7);

INSERT INTO monthly_report (id, created_date, updated_date, created_by, updated_by, target, output, rate, egac_type, month, year, operating_unit_id) VALUES (nextval('hibernate_sequence'), now(), now(), 'SYSTEM', 'SYSTEM', 93928, 9115, 10.00, 'GRADUATED', 'JANUARY', 2020, 7);
INSERT INTO monthly_report (id, created_date, updated_date, created_by, updated_by, target, output, rate, egac_type, month, year, operating_unit_id) VALUES (nextval('hibernate_sequence'), now(), now(), 'SYSTEM', 'SYSTEM', 93928, 12652, 13.00, 'GRADUATED', 'FEBRUARY', 2020, 7);
INSERT INTO monthly_report (id, created_date, updated_date, created_by, updated_by, target, output, rate, egac_type, month, year, operating_unit_id) VALUES (nextval('hibernate_sequence'), now(), now(), 'SYSTEM', 'SYSTEM', 93928, 12652, 13.00, 'GRADUATED', 'MARCH', 2020, 7);
INSERT INTO monthly_report (id, created_date, updated_date, created_by, updated_by, target, output, rate, egac_type, month, year, operating_unit_id) VALUES (nextval('hibernate_sequence'), now(), now(), 'SYSTEM', 'SYSTEM', 93928, 15939, 17.00, 'GRADUATED', 'APRIL', 2020, 7);
INSERT INTO monthly_report (id, created_date, updated_date, created_by, updated_by, target, output, rate, egac_type, month, year, operating_unit_id) VALUES (nextval('hibernate_sequence'), now(), now(), 'SYSTEM', 'SYSTEM', 45164, 12652, 28.00, 'GRADUATED', 'MAY', 2020, 7);
INSERT INTO monthly_report (id, created_date, updated_date, created_by, updated_by, target, output, rate, egac_type, month, year, operating_unit_id) VALUES (nextval('hibernate_sequence'), now(), now(), 'SYSTEM', 'SYSTEM', 50089, 24188, 48.00, 'GRADUATED', 'JUNE', 2020, 7);
INSERT INTO monthly_report (id, created_date, updated_date, created_by, updated_by, target, output, rate, egac_type, month, year, operating_unit_id) VALUES (nextval('hibernate_sequence'), now(), now(), 'SYSTEM', 'SYSTEM', 50089, 25429, 51.00, 'GRADUATED', 'JULY', 2020, 7);
INSERT INTO monthly_report (id, created_date, updated_date, created_by, updated_by, target, output, rate, egac_type, month, year, operating_unit_id) VALUES (nextval('hibernate_sequence'), now(), now(), 'SYSTEM', 'SYSTEM', 50089, 25963, 52.00, 'GRADUATED', 'AUGUST', 2020, 7);
INSERT INTO monthly_report (id, created_date, updated_date, created_by, updated_by, target, output, rate, egac_type, month, year, operating_unit_id) VALUES (nextval('hibernate_sequence'), now(), now(), 'SYSTEM', 'SYSTEM', 50089, 27149, 54.00, 'GRADUATED', 'SEPTEMBER', 2020, 7);

INSERT INTO monthly_report (id, created_date, updated_date, created_by, updated_by, target, output, rate, egac_type, month, year, operating_unit_id) VALUES (nextval('hibernate_sequence'), now(), now(), 'SYSTEM', 'SYSTEM', 65552, 4840, 7.00, 'ASSESSED', 'JANUARY', 2020, 7);
INSERT INTO monthly_report (id, created_date, updated_date, created_by, updated_by, target, output, rate, egac_type, month, year, operating_unit_id) VALUES (nextval('hibernate_sequence'), now(), now(), 'SYSTEM', 'SYSTEM', 65552, 18678, 28.00, 'ASSESSED', 'FEBRUARY', 2020, 7);
INSERT INTO monthly_report (id, created_date, updated_date, created_by, updated_by, target, output, rate, egac_type, month, year, operating_unit_id) VALUES (nextval('hibernate_sequence'), now(), now(), 'SYSTEM', 'SYSTEM', 65552, 18678, 28.00, 'ASSESSED', 'MARCH', 2020, 7);
INSERT INTO monthly_report (id, created_date, updated_date, created_by, updated_by, target, output, rate, egac_type, month, year, operating_unit_id) VALUES (nextval('hibernate_sequence'), now(), now(), 'SYSTEM', 'SYSTEM', 65552, 18770, 29.00, 'ASSESSED', 'APRIL', 2020, 7);
INSERT INTO monthly_report (id, created_date, updated_date, created_by, updated_by, target, output, rate, egac_type, month, year, operating_unit_id) VALUES (nextval('hibernate_sequence'), now(), now(), 'SYSTEM', 'SYSTEM', 24568, 18770, 76.00, 'ASSESSED', 'MAY', 2020, 7);
INSERT INTO monthly_report (id, created_date, updated_date, created_by, updated_by, target, output, rate, egac_type, month, year, operating_unit_id) VALUES (nextval('hibernate_sequence'), now(), now(), 'SYSTEM', 'SYSTEM', 24568, 18942, 77.00, 'ASSESSED', 'JUNE', 2020, 7);
INSERT INTO monthly_report (id, created_date, updated_date, created_by, updated_by, target, output, rate, egac_type, month, year, operating_unit_id) VALUES (nextval('hibernate_sequence'), now(), now(), 'SYSTEM', 'SYSTEM', 24568, 19111, 78.00, 'ASSESSED', 'JULY', 2020, 7);
INSERT INTO monthly_report (id, created_date, updated_date, created_by, updated_by, target, output, rate, egac_type, month, year, operating_unit_id) VALUES (nextval('hibernate_sequence'), now(), now(), 'SYSTEM', 'SYSTEM', 24568, 19575, 80.00, 'ASSESSED', 'AUGUST', 2020, 7);
INSERT INTO monthly_report (id, created_date, updated_date, created_by, updated_by, target, output, rate, egac_type, month, year, operating_unit_id) VALUES (nextval('hibernate_sequence'), now(), now(), 'SYSTEM', 'SYSTEM', 24568, 20549, 84.00, 'ASSESSED', 'SEPTEMBER', 2020, 7);

INSERT INTO monthly_report (id, created_date, updated_date, created_by, updated_by, target, output, rate, egac_type, month, year, operating_unit_id) VALUES (nextval('hibernate_sequence'), now(), now(), 'SYSTEM', 'SYSTEM', 60308, 4730, 8.00, 'CERTIFIED', 'JANUARY', 2020, 7);
INSERT INTO monthly_report (id, created_date, updated_date, created_by, updated_by, target, output, rate, egac_type, month, year, operating_unit_id) VALUES (nextval('hibernate_sequence'), now(), now(), 'SYSTEM', 'SYSTEM', 60308, 18165, 30.00, 'CERTIFIED', 'FEBRUARY', 2020, 7);
INSERT INTO monthly_report (id, created_date, updated_date, created_by, updated_by, target, output, rate, egac_type, month, year, operating_unit_id) VALUES (nextval('hibernate_sequence'), now(), now(), 'SYSTEM', 'SYSTEM', 60308, 18165, 30.00, 'CERTIFIED', 'MARCH', 2020, 7);
INSERT INTO monthly_report (id, created_date, updated_date, created_by, updated_by, target, output, rate, egac_type, month, year, operating_unit_id) VALUES (nextval('hibernate_sequence'), now(), now(), 'SYSTEM', 'SYSTEM', 60308, 18259, 30.00, 'CERTIFIED', 'APRIL', 2020, 7);
INSERT INTO monthly_report (id, created_date, updated_date, created_by, updated_by, target, output, rate, egac_type, month, year, operating_unit_id) VALUES (nextval('hibernate_sequence'), now(), now(), 'SYSTEM', 'SYSTEM', 22602, 18259, 81.00, 'CERTIFIED', 'MAY', 2020, 7);
INSERT INTO monthly_report (id, created_date, updated_date, created_by, updated_by, target, output, rate, egac_type, month, year, operating_unit_id) VALUES (nextval('hibernate_sequence'), now(), now(), 'SYSTEM', 'SYSTEM', 22602, 18431, 82.00, 'CERTIFIED', 'JUNE', 2020, 7);
INSERT INTO monthly_report (id, created_date, updated_date, created_by, updated_by, target, output, rate, egac_type, month, year, operating_unit_id) VALUES (nextval('hibernate_sequence'), now(), now(), 'SYSTEM', 'SYSTEM', 22602, 18599, 82.00, 'CERTIFIED', 'JULY', 2020, 7);
INSERT INTO monthly_report (id, created_date, updated_date, created_by, updated_by, target, output, rate, egac_type, month, year, operating_unit_id) VALUES (nextval('hibernate_sequence'), now(), now(), 'SYSTEM', 'SYSTEM', 22602, 19043, 84.00, 'CERTIFIED', 'AUGUST', 2020, 7);
INSERT INTO monthly_report (id, created_date, updated_date, created_by, updated_by, target, output, rate, egac_type, month, year, operating_unit_id) VALUES (nextval('hibernate_sequence'), now(), now(), 'SYSTEM', 'SYSTEM', 22602, 20001, 88.00, 'CERTIFIED', 'SEPTEMBER', 2020, 7);


/* initial data Leyte TTI */

INSERT INTO institution (id, created_date, updated_date, created_by, updated_by, name, short_name, operating_unit_type, institution_type, institution_classification, contact_number, address, congressional_district) VALUES (1, now(), now(), 'SYSTEM', 'SYSTEM', 'Regional Training Center', 'RTC', 'LEYTE', 'PUBLIC', 'TESDA', 'DEFAULT', 'DEFAULT', 'FIRST');
INSERT INTO institution (id, created_date, updated_date, created_by, updated_by, name, short_name, operating_unit_type, institution_type, institution_classification, contact_number, address, congressional_district) VALUES (2, now(), now(), 'SYSTEM', 'SYSTEM', 'Calubian National Vocational School', 'CNVS', 'LEYTE', 'PUBLIC', 'TESDA', 'DEFAULT', 'DEFAULT', 'THIRD');
INSERT INTO institution (id, created_date, updated_date, created_by, updated_by, name, short_name, operating_unit_type, institution_type, institution_classification, contact_number, address, congressional_district) VALUES (3, now(), now(), 'SYSTEM', 'SYSTEM', 'Leyte Provincial Training Center', 'PTC', 'LEYTE', 'PUBLIC', 'TESDA', 'DEFAULT', 'DEFAULT', 'THIRD');

/* initial data Biliran TTI */

INSERT INTO institution (id, created_date, updated_date, created_by, updated_by, name, short_name, operating_unit_type, institution_type, institution_classification, contact_number, address, congressional_district) VALUES (4, now(), now(), 'SYSTEM', 'SYSTEM', 'Cabucgayan National School of Arts and Trades', 'CNSAT', 'BILIRAN', 'PUBLIC', 'TESDA', 'DEFAULT', 'DEFAULT', 'LONE');
INSERT INTO institution (id, created_date, updated_date, created_by, updated_by, name, short_name, operating_unit_type, institution_type, institution_classification, contact_number, address, congressional_district) VALUES (5, now(), now(), 'SYSTEM', 'SYSTEM', 'Biliran Provincial Training Center', 'PTC', 'BILIRAN', 'PUBLIC', 'TESDA', 'DEFAULT', 'DEFAULT', 'LONE');

/* initial data Southern Leyte TTI */

INSERT INTO institution (id, created_date, updated_date, created_by, updated_by, name, short_name, operating_unit_type, institution_type, institution_classification, contact_number, address, congressional_district) VALUES (6, now(), now(), 'SYSTEM', 'SYSTEM', 'Southern Leyte Provincial Training Center  ', 'PTC', 'SOUTHERN_LEYTE', 'PUBLIC', 'TESDA', 'DEFAULT', 'DEFAULT', 'LONE');

/* initial data Samar TTI */

INSERT INTO institution (id, created_date, updated_date, created_by, updated_by, name, short_name, operating_unit_type, institution_type, institution_classification, contact_number, address, congressional_district) VALUES (7, now(), now(), 'SYSTEM', 'SYSTEM', 'Samar Provincial Training Center  ', 'PTC', 'SAMAR', 'PUBLIC', 'TESDA', 'DEFAULT', 'DEFAULT', 'FIRST');

/* initial data Eastern Samar TTI */

INSERT INTO institution (id, created_date, updated_date, created_by, updated_by, name, short_name, operating_unit_type, institution_type, institution_classification, contact_number, address, congressional_district) VALUES (8, now(), now(), 'SYSTEM', 'SYSTEM', 'Provincial Training Center (PTC) Eastern Samar', 'PTC', 'EASTERN_SAMAR', 'PUBLIC', 'TESDA', 'DEFAULT', 'DEFAULT', 'LONE');
INSERT INTO institution (id, created_date, updated_date, created_by, updated_by, name, short_name, operating_unit_type, institution_type, institution_classification, contact_number, address, congressional_district) VALUES (9, now(), now(), 'SYSTEM', 'SYSTEM', 'Samar National School of Arts and Trades', 'SNSAT', 'EASTERN_SAMAR', 'PUBLIC', 'TESDA', 'DEFAULT', 'DEFAULT', 'LONE');
INSERT INTO institution (id, created_date, updated_date, created_by, updated_by, name, short_name, operating_unit_type, institution_type, institution_classification, contact_number, address, congressional_district) VALUES (10, now(), now(), 'SYSTEM', 'SYSTEM', 'Balangiga National Agricultural School', 'BNAS', 'EASTERN_SAMAR', 'PUBLIC', 'TESDA', 'DEFAULT', 'DEFAULT', 'LONE');
INSERT INTO institution (id, created_date, updated_date, created_by, updated_by, name, short_name, operating_unit_type, institution_type, institution_classification, contact_number, address, congressional_district) VALUES (11, now(), now(), 'SYSTEM', 'SYSTEM', 'Arteche National Agricultural School (ORAS)', 'ANAS-ORAS', 'EASTERN_SAMAR', 'PUBLIC', 'TESDA', 'DEFAULT', 'DEFAULT', 'LONE');
INSERT INTO institution (id, created_date, updated_date, created_by, updated_by, name, short_name, operating_unit_type, institution_type, institution_classification, contact_number, address, congressional_district) VALUES (12, now(), now(), 'SYSTEM', 'SYSTEM', 'Arteche National Agricultural School (ARTECHE)', 'ANAS-ARTECHE', 'EASTERN_SAMAR', 'PUBLIC', 'TESDA', 'DEFAULT', 'DEFAULT', 'LONE');

/* initial data Northern Samar TTI */

INSERT INTO institution (id, created_date, updated_date, created_by, updated_by, name, short_name, operating_unit_type, institution_type, institution_classification, contact_number, address, congressional_district) VALUES (13, now(), now(), 'SYSTEM', 'SYSTEM', 'Provincial Training Center - Northern Samar (Catarman)', 'PTC', 'NORTHERN_SAMAR', 'PUBLIC', 'TESDA', 'DEFAULT', 'DEFAULT', 'FIRST');
INSERT INTO institution (id, created_date, updated_date, created_by, updated_by, name, short_name, operating_unit_type, institution_type, institution_classification, contact_number, address, congressional_district) VALUES (14, now(), now(), 'SYSTEM', 'SYSTEM', 'Balicuatro College of Arts and Trades', 'BCAT', 'NORTHERN_SAMAR', 'PUBLIC', 'TESDA', 'DEFAULT', 'DEFAULT', 'FIRST');
INSERT INTO institution (id, created_date, updated_date, created_by, updated_by, name, short_name, operating_unit_type, institution_type, institution_classification, contact_number, address, congressional_district) VALUES (15, now(), now(), 'SYSTEM', 'SYSTEM', 'Las Navas Agro-Industrial School', 'LNAIS', 'NORTHERN_SAMAR', 'PUBLIC', 'TESDA', 'DEFAULT', 'DEFAULT', 'SECOND');

/* initial data for registered program, agriculture biliran*/

INSERT INTO registered_program (id, created_date, updated_date, created_by, updated_by, name, course_status, date_issued, program_registration_number, duration, sector, institution_id) VALUES (nextval('hibernate_sequence'), now(), now(), 'SYSTEM', 'SYSTEM', 'Animal Production (Poultry-Chicken) NC II', 'WTR', '2019-07-24', '20190878AFFAPP213040', 226, 'AGRICULTURE', 4);
INSERT INTO registered_program (id, created_date, updated_date, created_by, updated_by, name, course_status, date_issued, program_registration_number, duration, sector, institution_id) VALUES (nextval('hibernate_sequence'), now(), now(), 'SYSTEM', 'SYSTEM', 'Grains Production NC II', 'WTR', '2019-11-19', '20190878AFFGRP215078', 423, 'AGRICULTURE', 4);
INSERT INTO registered_program (id, created_date, updated_date, created_by, updated_by, name, course_status, date_issued, program_registration_number, duration, sector, institution_id) VALUES (nextval('hibernate_sequence'), now(), now(), 'SYSTEM', 'SYSTEM', 'Production of High- Quality Inbred Rice, Seed Certification and Farm Mechanization', 'NTR', '2020-06-29', '201908780014', 96, 'AGRICULTURE', 4);
INSERT INTO registered_program (id, created_date, updated_date, created_by, updated_by, name, course_status, date_issued, program_registration_number, duration, sector, institution_id) VALUES (nextval('hibernate_sequence'), now(), now(), 'SYSTEM', 'SYSTEM', 'Organic Agriculture Production NC II', 'WTR', '2020-01-02', '20200878AFFOAP212001', 232, 'AGRICULTURE', 4);
INSERT INTO registered_program (id, created_date, updated_date, created_by, updated_by, name, course_status, date_issued, program_registration_number, duration, sector, institution_id) VALUES (nextval('hibernate_sequence'), now(), now(), 'SYSTEM', 'SYSTEM', 'Organic Agriculture Production NC II', 'WTR', '2020-07-04', '20200878AFFOAP212051', 232, 'AGRICULTURE', 5);

/* initial data for registered program, agriculture eastern samar*/

INSERT INTO registered_program (id, created_date, updated_date, created_by, updated_by, name, course_status, date_issued, program_registration_number, duration, sector, institution_id) VALUES (nextval('hibernate_sequence'), now(), now(), 'SYSTEM', 'SYSTEM', 'Horticulture NC III', 'WTR', '2019-07-24', '20190878AFFAPP213040', 226, 'AGRICULTURE', 12);
INSERT INTO registered_program (id, created_date, updated_date, created_by, updated_by, name, course_status, date_issued, program_registration_number, duration, sector, institution_id) VALUES (nextval('hibernate_sequence'), now(), now(), 'SYSTEM', 'SYSTEM', 'Organic Agriculture Production NC II', 'WTR', '2019-11-19', '20190878AFFGRP215078', 423, 'AGRICULTURE', 12);
INSERT INTO registered_program (id, created_date, updated_date, created_by, updated_by, name, course_status, date_issued, program_registration_number, duration, sector, institution_id) VALUES (nextval('hibernate_sequence'), now(), now(), 'SYSTEM', 'SYSTEM', 'Animal Production (Swine) NC II', 'NTR', '2020-06-29', '201908780014', 96, 'AGRICULTURE', 12);
INSERT INTO registered_program (id, created_date, updated_date, created_by, updated_by, name, course_status, date_issued, program_registration_number, duration, sector, institution_id) VALUES (nextval('hibernate_sequence'), now(), now(), 'SYSTEM', 'SYSTEM', 'Animal Production (Poultry-Chicken) NC II', 'WTR', '2020-01-02', '20200878AFFOAP212001', 232, 'AGRICULTURE', 12);
INSERT INTO registered_program (id, created_date, updated_date, created_by, updated_by, name, course_status, date_issued, program_registration_number, duration, sector, institution_id) VALUES (nextval('hibernate_sequence'), now(), now(), 'SYSTEM', 'SYSTEM', 'FFS-Production of High Quality Inbred Rice and Farm Mechanization', 'WTR', '2020-07-04', '20200878AFFOAP212051', 232, 'AGRICULTURE', 12);

INSERT INTO registered_program (id, created_date, updated_date, created_by, updated_by, name, course_status, date_issued, program_registration_number, duration, sector, institution_id) VALUES (nextval('hibernate_sequence'), now(), now(), 'SYSTEM', 'SYSTEM', 'Agricultural Crops Production NC III', 'NTR', '2020-06-29', '201908780014', 96, 'AGRICULTURE', 11);
INSERT INTO registered_program (id, created_date, updated_date, created_by, updated_by, name, course_status, date_issued, program_registration_number, duration, sector, institution_id) VALUES (nextval('hibernate_sequence'), now(), now(), 'SYSTEM', 'SYSTEM', 'Agricultural Crops Production NC II', 'WTR', '2020-01-02', '20200878AFFOAP212001', 232, 'AGRICULTURE', 11);
INSERT INTO registered_program (id, created_date, updated_date, created_by, updated_by, name, course_status, date_issued, program_registration_number, duration, sector, institution_id) VALUES (nextval('hibernate_sequence'), now(), now(), 'SYSTEM', 'SYSTEM', 'Grains Production NC II', 'WTR', '2020-07-04', '20200878AFFOAP212051', 232, 'AGRICULTURE', 11);

INSERT INTO registered_program (id, created_date, updated_date, created_by, updated_by, name, course_status, date_issued, program_registration_number, duration, sector, institution_id) VALUES (nextval('hibernate_sequence'), now(), now(), 'SYSTEM', 'SYSTEM', 'Agricultural Crops Production NC III', 'NTR', '2020-06-29', '201908780014', 96, 'AGRICULTURE', 11);
INSERT INTO registered_program (id, created_date, updated_date, created_by, updated_by, name, course_status, date_issued, program_registration_number, duration, sector, institution_id) VALUES (nextval('hibernate_sequence'), now(), now(), 'SYSTEM', 'SYSTEM', 'Agricultural Crops Production NC II', 'WTR', '2020-01-02', '20200878AFFOAP212001', 232, 'AGRICULTURE', 11);
INSERT INTO registered_program (id, created_date, updated_date, created_by, updated_by, name, course_status, date_issued, program_registration_number, duration, sector, institution_id) VALUES (nextval('hibernate_sequence'), now(), now(), 'SYSTEM', 'SYSTEM', 'Grains Production NC II', 'WTR', '2020-07-04', '20200878AFFOAP212051', 232, 'AGRICULTURE', 11);

INSERT INTO registered_program (id, created_date, updated_date, created_by, updated_by, name, course_status, date_issued, program_registration_number, duration, sector, institution_id) VALUES (nextval('hibernate_sequence'), now(), now(), 'SYSTEM', 'SYSTEM', 'Horticulture NC III', 'NTR', '2020-06-29', '201908780014', 96, 'AGRICULTURE', 10);
INSERT INTO registered_program (id, created_date, updated_date, created_by, updated_by, name, course_status, date_issued, program_registration_number, duration, sector, institution_id) VALUES (nextval('hibernate_sequence'), now(), now(), 'SYSTEM', 'SYSTEM', 'Organic Agriculture Production NC II', 'WTR', '2020-01-02', '20200878AFFOAP212001', 232, 'AGRICULTURE', 10);
INSERT INTO registered_program (id, created_date, updated_date, created_by, updated_by, name, course_status, date_issued, program_registration_number, duration, sector, institution_id) VALUES (nextval('hibernate_sequence'), now(), now(), 'SYSTEM', 'SYSTEM', 'Animal Production (Poultry-Chicken) NC II', 'WTR', '2020-07-04', '20200878AFFOAP212051', 232, 'AGRICULTURE', 10);
INSERT INTO registered_program (id, created_date, updated_date, created_by, updated_by, name, course_status, date_issued, program_registration_number, duration, sector, institution_id) VALUES (nextval('hibernate_sequence'), now(), now(), 'SYSTEM', 'SYSTEM', 'FFS-Production of High Quality Inbred Rice and Farm Mechanization', 'WTR', '2020-07-04', '20200878AFFOAP212051', 232, 'AGRICULTURE', 10);

INSERT INTO registered_program (id, created_date, updated_date, created_by, updated_by, name, course_status, date_issued, program_registration_number, duration, sector, institution_id) VALUES (nextval('hibernate_sequence'), now(), now(), 'SYSTEM', 'SYSTEM', 'FFS-Production of High Quality Inbred Rice and Farm Mechanization', 'WTR', '2020-07-04', '20200878AFFOAP212051', 232, 'AGRICULTURE', 9);
INSERT INTO registered_program (id, created_date, updated_date, created_by, updated_by, name, course_status, date_issued, program_registration_number, duration, sector, institution_id) VALUES (nextval('hibernate_sequence'), now(), now(), 'SYSTEM', 'SYSTEM', 'Organic Agriculture Production NC II', 'WTR', '2020-07-04', '20200878AFFOAP212051', 232, 'AGRICULTURE', 9);

/* initial data for registered program, agriculture leyte*/

INSERT INTO registered_program (id, created_date, updated_date, created_by, updated_by, name, course_status, date_issued, program_registration_number, duration, sector, institution_id) VALUES (nextval('hibernate_sequence'), now(), now(), 'SYSTEM', 'SYSTEM', 'Animal Production (Poultry-Chicken) NC II', 'WTR', '2019-07-24', '20190878AFFAPP213040', 226, 'AGRICULTURE', 2);
INSERT INTO registered_program (id, created_date, updated_date, created_by, updated_by, name, course_status, date_issued, program_registration_number, duration, sector, institution_id) VALUES (nextval('hibernate_sequence'), now(), now(), 'SYSTEM', 'SYSTEM', 'Agricultural Crops Production NC II', 'WTR', '2019-11-19', '20190878AFFGRP215078', 423, 'AGRICULTURE', 2);
INSERT INTO registered_program (id, created_date, updated_date, created_by, updated_by, name, course_status, date_issued, program_registration_number, duration, sector, institution_id) VALUES (nextval('hibernate_sequence'), now(), now(), 'SYSTEM', 'SYSTEM', 'Produce Organic Vegetables Leading to Organic Agriculture Production NC II', 'NTR', '2020-06-29', '201908780014', 96, 'AGRICULTURE', 1);

/* initial data for registered program, agriculture northern samar*/

INSERT INTO registered_program (id, created_date, updated_date, created_by, updated_by, name, course_status, date_issued, program_registration_number, duration, sector, institution_id) VALUES (nextval('hibernate_sequence'), now(), now(), 'SYSTEM', 'SYSTEM', 'Agricultural Crops Production NC I', 'WTR', '2019-07-24', '20190878AFFAPP213040', 226, 'AGRICULTURE', 15);
INSERT INTO registered_program (id, created_date, updated_date, created_by, updated_by, name, course_status, date_issued, program_registration_number, duration, sector, institution_id) VALUES (nextval('hibernate_sequence'), now(), now(), 'SYSTEM', 'SYSTEM', 'Animal Production (Poultry-Chicken) NC II', 'WTR', '2019-11-19', '20190878AFFGRP215078', 423, 'AGRICULTURE', 15);
INSERT INTO registered_program (id, created_date, updated_date, created_by, updated_by, name, course_status, date_issued, program_registration_number, duration, sector, institution_id) VALUES (nextval('hibernate_sequence'), now(), now(), 'SYSTEM', 'SYSTEM', 'Agricultural Crops Production NC III', 'NTR', '2020-06-29', '201908780014', 96, 'AGRICULTURE', 15);
INSERT INTO registered_program (id, created_date, updated_date, created_by, updated_by, name, course_status, date_issued, program_registration_number, duration, sector, institution_id) VALUES (nextval('hibernate_sequence'), now(), now(), 'SYSTEM', 'SYSTEM', 'FFS-Production of High-Quality Inbred Rice and Farm Mechanization (NTR)', 'NTR', '2020-06-29', '201908780014', 96, 'AGRICULTURE', 15);

INSERT INTO registered_program (id, created_date, updated_date, created_by, updated_by, name, course_status, date_issued, program_registration_number, duration, sector, institution_id) VALUES (nextval('hibernate_sequence'), now(), now(), 'SYSTEM', 'SYSTEM', 'Organic Agriculture Production NC II', 'WTR', '2019-07-24', '20190878AFFAPP213040', 226, 'AGRICULTURE', 14);
INSERT INTO registered_program (id, created_date, updated_date, created_by, updated_by, name, course_status, date_issued, program_registration_number, duration, sector, institution_id) VALUES (nextval('hibernate_sequence'), now(), now(), 'SYSTEM', 'SYSTEM', 'FFS-Production of High-Quality Inbred Rice and Farm Mechanization (NTR)', 'WTR', '2019-11-19', '20190878AFFGRP215078', 423, 'AGRICULTURE', 14);

INSERT INTO registered_program (id, created_date, updated_date, created_by, updated_by, name, course_status, date_issued, program_registration_number, duration, sector, institution_id) VALUES (nextval('hibernate_sequence'), now(), now(), 'SYSTEM', 'SYSTEM', 'FFS-Production of High-Quality Inbred Rice and Farm Mechanization (NTR)', 'NTR', '2020-06-29', '201908780014', 96, 'AGRICULTURE', 13);
INSERT INTO registered_program (id, created_date, updated_date, created_by, updated_by, name, course_status, date_issued, program_registration_number, duration, sector, institution_id) VALUES (nextval('hibernate_sequence'), now(), now(), 'SYSTEM', 'SYSTEM', 'Produce Organic Concoctions Leading to Organic Agriculture Production NC II', 'WTR', '2020-06-29', '201908780014', 96, 'AGRICULTURE', 13);

/* initial data for registered program, agriculture samar*/

INSERT INTO registered_program (id, created_date, updated_date, created_by, updated_by, name, course_status, date_issued, program_registration_number, duration, sector, institution_id) VALUES (nextval('hibernate_sequence'), now(), now(), 'SYSTEM', 'SYSTEM', 'Produce Organic Vegetables Leading to Organic Agriculture Production NC II', 'WTR', '2019-07-24', '20190878AFFAPP213040', 226, 'AGRICULTURE', 7);
INSERT INTO registered_program (id, created_date, updated_date, created_by, updated_by, name, course_status, date_issued, program_registration_number, duration, sector, institution_id) VALUES (nextval('hibernate_sequence'), now(), now(), 'SYSTEM', 'SYSTEM', 'Produce Organic Fertilizer Leading to Organic Agriculture Production NC II', 'WTR', '2019-11-19', '20190878AFFGRP215078', 423, 'AGRICULTURE', 7);
INSERT INTO registered_program (id, created_date, updated_date, created_by, updated_by, name, course_status, date_issued, program_registration_number, duration, sector, institution_id) VALUES (nextval('hibernate_sequence'), now(), now(), 'SYSTEM', 'SYSTEM', 'Organic Agriculture Production NC II', 'NTR', '2020-06-29', '201908780014', 96, 'AGRICULTURE', 7);

/* initial data for registered program, agriculture southern leyte*/

INSERT INTO registered_program (id, created_date, updated_date, created_by, updated_by, name, course_status, date_issued, program_registration_number, duration, sector, institution_id) VALUES (nextval('hibernate_sequence'), now(), now(), 'SYSTEM', 'SYSTEM', 'Produce Organic Concoctions and extracts Leading to Organic Agriculture Production NC II', 'WTR', '2019-07-24', '20190878AFFAPP213040', 226, 'AGRICULTURE', 6);


/* initial data for registered program, driving biliran*/

INSERT INTO registered_program (id, created_date, updated_date, created_by, updated_by, name, course_status, date_issued, program_registration_number, duration, sector, institution_id) VALUES (nextval('hibernate_sequence'), now(), now(), 'SYSTEM', 'SYSTEM', 'Driving NC II', 'WTR', '2019-07-24', '20190878AFFAPP213040', 226, 'DRIVING', 4);
INSERT INTO registered_program (id, created_date, updated_date, created_by, updated_by, name, course_status, date_issued, program_registration_number, duration, sector, institution_id) VALUES (nextval('hibernate_sequence'), now(), now(), 'SYSTEM', 'SYSTEM', 'Driving NC II', 'WTR', '2019-07-24', '20190878AFFAPP213040', 226, 'DRIVING', 5);

/* initial data for registered program, driving eastern samar */

INSERT INTO registered_program (id, created_date, updated_date, created_by, updated_by, name, course_status, date_issued, program_registration_number, duration, sector, institution_id) VALUES (nextval('hibernate_sequence'), now(), now(), 'SYSTEM', 'SYSTEM', 'Driving NC II', 'WTR', '2019-07-24', '20190878AFFAPP213040', 226, 'DRIVING', 10);
INSERT INTO registered_program (id, created_date, updated_date, created_by, updated_by, name, course_status, date_issued, program_registration_number, duration, sector, institution_id) VALUES (nextval('hibernate_sequence'), now(), now(), 'SYSTEM', 'SYSTEM', 'Driving NC II', 'WTR', '2019-07-24', '20190878AFFAPP213040', 226, 'DRIVING', 9);
INSERT INTO registered_program (id, created_date, updated_date, created_by, updated_by, name, course_status, date_issued, program_registration_number, duration, sector, institution_id) VALUES (nextval('hibernate_sequence'), now(), now(), 'SYSTEM', 'SYSTEM', 'Driving NC II', 'WTR', '2019-07-24', '20190878AFFAPP213040', 226, 'DRIVING', 11);

/* initial data for registered program, driving leyte */

INSERT INTO registered_program (id, created_date, updated_date, created_by, updated_by, name, course_status, date_issued, program_registration_number, duration, sector, institution_id) VALUES (nextval('hibernate_sequence'), now(), now(), 'SYSTEM', 'SYSTEM', 'Driving NC II', 'WTR', '2019-07-24', '20190878AFFAPP213040', 226, 'DRIVING', 2);
INSERT INTO registered_program (id, created_date, updated_date, created_by, updated_by, name, course_status, date_issued, program_registration_number, duration, sector, institution_id) VALUES (nextval('hibernate_sequence'), now(), now(), 'SYSTEM', 'SYSTEM', 'Driving NC II', 'WTR', '2019-07-24', '20190878AFFAPP213040', 226, 'DRIVING', 1);


/* initial data for registered program, driving northern samar */

INSERT INTO registered_program (id, created_date, updated_date, created_by, updated_by, name, course_status, date_issued, program_registration_number, duration, sector, institution_id) VALUES (nextval('hibernate_sequence'), now(), now(), 'SYSTEM', 'SYSTEM', 'Driving NC II', 'WTR', '2019-07-24', '20190878AFFAPP213040', 226, 'DRIVING', 14);
INSERT INTO registered_program (id, created_date, updated_date, created_by, updated_by, name, course_status, date_issued, program_registration_number, duration, sector, institution_id) VALUES (nextval('hibernate_sequence'), now(), now(), 'SYSTEM', 'SYSTEM', 'Driving NC II', 'WTR', '2019-07-24', '20190878AFFAPP213040', 226, 'DRIVING', 13);
INSERT INTO registered_program (id, created_date, updated_date, created_by, updated_by, name, course_status, date_issued, program_registration_number, duration, sector, institution_id) VALUES (nextval('hibernate_sequence'), now(), now(), 'SYSTEM', 'SYSTEM', 'Driving NC II', 'WTR', '2019-07-24', '20190878AFFAPP213040', 226, 'DRIVING', 15);

/* initial data for registered program, driving samar */

INSERT INTO registered_program (id, created_date, updated_date, created_by, updated_by, name, course_status, date_issued, program_registration_number, duration, sector, institution_id) VALUES (nextval('hibernate_sequence'), now(), now(), 'SYSTEM', 'SYSTEM', 'Driving NC II', 'WTR', '2019-07-24', '20190878AFFAPP213040', 226, 'DRIVING', 7);

/* initial data for registered program, driving southern leyte */

INSERT INTO registered_program (id, created_date, updated_date, created_by, updated_by, name, course_status, date_issued, program_registration_number, duration, sector, institution_id) VALUES (nextval('hibernate_sequence'), now(), now(), 'SYSTEM', 'SYSTEM', 'Driving NC II', 'WTR', '2019-07-24', '20190878AFFAPP213040', 226, 'DRIVING', 6);


/* initial data for registered program, construction biliran */

INSERT INTO registered_program (id, created_date, updated_date, created_by, updated_by, name, course_status, date_issued, program_registration_number, duration, sector, institution_id) VALUES (nextval('hibernate_sequence'), now(), now(), 'SYSTEM', 'SYSTEM', 'Electrical Installation and Maintenance NC II', 'WTR', '2019-07-24', '20190878AFFAPP213040', 226, 'CONSTRUCTION', 4);
INSERT INTO registered_program (id, created_date, updated_date, created_by, updated_by, name, course_status, date_issued, program_registration_number, duration, sector, institution_id) VALUES (nextval('hibernate_sequence'), now(), now(), 'SYSTEM', 'SYSTEM', 'Masonry NC II', 'WTR', '2019-07-24', '20190878AFFAPP213040', 226, 'CONSTRUCTION', 4);
INSERT INTO registered_program (id, created_date, updated_date, created_by, updated_by, name, course_status, date_issued, program_registration_number, duration, sector, institution_id) VALUES (nextval('hibernate_sequence'), now(), now(), 'SYSTEM', 'SYSTEM', 'Carpentry NC II', 'WTR', '2019-07-24', '20190878AFFAPP213040', 226, 'CONSTRUCTION', 4);
INSERT INTO registered_program (id, created_date, updated_date, created_by, updated_by, name, course_status, date_issued, program_registration_number, duration, sector, institution_id) VALUES (nextval('hibernate_sequence'), now(), now(), 'SYSTEM', 'SYSTEM', 'Tile Setting NC II', 'WTR', '2019-07-24', '20190878AFFAPP213040', 226, 'CONSTRUCTION', 4);
INSERT INTO registered_program (id, created_date, updated_date, created_by, updated_by, name, course_status, date_issued, program_registration_number, duration, sector, institution_id) VALUES (nextval('hibernate_sequence'), now(), now(), 'SYSTEM', 'SYSTEM', 'Plumbing NC II', 'WTR', '2019-07-24', '20190878AFFAPP213040', 226, 'CONSTRUCTION', 4);
INSERT INTO registered_program (id, created_date, updated_date, created_by, updated_by, name, course_status, date_issued, program_registration_number, duration, sector, institution_id) VALUES (nextval('hibernate_sequence'), now(), now(), 'SYSTEM', 'SYSTEM', 'Plumbing NC I', 'WTR', '2019-07-24', '20190878AFFAPP213040', 226, 'CONSTRUCTION', 4);
INSERT INTO registered_program (id, created_date, updated_date, created_by, updated_by, name, course_status, date_issued, program_registration_number, duration, sector, institution_id) VALUES (nextval('hibernate_sequence'), now(), now(), 'SYSTEM', 'SYSTEM', 'Electrical Installation and Maintenance NC III', 'WTR', '2019-07-24', '20190878AFFAPP213040', 226, 'CONSTRUCTION', 4);
INSERT INTO registered_program (id, created_date, updated_date, created_by, updated_by, name, course_status, date_issued, program_registration_number, duration, sector, institution_id) VALUES (nextval('hibernate_sequence'), now(), now(), 'SYSTEM', 'SYSTEM', 'Masonry NC I', 'WTR', '2019-07-24', '20190878AFFAPP213040', 226, 'CONSTRUCTION', 4);

INSERT INTO registered_program (id, created_date, updated_date, created_by, updated_by, name, course_status, date_issued, program_registration_number, duration, sector, institution_id) VALUES (nextval('hibernate_sequence'), now(), now(), 'SYSTEM', 'SYSTEM', 'Heavy Equipment Operation (Hydraulic Excavator) NC II', 'WTR', '2019-07-24', '20190878AFFAPP213040', 226, 'CONSTRUCTION', 5);
INSERT INTO registered_program (id, created_date, updated_date, created_by, updated_by, name, course_status, date_issued, program_registration_number, duration, sector, institution_id) VALUES (nextval('hibernate_sequence'), now(), now(), 'SYSTEM', 'SYSTEM', 'Masonry NC I', 'WTR', '2019-07-24', '20190878AFFAPP213040', 226, 'CONSTRUCTION', 5);


/* initial data for registered program, construction eastern samar */

INSERT INTO registered_program (id, created_date, updated_date, created_by, updated_by, name, course_status, date_issued, program_registration_number, duration, sector, institution_id) VALUES (nextval('hibernate_sequence'), now(), now(), 'SYSTEM', 'SYSTEM', 'Carpentry NC II', 'WTR', '2019-07-24', '20190878AFFAPP213040', 226, 'CONSTRUCTION', 12);
INSERT INTO registered_program (id, created_date, updated_date, created_by, updated_by, name, course_status, date_issued, program_registration_number, duration, sector, institution_id) VALUES (nextval('hibernate_sequence'), now(), now(), 'SYSTEM', 'SYSTEM', 'Plumbing NC II', 'WTR', '2019-07-24', '20190878AFFAPP213040', 226, 'CONSTRUCTION', 12);

INSERT INTO registered_program (id, created_date, updated_date, created_by, updated_by, name, course_status, date_issued, program_registration_number, duration, sector, institution_id) VALUES (nextval('hibernate_sequence'), now(), now(), 'SYSTEM', 'SYSTEM', 'Electrical Installation and Maintenance NC II', 'WTR', '2019-07-24', '20190878AFFAPP213040', 226, 'CONSTRUCTION', 10);
INSERT INTO registered_program (id, created_date, updated_date, created_by, updated_by, name, course_status, date_issued, program_registration_number, duration, sector, institution_id) VALUES (nextval('hibernate_sequence'), now(), now(), 'SYSTEM', 'SYSTEM', 'Plumbing NC II', 'WTR', '2019-07-24', '20190878AFFAPP213040', 226, 'CONSTRUCTION', 10);
INSERT INTO registered_program (id, created_date, updated_date, created_by, updated_by, name, course_status, date_issued, program_registration_number, duration, sector, institution_id) VALUES (nextval('hibernate_sequence'), now(), now(), 'SYSTEM', 'SYSTEM', 'PV Systems Installation NC II', 'WTR', '2019-07-24', '20190878AFFAPP213040', 226, 'CONSTRUCTION', 10);


INSERT INTO registered_program (id, created_date, updated_date, created_by, updated_by, name, course_status, date_issued, program_registration_number, duration, sector, institution_id) VALUES (nextval('hibernate_sequence'), now(), now(), 'SYSTEM', 'SYSTEM', 'Masonry NC II', 'WTR', '2019-07-24', '20190878AFFAPP213040', 226, 'CONSTRUCTION', 9);
INSERT INTO registered_program (id, created_date, updated_date, created_by, updated_by, name, course_status, date_issued, program_registration_number, duration, sector, institution_id) VALUES (nextval('hibernate_sequence'), now(), now(), 'SYSTEM', 'SYSTEM', 'Technical Drafting NC II', 'WTR', '2019-07-24', '20190878AFFAPP213040', 226, 'CONSTRUCTION', 9);
INSERT INTO registered_program (id, created_date, updated_date, created_by, updated_by, name, course_status, date_issued, program_registration_number, duration, sector, institution_id) VALUES (nextval('hibernate_sequence'), now(), now(), 'SYSTEM', 'SYSTEM', 'Electrical Installation and Maintenance NC II', 'WTR', '2019-07-24', '20190878AFFAPP213040', 226, 'CONSTRUCTION', 9);
INSERT INTO registered_program (id, created_date, updated_date, created_by, updated_by, name, course_status, date_issued, program_registration_number, duration, sector, institution_id) VALUES (nextval('hibernate_sequence'), now(), now(), 'SYSTEM', 'SYSTEM', 'Carpentry NC II', 'WTR', '2019-07-24', '20190878AFFAPP213040', 226, 'CONSTRUCTION', 9);
INSERT INTO registered_program (id, created_date, updated_date, created_by, updated_by, name, course_status, date_issued, program_registration_number, duration, sector, institution_id) VALUES (nextval('hibernate_sequence'), now(), now(), 'SYSTEM', 'SYSTEM', 'Plumbing NC II', 'WTR', '2019-07-24', '20190878AFFAPP213040', 226, 'CONSTRUCTION', 9);

INSERT INTO registered_program (id, created_date, updated_date, created_by, updated_by, name, course_status, date_issued, program_registration_number, duration, sector, institution_id) VALUES (nextval('hibernate_sequence'), now(), now(), 'SYSTEM', 'SYSTEM', 'Electrical Installation and Maintenance NC II', 'WTR', '2019-07-24', '20190878AFFAPP213040', 226, 'CONSTRUCTION', 8);

/* initial data for registered program, construction LEYTE */

INSERT INTO registered_program (id, created_date, updated_date, created_by, updated_by, name, course_status, date_issued, program_registration_number, duration, sector, institution_id) VALUES (nextval('hibernate_sequence'), now(), now(), 'SYSTEM', 'SYSTEM', 'Pipefitting NC II', 'WTR', '2019-07-24', '20190878AFFAPP213040', 226, 'CONSTRUCTION', 1);
INSERT INTO registered_program (id, created_date, updated_date, created_by, updated_by, name, course_status, date_issued, program_registration_number, duration, sector, institution_id) VALUES (nextval('hibernate_sequence'), now(), now(), 'SYSTEM', 'SYSTEM', 'Electrical Installation and Maintenance NC II', 'WTR', '2019-07-24', '20190878AFFAPP213040', 226, 'CONSTRUCTION', 1);
INSERT INTO registered_program (id, created_date, updated_date, created_by, updated_by, name, course_status, date_issued, program_registration_number, duration, sector, institution_id) VALUES (nextval('hibernate_sequence'), now(), now(), 'SYSTEM', 'SYSTEM', 'Carpentry NC II', 'WTR', '2019-07-24', '20190878AFFAPP213040', 226, 'CONSTRUCTION', 1);
INSERT INTO registered_program (id, created_date, updated_date, created_by, updated_by, name, course_status, date_issued, program_registration_number, duration, sector, institution_id) VALUES (nextval('hibernate_sequence'), now(), now(), 'SYSTEM', 'SYSTEM', 'Masonry NC II', 'WTR', '2019-07-24', '20190878AFFAPP213040', 226, 'CONSTRUCTION', 1);

INSERT INTO registered_program (id, created_date, updated_date, created_by, updated_by, name, course_status, date_issued, program_registration_number, duration, sector, institution_id) VALUES (nextval('hibernate_sequence'), now(), now(), 'SYSTEM', 'SYSTEM', 'Carpentry NC II', 'WTR', '2019-07-24', '20190878AFFAPP213040', 226, 'CONSTRUCTION', 2);

INSERT INTO registered_program (id, created_date, updated_date, created_by, updated_by, name, course_status, date_issued, program_registration_number, duration, sector, institution_id) VALUES (nextval('hibernate_sequence'), now(), now(), 'SYSTEM', 'SYSTEM', 'Electrical Installation and Maintenance NC II', 'WTR', '2019-07-24', '20190878AFFAPP213040', 226, 'CONSTRUCTION', 3);
INSERT INTO registered_program (id, created_date, updated_date, created_by, updated_by, name, course_status, date_issued, program_registration_number, duration, sector, institution_id) VALUES (nextval('hibernate_sequence'), now(), now(), 'SYSTEM', 'SYSTEM', 'Carpentry NC II', 'WTR', '2019-07-24', '20190878AFFAPP213040', 226, 'CONSTRUCTION', 3);
INSERT INTO registered_program (id, created_date, updated_date, created_by, updated_by, name, course_status, date_issued, program_registration_number, duration, sector, institution_id) VALUES (nextval('hibernate_sequence'), now(), now(), 'SYSTEM', 'SYSTEM', 'Masonry NC II', 'WTR', '2019-07-24', '20190878AFFAPP213040', 226, 'CONSTRUCTION', 3);

/* initial data for registered program, construction Northern samar */

INSERT INTO registered_program (id, created_date, updated_date, created_by, updated_by, name, course_status, date_issued, program_registration_number, duration, sector, institution_id) VALUES (nextval('hibernate_sequence'), now(), now(), 'SYSTEM', 'SYSTEM', 'Masonry NC II', 'WTR', '2019-07-24', '20190878AFFAPP213040', 226, 'CONSTRUCTION', 14);
INSERT INTO registered_program (id, created_date, updated_date, created_by, updated_by, name, course_status, date_issued, program_registration_number, duration, sector, institution_id) VALUES (nextval('hibernate_sequence'), now(), now(), 'SYSTEM', 'SYSTEM', 'Carpentry  NC II', 'WTR', '2019-07-24', '20190878AFFAPP213040', 226, 'CONSTRUCTION', 14);
INSERT INTO registered_program (id, created_date, updated_date, created_by, updated_by, name, course_status, date_issued, program_registration_number, duration, sector, institution_id) VALUES (nextval('hibernate_sequence'), now(), now(), 'SYSTEM', 'SYSTEM', 'Tile Setting NC II', 'WTR', '2019-07-24', '20190878AFFAPP213040', 226, 'CONSTRUCTION', 14);
INSERT INTO registered_program (id, created_date, updated_date, created_by, updated_by, name, course_status, date_issued, program_registration_number, duration, sector, institution_id) VALUES (nextval('hibernate_sequence'), now(), now(), 'SYSTEM', 'SYSTEM', 'Scaffolding Works NC II (Supported Type Scaffold)', 'WTR', '2019-07-24', '20190878AFFAPP213040', 226, 'CONSTRUCTION', 14);
INSERT INTO registered_program (id, created_date, updated_date, created_by, updated_by, name, course_status, date_issued, program_registration_number, duration, sector, institution_id) VALUES (nextval('hibernate_sequence'), now(), now(), 'SYSTEM', 'SYSTEM', 'Electrical Installation and Maintenance NC II', 'WTR', '2019-07-24', '20190878AFFAPP213040', 226, 'CONSTRUCTION', 14);

INSERT INTO registered_program (id, created_date, updated_date, created_by, updated_by, name, course_status, date_issued, program_registration_number, duration, sector, institution_id) VALUES (nextval('hibernate_sequence'), now(), now(), 'SYSTEM', 'SYSTEM', 'Heavy Equipment Operation (Backhoe Loader) NC II', 'WTR', '2019-07-24', '20190878AFFAPP213040', 226, 'CONSTRUCTION', 13);
INSERT INTO registered_program (id, created_date, updated_date, created_by, updated_by, name, course_status, date_issued, program_registration_number, duration, sector, institution_id) VALUES (nextval('hibernate_sequence'), now(), now(), 'SYSTEM', 'SYSTEM', 'Technical Drafting NC II', 'WTR', '2019-07-24', '20190878AFFAPP213040', 226, 'CONSTRUCTION', 13);
INSERT INTO registered_program (id, created_date, updated_date, created_by, updated_by, name, course_status, date_issued, program_registration_number, duration, sector, institution_id) VALUES (nextval('hibernate_sequence'), now(), now(), 'SYSTEM', 'SYSTEM', 'Electrical Installation and Maintenance NC II', 'WTR', '2019-07-24', '20190878AFFAPP213040', 226, 'CONSTRUCTION', 13);

/* initial data for registered program, construction samar */

INSERT INTO registered_program (id, created_date, updated_date, created_by, updated_by, name, course_status, date_issued, program_registration_number, duration, sector, institution_id) VALUES (nextval('hibernate_sequence'), now(), now(), 'SYSTEM', 'SYSTEM', 'Install door and window assembly; install ceiling and wall system; and fabricate and install wooden cabinet Leading to Carpentry NC II', 'WTR', '2019-07-24', '20190878AFFAPP213040', 226, 'CONSTRUCTION', 7);
INSERT INTO registered_program (id, created_date, updated_date, created_by, updated_by, name, course_status, date_issued, program_registration_number, duration, sector, institution_id) VALUES (nextval('hibernate_sequence'), now(), now(), 'SYSTEM', 'SYSTEM', 'Electrical Installation and Maintenance NC II', 'WTR', '2019-07-24', '20190878AFFAPP213040', 226, 'CONSTRUCTION', 7);


/* initial data for registered program, construction southern leyte */

INSERT INTO registered_program (id, created_date, updated_date, created_by, updated_by, name, course_status, date_issued, program_registration_number, duration, sector, institution_id) VALUES (nextval('hibernate_sequence'), now(), now(), 'SYSTEM', 'SYSTEM', 'Carpentry NC II', 'WTR', '2019-07-24', '20190878AFFAPP213040', 226, 'CONSTRUCTION', 6);
INSERT INTO registered_program (id, created_date, updated_date, created_by, updated_by, name, course_status, date_issued, program_registration_number, duration, sector, institution_id) VALUES (nextval('hibernate_sequence'), now(), now(), 'SYSTEM', 'SYSTEM', 'Tile Setting NC II', 'WTR', '2019-07-24', '20190878AFFAPP213040', 226, 'CONSTRUCTION', 6);


/* initial data for registered program, LSI */

INSERT INTO registered_program (id, created_date, updated_date, created_by, updated_by, name, course_status, date_issued, program_registration_number, duration, sector, institution_id) VALUES (nextval('hibernate_sequence'), now(), now(), 'SYSTEM', 'SYSTEM', 'English Language Skills Institute', 'WTR', '2019-07-24', '20190878AFFAPP213040', 226, 'LSI', 1);
INSERT INTO registered_program (id, created_date, updated_date, created_by, updated_by, name, course_status, date_issued, program_registration_number, duration, sector, institution_id) VALUES (nextval('hibernate_sequence'), now(), now(), 'SYSTEM', 'SYSTEM', 'Basic English Language (NTR Program)', 'WTR', '2019-07-24', '20190878AFFAPP213040', 226, 'LSI', 14);
INSERT INTO registered_program (id, created_date, updated_date, created_by, updated_by, name, course_status, date_issued, program_registration_number, duration, sector, institution_id) VALUES (nextval('hibernate_sequence'), now(), now(), 'SYSTEM', 'SYSTEM', 'Basic English Language (NTR Program)', 'WTR', '2019-07-24', '20190878AFFAPP213040', 226, 'LSI', 10);
INSERT INTO registered_program (id, created_date, updated_date, created_by, updated_by, name, course_status, date_issued, program_registration_number, duration, sector, institution_id) VALUES (nextval('hibernate_sequence'), now(), now(), 'SYSTEM', 'SYSTEM', 'Basic English Language (NTR Program)', 'WTR', '2019-07-24', '20190878AFFAPP213040', 226, 'LSI', 9);
INSERT INTO registered_program (id, created_date, updated_date, created_by, updated_by, name, course_status, date_issued, program_registration_number, duration, sector, institution_id) VALUES (nextval('hibernate_sequence'), now(), now(), 'SYSTEM', 'SYSTEM', 'Basic English Language (NTR Program)', 'WTR', '2019-07-24', '20190878AFFAPP213040', 226, 'LSI', 11);

/* initial data for registered program, Health leyte */

INSERT INTO registered_program (id, created_date, updated_date, created_by, updated_by, name, course_status, date_issued, program_registration_number, duration, sector, institution_id) VALUES (nextval('hibernate_sequence'), now(), now(), 'SYSTEM', 'SYSTEM', 'Massage Therapy NC II', 'WTR', '2019-07-24', '20190878AFFAPP213040', 226, 'HEALTH', 2);
INSERT INTO registered_program (id, created_date, updated_date, created_by, updated_by, name, course_status, date_issued, program_registration_number, duration, sector, institution_id) VALUES (nextval('hibernate_sequence'), now(), now(), 'SYSTEM', 'SYSTEM', 'Contact Tracing Level II', 'WTR', '2019-07-24', '20190878AFFAPP213040', 226, 'HEALTH', 1);
INSERT INTO registered_program (id, created_date, updated_date, created_by, updated_by, name, course_status, date_issued, program_registration_number, duration, sector, institution_id) VALUES (nextval('hibernate_sequence'), now(), now(), 'SYSTEM', 'SYSTEM', 'Contact Tracing Level II', 'WTR', '2019-07-24', '20190878AFFAPP213040', 226, 'HEALTH', 3);

/* initial data for registered program, Health northern samar */

INSERT INTO registered_program (id, created_date, updated_date, created_by, updated_by, name, course_status, date_issued, program_registration_number, duration, sector, institution_id) VALUES (nextval('hibernate_sequence'), now(), now(), 'SYSTEM', 'SYSTEM', 'Massage Therapy NC II', 'WTR', '2019-07-24', '20190878AFFAPP213040', 226, 'HEALTH', 14);
INSERT INTO registered_program (id, created_date, updated_date, created_by, updated_by, name, course_status, date_issued, program_registration_number, duration, sector, institution_id) VALUES (nextval('hibernate_sequence'), now(), now(), 'SYSTEM', 'SYSTEM', 'Contact Tracing Level II', 'WTR', '2019-07-24', '20190878AFFAPP213040', 226, 'HEALTH', 14);
INSERT INTO registered_program (id, created_date, updated_date, created_by, updated_by, name, course_status, date_issued, program_registration_number, duration, sector, institution_id) VALUES (nextval('hibernate_sequence'), now(), now(), 'SYSTEM', 'SYSTEM', 'Contact Tracing Level II', 'WTR', '2019-07-24', '20190878AFFAPP213040', 226, 'HEALTH', 13);
INSERT INTO registered_program (id, created_date, updated_date, created_by, updated_by, name, course_status, date_issued, program_registration_number, duration, sector, institution_id) VALUES (nextval('hibernate_sequence'), now(), now(), 'SYSTEM', 'SYSTEM', 'Contact Tracing Level II', 'WTR', '2019-07-24', '20190878AFFAPP213040', 226, 'HEALTH', 15);
INSERT INTO registered_program (id, created_date, updated_date, created_by, updated_by, name, course_status, date_issued, program_registration_number, duration, sector, institution_id) VALUES (nextval('hibernate_sequence'), now(), now(), 'SYSTEM', 'SYSTEM', 'Massage Therapy NC II', 'WTR', '2019-07-24', '20190878AFFAPP213040', 226, 'HEALTH', 15);

/* initial data for registered program, Health eastern samar */

INSERT INTO registered_program (id, created_date, updated_date, created_by, updated_by, name, course_status, date_issued, program_registration_number, duration, sector, institution_id) VALUES (nextval('hibernate_sequence'), now(), now(), 'SYSTEM', 'SYSTEM', 'Massage Therapy NC II', 'WTR', '2019-07-24', '20190878AFFAPP213040', 226, 'HEALTH', 9);
INSERT INTO registered_program (id, created_date, updated_date, created_by, updated_by, name, course_status, date_issued, program_registration_number, duration, sector, institution_id) VALUES (nextval('hibernate_sequence'), now(), now(), 'SYSTEM', 'SYSTEM', 'Contact Tracing Level II', 'WTR', '2019-07-24', '20190878AFFAPP213040', 226, 'HEALTH', 9);
INSERT INTO registered_program (id, created_date, updated_date, created_by, updated_by, name, course_status, date_issued, program_registration_number, duration, sector, institution_id) VALUES (nextval('hibernate_sequence'), now(), now(), 'SYSTEM', 'SYSTEM', 'Barangay Health Services NC II', 'WTR', '2019-07-24', '20190878AFFAPP213040', 226, 'HEALTH', 9);
INSERT INTO registered_program (id, created_date, updated_date, created_by, updated_by, name, course_status, date_issued, program_registration_number, duration, sector, institution_id) VALUES (nextval('hibernate_sequence'), now(), now(), 'SYSTEM', 'SYSTEM', 'Massage Therapy NC II', 'WTR', '2019-07-24', '20190878AFFAPP213040', 226, 'HEALTH', 12);
INSERT INTO registered_program (id, created_date, updated_date, created_by, updated_by, name, course_status, date_issued, program_registration_number, duration, sector, institution_id) VALUES (nextval('hibernate_sequence'), now(), now(), 'SYSTEM', 'SYSTEM', 'Contact Tracing Level II', 'WTR', '2019-07-24', '20190878AFFAPP213040', 226, 'HEALTH', 12);
INSERT INTO registered_program (id, created_date, updated_date, created_by, updated_by, name, course_status, date_issued, program_registration_number, duration, sector, institution_id) VALUES (nextval('hibernate_sequence'), now(), now(), 'SYSTEM', 'SYSTEM', 'Barangay Health Services NC II', 'WTR', '2019-07-24', '20190878AFFAPP213040', 226, 'HEALTH', 12);
INSERT INTO registered_program (id, created_date, updated_date, created_by, updated_by, name, course_status, date_issued, program_registration_number, duration, sector, institution_id) VALUES (nextval('hibernate_sequence'), now(), now(), 'SYSTEM', 'SYSTEM', 'Caregiving NC II', 'WTR', '2019-07-24', '20190878AFFAPP213040', 226, 'HEALTH', 11);
INSERT INTO registered_program (id, created_date, updated_date, created_by, updated_by, name, course_status, date_issued, program_registration_number, duration, sector, institution_id) VALUES (nextval('hibernate_sequence'), now(), now(), 'SYSTEM', 'SYSTEM', 'Contact Tracing Level II', 'WTR', '2019-07-24', '20190878AFFAPP213040', 226, 'HEALTH', 8);
INSERT INTO registered_program (id, created_date, updated_date, created_by, updated_by, name, course_status, date_issued, program_registration_number, duration, sector, institution_id) VALUES (nextval('hibernate_sequence'), now(), now(), 'SYSTEM', 'SYSTEM', 'Contact Tracing Level II', 'WTR', '2019-07-24', '20190878AFFAPP213040', 226, 'HEALTH', 10);
INSERT INTO registered_program (id, created_date, updated_date, created_by, updated_by, name, course_status, date_issued, program_registration_number, duration, sector, institution_id) VALUES (nextval('hibernate_sequence'), now(), now(), 'SYSTEM', 'SYSTEM', 'Barangay Health Services NC II', 'WTR', '2019-07-24', '20190878AFFAPP213040', 226, 'HEALTH', 10);

/* initial data for registered program, Health biliran */

INSERT INTO registered_program (id, created_date, updated_date, created_by, updated_by, name, course_status, date_issued, program_registration_number, duration, sector, institution_id) VALUES (nextval('hibernate_sequence'), now(), now(), 'SYSTEM', 'SYSTEM', 'Massage Therapy NC II', 'WTR', '2019-07-24', '20190878AFFAPP213040', 226, 'HEALTH', 4);
INSERT INTO registered_program (id, created_date, updated_date, created_by, updated_by, name, course_status, date_issued, program_registration_number, duration, sector, institution_id) VALUES (nextval('hibernate_sequence'), now(), now(), 'SYSTEM', 'SYSTEM', 'Contact Tracing Level II', 'WTR', '2019-07-24', '20190878AFFAPP213040', 226, 'HEALTH', 4);
INSERT INTO registered_program (id, created_date, updated_date, created_by, updated_by, name, course_status, date_issued, program_registration_number, duration, sector, institution_id) VALUES (nextval('hibernate_sequence'), now(), now(), 'SYSTEM', 'SYSTEM', 'Barangay Health Services NC II', 'WTR', '2019-07-24', '20190878AFFAPP213040', 226, 'HEALTH', 4);

/* initial data for registered program, Health samar */

INSERT INTO registered_program (id, created_date, updated_date, created_by, updated_by, name, course_status, date_issued, program_registration_number, duration, sector, institution_id) VALUES (nextval('hibernate_sequence'), now(), now(), 'SYSTEM', 'SYSTEM', 'Contact Tracing Level II', 'WTR', '2019-07-24', '20190878AFFAPP213040', 226, 'HEALTH', 7);

/* initial data for registered program, Health southern leyte */

INSERT INTO registered_program (id, created_date, updated_date, created_by, updated_by, name, course_status, date_issued, program_registration_number, duration, sector, institution_id) VALUES (nextval('hibernate_sequence'), now(), now(), 'SYSTEM', 'SYSTEM', 'Barangay Health Services NC II', 'WTR', '2019-07-24', '20190878AFFAPP213040', 226, 'HEALTH', 6);
INSERT INTO registered_program (id, created_date, updated_date, created_by, updated_by, name, course_status, date_issued, program_registration_number, duration, sector, institution_id) VALUES (nextval('hibernate_sequence'), now(), now(), 'SYSTEM', 'SYSTEM', 'Contact Tracing Level II', 'WTR', '2019-07-24', '20190878AFFAPP213040', 226, 'HEALTH', 6);

